order_id,customer_id,order_date,status,total_amount
1,461,2026-08-22 05:27:49.683739,INVALID_STATUS,9405.27
2,145,2026-08-09 01:39:50.650378,PENDING,791.67
3,52,2025-12-29 14:36:18.760215,SHIPPED,9179.74
4,969,2026-07-04 20:59:20.304129,COMPLETED,9076.76
5,101013,2026-07-07 09:45:32.066390,CANCELLED,10453.05
6,429,2025-02-27 10:48:31.941206,PAID,3103.33
7,986,2026-07-05 09:40:31.734704,PAID,167.76
8,834,2025-10-12 21:00:53.235123,INVALID_STATUS,8892.0
9,957,2026-06-11 14:15:16.360469,CANCELLED,5583.37
10,739,2025-09-17 04:31:10.060517,SHIPPED,1381.08
11,195,2026-01-24 19:17:29.425442,PAID,8899.76
12,511,2026-09-16 04:12:49.950031,CANCELLED,4115.42
13,479,2025-06-27 03:54:50.217573,COMPLETED,6585.12
14,901,2026-03-17 15:18:16.690975,SHIPPED,1335.93
15,510,2025-03-03 14:08:42.333669,PENDING,1760.4
16,93,2025-04-13 15:27:01.426076,COMPLETED,4401.4
17,518,2026-03-22 12:30:24.934501,COMPLETED,9868.74
18,990,2025-03-12 18:00:13.661986,PAID,6199.01
19,221,2025-12-17 14:45:05.942937,CANCELLED,10648.47
20,362,2025-02-06 08:59:02.243203,PENDING,8983.59
21,52,2026-07-13 08:48:28.732688,SHIPPED,499.25
22,507,2025-09-27 09:27:59.516115,CANCELLED,2768.67
23,904,2025-01-14 08:35:01.775031,COMPLETED,7537.9
24,293,2026-03-16 01:32:54.024333,CANCELLED,6172.13
25,9,2025-04-18 05:49:01.569984,PENDING,8099.82
26,442,2025-01-02 08:37:44.698808,PAID,2473.62
27,904,2025-01-04 10:25:08.602615,SHIPPED,1848.69
28,745,2026-08-21 07:48:06.278880,SHIPPED,559.02
29,783,2026-04-23 05:18:38.933211,COMPLETED,4539.63
30,375,2025-12-11 00:51:49.809430,PENDING,9565.81
31,411,2025-05-04 09:12:54.267732,PENDING,10592.13
32,584,2025-09-10 16:00:22.565937,CANCELLED,7189.46
33,200,2026-07-11 22:53:19.317120,SHIPPED,738.84
34,567,2025-01-03 10:56:00.689848,SHIPPED,4989.21
35,76,2026-02-08 02:14:55.483339,COMPLETED,10772.43
36,517,2025-07-28 09:28:22.055082,COMPLETED,949.43
37,783,2025-04-25 11:53:53.211795,CANCELLED,7990.01
38,287,2025-06-05 20:17:22.824062,CANCELLED,15199.04
39,697,2025-12-04 19:05:38.356368,CANCELLED,2013.0
40,122,2025-05-30 21:27:07.177845,PAID,4637.67
41,999,2026-03-29 20:13:05.985873,PENDING,7834.55
42,404,2026-08-20 17:34:56.715403,SHIPPED,18074.33
43,814,2025-12-19 21:50:38.101021,SHIPPED,513.66
44,572,2025-04-14 06:04:33.725710,SHIPPED,5721.12
45,774,2025-09-24 15:20:30.671407,PAID,10433.89
46,204,2026-06-01 23:34:10.413376,CANCELLED,2683.76
47,522,2025-04-20 01:04:01.968987,COMPLETED,5370.31
48,513,2026-05-12 14:08:50.810571,PENDING,11768.38
49,47,2026-05-05 12:59:42.474305,PENDING,9121.35
50,141,2025-02-09 20:12:00.607886,SHIPPED,11192.94
51,824,2025-10-15 19:16:18.317065,COMPLETED,8775.42
52,532,2025-12-07 16:19:49.544898,COMPLETED,452.46
53,153,2025-10-03 17:46:41.491769,CANCELLED,2027.14
54,915,2026-06-09 20:11:11.079134,CANCELLED,2876.49
55,144,2026-04-28 12:15:32.690503,SHIPPED,4539.75
56,954,2026-08-19 14:42:26.053893,CANCELLED,8201.43
57,327,2026-07-02 06:33:01.620900,PAID,4704.8
58,403,2025-04-24 02:58:36.971920,CANCELLED,17201.94
59,758,2025-12-21 14:33:46.035653,SHIPPED,8942.21
60,608,2026-07-22 12:33:57.286198,SHIPPED,7970.44
61,520,2026-07-17 17:24:01.405641,CANCELLED,3960.42
62,546,2025-11-17 00:31:28.806528,COMPLETED,5462.57
63,726,2026-07-24 16:57:18.120658,CANCELLED,1420.59
64,307,2026-03-06 11:39:17.179635,INVALID_STATUS,9824.39
65,836,2026-07-18 04:52:53.863279,PENDING,2838.63
66,378,2025-05-11 01:17:58.832217,SHIPPED,5138.67
67,690,2026-06-04 16:30:08.389458,PENDING,14362.42
68,427,2025-09-17 23:46:42.482882,CANCELLED,12704.25
69,316,2026-04-22 13:48:58.880419,PENDING,4872.51
70,612,2025-11-19 14:38:17.099489,COMPLETED,4032.03
71,272,2026-02-10 03:06:57.557348,CANCELLED,3375.98
72,592,2026-07-18 12:40:24.527679,PAID,5619.08
73,739,2026-09-07 16:43:49.250626,PENDING,3814.08
74,598,2026-08-06 12:38:10.436742,COMPLETED,3012.15
75,175,2026-04-24 12:39:04.614423,CANCELLED,11318.24
76,645,2026-05-05 23:03:33.096650,CANCELLED,1271.4
77,794,2025-04-23 22:43:52.593963,COMPLETED,5155.43
78,152,2025-10-18 05:03:29.578049,PAID,8587.51
79,33,2025-06-08 02:48:21.719451,CANCELLED,6880.58
80,971,2025-12-19 06:31:13.561449,PENDING,14583.48
81,196,2026-09-08 18:06:17.617076,PENDING,4442.8
82,452,2025-03-11 07:48:15.814470,SHIPPED,4028.11
83,429,2026-09-13 20:50:04.114088,PAID,11249.62
84,423,2025-05-02 03:19:07.591232,PAID,4730.87
85,421,2026-02-28 12:28:23.705731,CANCELLED,3682.38
86,794,2026-05-20 17:21:10.522116,CANCELLED,4364.97
87,943,2025-05-09 07:37:38.263936,COMPLETED,8674.13
88,894,2025-05-24 22:31:20.714351,PENDING,7338.97
89,723,2026-01-24 09:32:39.870731,PAID,4032.45
90,532,2025-03-05 06:10:29.525222,PAID,7636.04
91,575,2025-12-11 21:07:11.830774,SHIPPED,7562.64
92,679,2025-11-21 04:03:17.775215,COMPLETED,1242.67
93,539,2026-09-12 09:08:29.747250,COMPLETED,12472.24
94,322,2025-08-11 20:54:16.021976,PAID,2552.77
95,471,2025-04-30 04:49:01.121261,CANCELLED,4766.0
96,351,2026-04-16 07:35:41.447904,CANCELLED,6496.18
97,363,2026-04-10 16:04:49.278742,SHIPPED,6921.42
98,625,2025-02-10 09:15:36.486469,COMPLETED,248.85
99,197,2025-11-01 05:50:39.964790,PAID,1031.14
100,286,2026-03-28 20:40:45.028596,CANCELLED,10451.87
101,306,2026-05-03 14:15:17.567234,PAID,4109.78
102,965,2026-08-24 08:12:07.695838,SHIPPED,3788.81
103,790,2025-01-13 14:56:44.157372,SHIPPED,2426.05
104,722,2026-08-31 19:14:45.861600,PAID,3171.84
105,707,2025-11-04 16:38:53.373274,COMPLETED,1989.28
106,325,2025-09-04 00:57:42.178182,COMPLETED,11639.04
107,358,2026-02-20 02:38:23.207980,CANCELLED,6913.17
108,957,2025-09-27 13:11:47.489504,SHIPPED,1996.31
109,295,2026-02-06 09:32:22.860996,PENDING,12763.73
110,588,2025-08-25 05:01:26.737500,CANCELLED,5353.1
111,389,2026-01-07 07:36:07.073335,COMPLETED,8726.99
112,839,2025-01-05 00:03:59.921454,SHIPPED,7324.62
113,978,2026-07-28 11:15:06.451531,PAID,3153.88
114,298,2025-12-10 09:19:14.085520,PENDING,9246.17
115,295,2025-03-06 02:06:29.130798,PENDING,2261.82
116,101007,2026-02-22 08:56:41.578438,COMPLETED,6742.15
117,672,2025-06-19 23:07:57.775980,SHIPPED,466.52
118,766,2026-05-07 11:12:33.064656,COMPLETED,10106.34
119,220,2026-02-01 07:21:13.226147,PAID,3749.44
120,848,2025-10-26 00:03:53.897471,CANCELLED,2662.95
121,278,2025-10-11 15:38:01.516339,CANCELLED,1987.39
122,713,2025-09-19 10:06:57.064515,SHIPPED,5499.04
123,141,2025-10-21 21:23:08.516838,PENDING,4868.55
124,631,2025-11-18 00:30:29.037774,CANCELLED,10791.56
125,246,2025-03-12 14:33:49.261576,PAID,10936.41
126,52,2026-09-11 19:40:30.478722,CANCELLED,1938.06
127,232,2025-09-25 07:42:59.544197,PAID,1421.82
128,54,2026-06-29 08:38:21.596394,PENDING,1319.17
129,424,2026-02-15 09:28:01.242656,SHIPPED,3223.29
130,735,2025-12-12 04:03:51.476779,COMPLETED,335.52
131,103,2025-07-10 16:53:17.380641,PAID,9124.46
132,6,2026-02-26 13:16:06.784896,CANCELLED,7794.16
133,952,2025-04-24 16:31:23.015804,PAID,6302.31
134,417,2026-03-08 00:07:40.066618,COMPLETED,4459.64
135,489,2026-09-25 01:13:37.652919,PAID,8431.96
136,775,2026-06-09 09:03:54.528242,SHIPPED,13592.91
137,329,2025-04-07 03:08:24.397058,SHIPPED,10143.13
138,101046,2025-09-07 07:45:53.211450,PENDING,8266.78
139,930,2025-08-24 04:36:26.239388,PENDING,2630.38
140,668,2026-09-01 05:33:28.168873,CANCELLED,5252.1
141,238,2025-09-12 17:22:25.672807,CANCELLED,3207.02
142,757,2025-09-03 07:02:18.632389,PENDING,4667.11
143,936,2025-04-19 23:31:05.466643,PAID,6471.7
144,428,2026-07-09 23:33:57.431152,PAID,1110.86
145,957,2026-01-02 16:30:46.729131,INVALID_STATUS,4885.64
146,857,2025-03-02 02:24:09.040210,COMPLETED,14201.08
147,807,2025-07-26 12:04:39.510188,COMPLETED,1807.58
148,191,2025-05-11 05:47:30.998412,SHIPPED,3954.73
149,898,2026-01-29 11:33:48.963412,PENDING,4780.05
150,10,2026-01-14 10:43:13.182930,SHIPPED,8346.12
151,582,2026-07-23 12:39:46.845647,CANCELLED,4992.69
152,110,2025-04-14 16:19:01.601226,SHIPPED,10830.09
153,292,2025-07-28 02:00:47.794349,COMPLETED,10562.77
154,657,2026-01-20 07:05:27.186626,CANCELLED,5501.75
155,537,2026-03-05 04:50:23.309803,COMPLETED,11849.72
156,911,2026-02-05 20:08:25.307190,PAID,8928.13
157,872,2025-01-06 18:18:18.306289,CANCELLED,11063.39
158,480,2025-10-11 11:41:53.103432,SHIPPED,5938.78
159,198,2025-07-10 00:51:20.309116,PENDING,5983.76
160,339,2025-03-29 02:08:39.976224,PAID,10791.67
161,749,2026-07-04 17:38:00.351746,COMPLETED,5207.53
162,664,2025-01-15 08:08:03.655893,SHIPPED,6745.46
163,736,2025-06-21 01:24:31.141615,PAID,5583.44
164,15,2025-10-31 03:56:55.542805,SHIPPED,10501.32
165,810,2026-05-03 23:06:37.272404,SHIPPED,7340.89
166,582,2025-09-20 20:37:54.428212,PAID,11246.17
167,180,2026-01-12 14:08:52.516748,CANCELLED,5865.74
168,877,2026-09-29 02:18:25.391301,COMPLETED,12023.93
169,847,2025-02-10 03:34:15.392903,COMPLETED,1854.44
170,528,2025-10-07 08:42:27.548994,SHIPPED,5155.24
171,89,2026-01-30 18:05:02.215139,COMPLETED,3506.74
172,686,2025-11-06 01:36:38.739194,PENDING,2711.37
173,190,2025-12-25 20:01:04.697320,PAID,12482.63
174,489,2025-12-19 23:17:58.669121,SHIPPED,9703.25
175,959,2026-01-15 19:03:54.347658,PAID,1866.09
176,7,2025-07-15 20:41:05.579869,SHIPPED,2608.16
177,393,2026-03-10 15:48:22.649953,PAID,2102.93
178,458,2025-06-12 15:11:00.462473,SHIPPED,1513.12
179,977,2025-08-13 12:57:22.793414,SHIPPED,6147.81
180,310,2026-01-30 03:51:35.113005,CANCELLED,5586.13
181,741,2025-12-31 06:49:26.272118,CANCELLED,10534.18
182,12,2025-09-16 18:58:38.997262,SHIPPED,7568.19
183,670,2025-02-18 00:30:11.375829,SHIPPED,11861.64
184,710,2025-11-21 18:42:37.699250,PAID,8899.65
185,64,2026-05-28 03:21:59.762753,PENDING,15779.84
186,477,2026-05-27 15:57:30.556924,SHIPPED,9099.45
187,164,2026-06-25 08:57:21.792271,COMPLETED,8255.18
188,703,2025-03-13 19:16:56.400268,CANCELLED,8000.85
189,946,2025-10-22 18:48:26.991907,SHIPPED,4264.17
190,707,2025-07-04 08:47:21.049357,PENDING,4786.8
191,655,2025-10-20 10:02:01.917202,SHIPPED,9711.56
192,377,2026-08-26 02:18:00.837891,CANCELLED,6016.23
193,227,2025-08-08 01:34:09.853301,PAID,5394.79
194,981,2025-09-12 08:24:15.711459,PAID,10372.14
195,490,2026-01-07 00:18:37.344490,PAID,4296.18
196,466,2026-05-31 18:38:17.720270,CANCELLED,234.12
197,383,2025-03-10 03:35:41.241085,COMPLETED,3979.41
198,719,2025-08-31 23:07:32.391831,CANCELLED,5113.29
199,935,2026-05-11 08:19:28.540259,COMPLETED,6495.09
200,776,2025-12-07 12:04:42.897414,CANCELLED,7859.88
201,822,2025-06-19 05:03:55.669847,PAID,10292.96
202,781,2025-07-21 15:09:36.058868,PAID,7996.31
203,697,2026-05-21 12:14:13.851378,CANCELLED,3142.3
204,895,2025-04-17 07:58:44.155874,PENDING,8687.22
205,539,2026-02-13 07:49:44.618268,COMPLETED,5754.15
206,541,2026-05-30 08:35:18.955651,SHIPPED,8188.93
207,80,2026-07-13 18:50:08.664960,CANCELLED,3052.62
208,115,2025-07-28 09:55:31.365122,PENDING,6266.76
209,849,2025-04-20 00:50:29.382212,CANCELLED,9497.9
210,925,2026-06-18 04:09:02.246731,CANCELLED,379.28
211,208,2026-09-22 10:35:31.657526,CANCELLED,6229.32
212,101045,2025-04-15 15:34:19.912206,PAID,9966.48
213,169,2025-03-31 00:39:06.031601,SHIPPED,5187.38
214,875,2025-10-20 15:19:20.532791,CANCELLED,2160.45
215,453,2025-09-11 02:23:13.463805,PENDING,7125.27
216,697,2025-07-04 22:36:42.146431,PAID,13153.95
217,735,2026-01-19 23:12:37.531768,CANCELLED,95.7
218,501,2025-02-09 01:11:40.871644,PENDING,9454.1
219,921,2026-06-20 20:02:52.213679,CANCELLED,3480.3
220,457,2025-04-25 07:00:52.383725,PENDING,3543.72
221,465,2025-12-08 02:25:38.590502,PAID,8208.23
222,526,2025-06-11 04:46:14.825542,COMPLETED,5227.26
223,468,2025-11-28 19:31:04.472531,CANCELLED,5691.73
224,101010,2026-05-07 08:52:49.508851,CANCELLED,17073.31
225,474,2025-01-01 08:20:29.368985,SHIPPED,4917.04
226,741,2026-07-14 16:36:08.770017,PENDING,6502.44
227,406,2026-01-01 15:50:01.972814,SHIPPED,8507.1
228,837,2025-05-02 04:34:26.406574,PENDING,4693.52
229,764,2026-03-01 17:35:14.017970,PAID,2660.84
230,593,2025-01-27 06:04:24.984095,PENDING,10976.82
231,47,2025-11-04 19:32:38.500958,COMPLETED,8216.99
232,353,2026-03-02 09:23:15.539947,PENDING,9751.25
233,555,2025-12-12 01:36:14.265734,PENDING,9864.06
234,958,2025-06-01 04:20:59.098539,PENDING,3891.83
235,957,2026-01-15 14:42:26.139138,COMPLETED,5606.76
236,33,2025-10-30 05:42:18.157503,SHIPPED,3149.32
237,419,2026-06-16 17:08:11.469038,PAID,435.82
238,788,2026-04-20 08:40:06.518296,PAID,9753.08
239,785,2025-03-09 14:51:44.491942,COMPLETED,5000.19
240,384,2025-08-10 18:57:22.555235,COMPLETED,4561.56
241,460,2026-09-20 22:48:19.155211,COMPLETED,5495.99
242,385,2025-05-31 22:14:36.551889,PENDING,6614.22
243,700,2025-04-06 07:15:56.058452,CANCELLED,7821.13
244,101031,2026-09-05 13:31:52.049755,SHIPPED,4123.56
245,122,2026-05-18 22:29:32.321158,PAID,13073.83
246,551,2026-08-07 21:31:13.928194,COMPLETED,14732.96
247,542,2025-01-31 03:23:21.714966,PAID,10817.19
248,746,2025-05-16 19:13:17.214725,PAID,12675.66
249,855,2026-03-10 14:54:31.200692,PENDING,1471.7
250,775,2026-04-05 11:45:40.842358,PENDING,9752.79
251,306,2026-04-30 17:37:59.944454,COMPLETED,678.48
252,690,2025-09-15 07:17:04.497604,CANCELLED,7575.83
253,435,2026-01-13 19:21:58.866374,CANCELLED,3833.87
254,389,2026-07-09 16:50:46.563324,PAID,6636.01
255,254,2026-01-16 12:41:33.592467,COMPLETED,7724.79
256,355,2026-02-16 12:59:42.275775,PAID,2529.13
257,101025,2025-01-12 00:42:16.544887,PAID,8848.01
258,960,2026-09-10 17:42:18.912729,PENDING,7002.52
259,33,2025-08-17 01:03:57.702403,COMPLETED,3015.43
260,630,2025-07-06 19:06:22.291138,PENDING,2303.49
261,247,2025-12-22 23:27:18.714195,PAID,4517.8
262,69,2026-05-05 12:11:42.217351,PENDING,5170.98
263,609,2025-05-03 05:30:07.177150,PENDING,5889.0
264,458,2025-10-07 14:51:56.060684,CANCELLED,344.66
265,689,2025-12-12 09:20:22.636860,PENDING,572.97
266,251,2026-06-23 21:35:53.833847,PENDING,9203.89
267,412,2026-09-24 22:57:21.677802,COMPLETED,6599.98
268,240,2025-10-03 14:40:47.822367,CANCELLED,3949.2
269,223,2025-12-30 07:54:42.452013,PENDING,6158.08
270,144,2025-11-17 16:37:55.579880,CANCELLED,2359.6
271,297,2025-11-03 03:29:58.177248,PAID,3609.23
272,836,2026-04-06 00:09:24.416187,CANCELLED,6368.05
273,327,2025-01-13 10:40:15.335879,CANCELLED,5347.72
274,613,2025-03-17 11:38:30.050151,INVALID_STATUS,11847.12
275,243,2025-10-29 04:51:28.101066,SHIPPED,4691.97
276,898,2025-09-22 09:59:16.225673,PAID,6608.68
277,677,2026-02-15 01:37:13.535995,CANCELLED,13692.57
278,227,2025-01-23 06:41:12.971772,COMPLETED,7506.96
279,308,2025-03-14 02:14:03.307066,SHIPPED,13647.32
280,63,2026-04-24 13:50:27.547190,CANCELLED,5139.77
281,972,2025-09-30 21:21:09.560487,CANCELLED,1863.84
282,901,2026-07-21 21:33:47.990063,PAID,8690.12
283,642,2025-03-20 09:27:56.637937,COMPLETED,3991.26
284,570,2025-05-28 07:56:30.849801,COMPLETED,4109.34
285,49,2026-08-10 06:43:02.107650,SHIPPED,1105.92
286,965,2025-07-13 07:46:56.861854,COMPLETED,6731.05
287,805,2026-09-11 04:14:23.881685,CANCELLED,1283.77
288,327,2025-03-25 21:56:12.899976,COMPLETED,2430.86
289,419,2026-01-15 19:19:32.172891,PAID,3786.18
290,308,2025-01-28 14:29:12.639261,COMPLETED,18547.86
291,189,2025-11-05 18:12:40.440359,CANCELLED,10414.26
292,101019,2026-03-01 10:32:24.077624,PAID,12051.03
293,870,2026-09-02 02:14:45.957154,PAID,4776.38
294,308,2025-12-23 09:40:57.807935,PAID,1655.7
295,826,2026-08-16 18:46:17.646574,COMPLETED,13038.53
296,937,2026-06-07 04:52:30.514184,PENDING,8070.12
297,576,2025-08-27 18:08:13.033682,INVALID_STATUS,4918.26
298,992,2025-07-11 23:07:40.187922,COMPLETED,4145.53
299,571,2025-01-25 15:20:22.960532,CANCELLED,9611.65
300,138,2025-04-01 10:40:51.152604,COMPLETED,3250.8
301,249,2026-05-12 10:33:16.049577,SHIPPED,5793.88
302,209,2025-03-16 12:53:16.702491,SHIPPED,7409.99
303,663,2026-08-04 16:23:17.435357,PENDING,187.44
304,945,2026-01-25 23:56:50.656501,COMPLETED,9735.13
305,868,2025-10-06 06:54:36.115638,SHIPPED,14333.38
306,95,2025-11-01 18:20:24.662750,CANCELLED,9160.94
307,742,2025-07-21 05:48:31.371522,PAID,9701.84
308,53,2025-09-29 10:47:59.418364,SHIPPED,7614.27
309,387,2025-04-24 17:31:25.448877,CANCELLED,7016.31
310,618,2026-08-23 01:03:36.558697,PENDING,1139.13
311,895,2025-04-26 08:24:36.573449,PENDING,8565.93
312,193,2026-01-24 12:49:50.020426,CANCELLED,1510.12
313,742,2025-07-31 16:17:42.966629,CANCELLED,4968.59
314,223,2025-05-18 11:02:40.983953,COMPLETED,5936.25
315,214,2026-02-10 06:13:01.830314,SHIPPED,5385.56
316,311,2026-02-26 00:29:18.873030,PENDING,11493.47
317,217,2025-10-08 10:48:01.264554,PAID,3680.57
318,986,2025-01-19 18:09:57.871470,PENDING,1038.61
319,765,2025-11-15 07:13:01.661406,COMPLETED,3511.44
320,937,2025-11-03 11:53:22.681174,PAID,6705.85
321,713,2025-09-06 01:16:09.827351,CANCELLED,7430.31
322,721,2025-12-12 06:36:25.810303,PAID,7940.94
323,407,2026-03-13 20:39:05.665466,PAID,3620.37
324,566,2025-07-27 18:49:00.498599,SHIPPED,9329.27
325,795,2026-01-17 01:40:10.645118,SHIPPED,3164.17
326,390,2026-01-19 07:10:41.281105,COMPLETED,4910.32
327,547,2025-07-28 03:39:22.261125,SHIPPED,2654.44
328,316,2025-03-03 11:54:24.894090,SHIPPED,10529.23
329,369,2026-06-10 18:27:29.282863,CANCELLED,5341.84
330,904,2025-05-28 20:42:47.162590,COMPLETED,11660.98
331,478,2025-05-24 16:37:56.936717,PENDING,11652.6
332,823,2025-01-04 21:30:17.596608,COMPLETED,6181.67
333,780,2026-06-14 19:38:48.285019,SHIPPED,3417.18
334,937,2026-09-11 12:12:19.719035,PAID,8622.12
335,380,2025-07-03 09:44:18.527340,SHIPPED,8398.54
336,424,2026-04-10 21:09:08.785006,PENDING,6615.9
337,577,2025-05-20 04:29:12.289835,PAID,3406.94
338,760,2025-04-17 01:13:26.633957,PAID,1247.82
339,17,2026-06-13 20:06:31.370685,SHIPPED,6012.49
340,567,2026-07-28 20:41:49.795464,CANCELLED,4678.09
341,594,2025-02-05 22:55:56.212598,COMPLETED,5546.8
342,303,2026-04-18 18:32:01.575061,PAID,319.38
343,201,2025-09-09 14:50:43.100982,INVALID_STATUS,3326.7
344,236,2026-02-25 01:36:18.188848,COMPLETED,9708.64
345,584,2026-08-27 20:52:56.387132,PAID,8664.04
346,512,2026-08-17 16:05:45.032311,CANCELLED,6044.03
347,101021,2025-02-13 09:03:16.634389,SHIPPED,10592.22
348,264,2026-04-03 12:42:43.868507,COMPLETED,11167.95
349,990,2025-10-29 07:52:45.927878,COMPLETED,7534.8
350,472,2026-08-12 23:03:14.429818,PAID,6148.76
351,751,2026-02-13 09:05:47.340930,SHIPPED,7574.08
352,174,2026-02-09 01:12:06.617805,PAID,6522.41
353,738,2025-10-23 14:16:14.131701,CANCELLED,1679.31
354,501,2025-04-11 04:47:40.475620,PAID,2418.06
355,939,2026-05-08 19:00:09.031131,CANCELLED,3467.12
356,658,2025-12-09 00:19:47.953767,PENDING,5888.39
357,537,2025-12-15 01:53:14.582628,PENDING,6028.08
358,860,2025-06-07 04:34:56.643706,PENDING,2458.62
359,968,2025-08-10 01:41:07.173868,PENDING,2772.49
360,783,2025-07-24 18:55:21.292620,PENDING,3791.2
361,423,2026-03-07 17:14:05.296418,PAID,1315.19
362,863,2025-12-20 13:03:02.187121,PAID,6303.63
363,70,2025-04-20 01:52:48.830036,PAID,717.16
364,10,2026-01-08 21:11:21.378441,PAID,7950.87
365,518,2025-07-14 18:21:10.915598,COMPLETED,8188.78
366,383,2026-03-11 15:34:23.889673,PENDING,8055.53
367,633,2025-08-09 22:10:04.716221,CANCELLED,14316.92
368,935,2026-03-31 18:26:03.309118,COMPLETED,6503.32
369,676,2025-07-19 10:57:25.597476,COMPLETED,4453.63
370,17,2025-09-17 01:54:01.019447,PENDING,2630.38
371,545,2026-09-16 15:27:17.803068,CANCELLED,18542.84
372,422,2025-07-29 01:36:57.183587,PENDING,7972.78
373,18,2025-08-23 22:32:34.223802,CANCELLED,6634.05
374,740,2025-02-23 14:43:09.678527,SHIPPED,2114.56
375,549,2025-02-12 11:10:06.384967,SHIPPED,2527.57
376,18,2025-08-03 08:39:07.242239,CANCELLED,5238.26
377,101017,2025-02-03 07:40:33.221630,COMPLETED,10651.1
378,826,2026-06-28 08:54:58.249062,PAID,1006.5
379,110,2025-01-31 02:10:09.018367,PENDING,8757.79
380,537,2025-07-16 19:57:49.258197,PAID,6390.22
381,247,2025-03-01 04:07:44.051865,PAID,6703.49
382,635,2025-10-13 23:24:09.875413,CANCELLED,949.43
383,259,2025-07-16 00:42:31.202917,SHIPPED,634.05
384,274,2025-10-28 21:22:59.075325,COMPLETED,8935.44
385,81,2026-05-03 20:52:06.506586,SHIPPED,1994.01
386,983,2026-02-12 10:40:50.600733,COMPLETED,3602.8
387,471,2025-08-16 12:35:46.314024,CANCELLED,477.29
388,250,2025-04-01 01:13:43.237224,PAID,7079.22
389,308,2025-10-07 16:10:28.387614,PENDING,8248.83
390,670,2025-12-04 10:53:25.272531,PENDING,107.63
391,96,2026-04-20 06:10:25.275917,COMPLETED,3350.55
392,389,2026-04-13 04:11:30.082202,COMPLETED,5769.87
393,566,2025-03-13 13:00:39.171168,COMPLETED,5766.63
394,58,2026-05-19 16:22:32.180446,PENDING,4651.06
395,720,2025-10-22 06:34:10.758202,PAID,4989.21
396,85,2025-08-16 09:18:20.830343,COMPLETED,14187.88
397,866,2025-07-11 13:53:28.598812,COMPLETED,5285.36
398,661,2026-05-30 02:04:02.771606,SHIPPED,12562.98
399,580,2025-12-31 08:19:00.351551,PENDING,691.11
400,917,2025-05-08 05:48:24.715968,CANCELLED,9408.1
401,942,2025-07-04 15:03:45.026593,PENDING,8869.86
402,236,2026-07-30 00:44:11.195428,PAID,11277.48
403,923,2025-05-10 15:00:30.347616,CANCELLED,4955.48
404,487,2025-08-01 16:33:43.339356,SHIPPED,9373.26
405,48,2025-11-08 13:18:53.775154,PENDING,7907.29
406,701,2025-12-07 21:26:25.338299,SHIPPED,15947.8
407,921,2025-05-22 19:01:25.251263,CANCELLED,7745.46
408,578,2025-03-21 15:07:03.886042,PENDING,12586.77
409,184,2025-05-19 22:32:37.834126,SHIPPED,4989.21
410,17,2025-02-23 01:07:47.287705,PAID,9034.38
411,602,2026-05-18 10:26:03.687814,PAID,8995.31
412,771,2026-03-16 04:29:14.660966,COMPLETED,6549.53
413,952,2025-06-02 21:27:30.354625,PENDING,3749.2
414,307,2026-02-16 01:40:15.107670,PAID,9259.78
415,578,2026-08-09 23:13:01.593148,PAID,11146.79
416,581,2026-09-18 11:55:52.702210,COMPLETED,10221.43
417,694,2025-09-30 12:07:22.531905,CANCELLED,6309.55
418,340,2025-01-24 21:11:53.116088,COMPLETED,3059.91
419,774,2025-10-30 16:32:15.029383,PAID,5987.12
420,810,2025-12-08 07:07:19.733521,PENDING,1511.11
421,513,2025-04-22 16:51:51.955618,SHIPPED,3379.26
422,55,2026-08-06 21:10:34.501164,PENDING,491.01
423,448,2025-02-13 14:04:32.529801,PAID,1006.5
424,859,2026-05-22 19:54:44.486218,PENDING,5627.66
425,349,2025-11-03 04:31:12.145819,CANCELLED,6727.92
426,788,2025-10-31 04:32:07.794110,CANCELLED,3261.89
427,978,2025-01-07 03:38:55.248317,CANCELLED,14249.18
428,407,2026-06-12 18:14:18.072993,SHIPPED,12351.45
429,31,2025-10-05 09:34:48.104458,SHIPPED,4174.4
430,803,2025-07-21 14:07:40.734350,COMPLETED,8847.08
431,503,2025-02-09 22:27:09.980556,PAID,6648.74
432,365,2025-04-26 19:43:45.800216,INVALID_STATUS,8183.89
433,964,2025-10-12 00:26:53.720273,COMPLETED,5503.96
434,443,2025-07-15 01:19:51.880141,PAID,876.24
435,697,2025-07-28 10:39:21.432252,CANCELLED,2216.43
436,677,2026-02-26 15:36:22.729151,COMPLETED,1748.83
437,88,2026-08-15 03:49:34.546348,CANCELLED,13487.6
438,303,2026-04-11 01:30:25.148259,PAID,4228.19
439,731,2025-11-04 22:02:40.839090,PENDING,4299.27
440,85,2026-05-30 02:03:26.960332,SHIPPED,6552.9
441,158,2025-11-23 13:34:04.018730,COMPLETED,11045.25
442,729,2025-03-06 18:35:02.260869,PAID,10221.67
443,758,2025-12-27 04:00:27.750927,COMPLETED,3413.58
444,325,2025-03-10 12:12:05.406184,SHIPPED,10151.45
445,110,2025-09-29 01:23:30.200392,PENDING,5125.48
446,6,2025-11-02 04:44:34.349030,SHIPPED,12609.48
447,456,2025-07-06 15:19:55.593686,SHIPPED,2030.52
448,780,2026-07-09 15:35:13.916778,SHIPPED,6288.61
449,105,2025-11-13 19:23:17.999463,PAID,2470.08
450,90,2026-04-15 01:41:55.861238,PAID,3099.74
451,442,2025-10-10 10:30:59.328484,COMPLETED,871.64
452,571,2025-08-30 17:42:55.056427,CANCELLED,2813.74
453,525,2025-04-14 17:30:20.785194,COMPLETED,698.11
454,106,2026-06-01 04:30:47.021655,PENDING,3436.77
455,92,2026-01-11 16:28:34.719083,SHIPPED,2635.83
456,568,2025-02-11 15:56:27.826752,PENDING,6079.73
457,612,2025-07-18 00:43:00.250238,CANCELLED,3786.3
458,804,2025-05-14 21:59:27.773429,SHIPPED,4104.1
459,885,2025-09-10 16:22:31.569277,COMPLETED,11573.13
460,13,2026-01-10 22:15:42.247411,SHIPPED,2397.81
461,424,2026-01-03 05:27:39.694249,COMPLETED,8602.85
462,798,2026-07-21 23:08:37.286925,PENDING,5219.8
463,743,2026-02-06 08:51:19.922990,CANCELLED,17735.1
464,927,2025-10-02 08:20:16.782930,PAID,2297.22
465,586,2026-09-12 22:11:32.857536,CANCELLED,6129.7
466,174,2025-08-06 20:21:35.023467,COMPLETED,1695.36
467,174,2026-01-24 22:03:47.786183,PAID,3533.12
468,276,2026-01-02 22:10:10.359469,SHIPPED,2768.67
469,275,2026-05-20 05:01:18.334127,COMPLETED,12079.97
470,150,2026-03-16 21:31:40.829319,PENDING,7413.65
471,172,2025-03-13 13:28:43.128813,COMPLETED,1688.37
472,283,2025-12-06 14:03:24.096780,COMPLETED,2736.57
473,307,2025-12-20 12:26:02.771553,COMPLETED,10927.45
474,802,2025-11-03 01:01:18.726944,PENDING,2304.61
475,370,2026-01-04 09:45:09.871487,SHIPPED,5913.24
476,967,2025-12-05 23:08:19.469790,PAID,2340.63
477,739,2025-05-30 06:16:52.839399,COMPLETED,10990.87
478,609,2026-08-18 01:21:58.836318,CANCELLED,5344.99
479,201,2026-03-29 06:13:16.128879,COMPLETED,5664.33
480,110,2025-04-15 10:58:11.745231,PAID,11352.67
481,312,2026-03-26 07:48:32.080048,PENDING,9578.89
482,972,2025-12-11 17:06:47.126236,COMPLETED,8900.46
483,341,2025-09-19 07:46:33.835275,CANCELLED,7196.38
484,390,2025-11-30 01:53:35.846737,SHIPPED,2311.78
485,451,2026-08-01 03:16:02.758596,SHIPPED,6031.44
486,441,2025-04-19 14:07:14.082947,CANCELLED,5999.91
487,140,2025-07-08 02:06:58.021673,SHIPPED,3569.56
488,329,2025-06-26 16:26:02.790357,CANCELLED,7717.85
489,971,2026-08-22 08:51:52.647545,PAID,8844.86
490,491,2026-05-11 09:26:46.513374,SHIPPED,2210.94
491,182,2025-07-09 19:56:41.213819,COMPLETED,5834.7
492,992,2026-04-25 04:34:35.073100,SHIPPED,7399.81
493,299,2026-07-29 19:15:16.754270,COMPLETED,9029.94
494,991,2026-03-04 10:54:59.973946,CANCELLED,1182.37
495,801,2026-04-08 00:54:24.076339,PAID,7819.48
496,334,2026-01-07 20:25:46.658180,COMPLETED,7736.73
497,288,2025-10-07 11:16:29.772616,COMPLETED,6201.45
498,374,2025-12-24 22:38:40.453980,PENDING,9977.6
499,955,2026-07-14 10:12:01.046870,CANCELLED,1304.28
500,205,2026-06-10 15:19:49.518413,CANCELLED,194.7
501,559,2026-07-22 17:07:19.111603,PAID,4693.19
502,699,2025-07-29 15:25:20.549355,CANCELLED,6174.5
503,28,2026-03-29 23:11:40.967844,COMPLETED,10893.45
504,966,2025-08-11 08:41:00.152922,PAID,2825.95
505,449,2025-11-28 16:41:52.392132,SHIPPED,2865.93
506,852,2026-08-27 04:41:51.396944,PENDING,1510.12
507,839,2026-04-19 07:55:50.822517,COMPLETED,10216.23
508,690,2026-06-22 13:41:32.872467,COMPLETED,414.39
509,143,2025-02-02 18:09:02.557860,SHIPPED,6112.14
510,248,2025-04-02 12:38:51.482242,SHIPPED,5746.04
511,675,2025-10-09 10:14:10.492494,PAID,14649.87
512,733,2026-01-08 11:15:09.337461,COMPLETED,7628.55
513,809,2026-04-12 11:01:59.282618,COMPLETED,11116.76
514,76,2026-01-24 16:06:42.837298,COMPLETED,1996.31
515,613,2026-07-27 09:50:05.700195,COMPLETED,18249.99
516,597,2026-06-24 13:47:32.978207,COMPLETED,9017.04
517,548,2026-06-20 00:30:54.868039,CANCELLED,5147.27
518,946,2026-06-08 03:51:56.891129,COMPLETED,11182.98
519,557,2025-07-10 21:57:31.419387,PENDING,10855.93
520,810,2025-12-11 19:20:18.070279,SHIPPED,3570.57
521,719,2026-02-12 20:55:37.768910,CANCELLED,6817.64
522,609,2026-08-02 20:38:15.078237,PENDING,4188.82
523,112,2025-10-16 06:46:35.137769,PAID,5606.76
524,674,2025-02-22 06:48:27.080806,SHIPPED,2126.62
525,171,2025-01-10 04:19:11.723128,CANCELLED,13179.66
526,46,2025-07-29 08:52:51.067716,CANCELLED,698.11
527,661,2026-01-06 10:08:22.260319,COMPLETED,8071.52
528,991,2025-07-10 22:05:46.060976,SHIPPED,7824.33
529,989,2026-09-08 23:31:31.808966,COMPLETED,6141.23
530,109,2026-08-14 10:20:43.831127,INVALID_STATUS,6987.15
531,101,2026-06-02 08:16:26.188443,SHIPPED,1818.55
532,228,2026-05-19 23:03:52.506942,CANCELLED,9102.58
533,765,2026-05-23 02:03:16.874635,CANCELLED,5522.68
534,572,2025-05-12 11:58:00.334064,CANCELLED,3259.13
535,705,2025-11-13 15:57:14.978419,CANCELLED,6780.85
536,227,2026-07-12 12:22:12.975913,COMPLETED,4530.36
537,384,2025-11-30 17:16:58.312940,COMPLETED,4694.57
538,475,2025-09-07 14:20:21.681324,CANCELLED,7312.23
539,708,2025-11-30 21:50:32.798755,CANCELLED,265.88
540,155,2025-02-22 22:53:55.357499,SHIPPED,7700.07
541,26,2026-04-09 06:20:27.823139,COMPLETED,5534.38
542,108,2026-02-12 04:02:48.328747,SHIPPED,4415.1
543,426,2025-05-14 22:17:44.635471,PENDING,10413.66
544,119,2025-11-17 18:31:44.113923,PAID,3383.04
545,357,2026-04-25 18:24:07.169239,SHIPPED,7616.82
546,352,2026-06-26 14:40:57.536164,COMPLETED,7593.46
547,804,2025-03-14 18:44:46.008319,PAID,3360.15
548,534,2025-02-22 06:17:53.764342,COMPLETED,11483.92
549,357,2025-06-06 19:06:10.769063,COMPLETED,7775.33
550,100,2026-09-22 02:43:36.348745,COMPLETED,2517.45
551,740,2025-11-10 16:40:01.407660,COMPLETED,107.63
552,327,2025-12-10 17:39:18.812866,PENDING,8299.08
553,308,2025-06-25 12:21:55.929343,PENDING,974.54
554,830,2026-08-08 16:27:42.556352,PENDING,5971.65
555,24,2026-01-03 18:24:52.917910,SHIPPED,423.36
556,664,2026-07-21 05:31:19.128926,PENDING,10316.97
557,694,2025-01-15 11:01:47.748911,PAID,10711.14
558,953,2026-05-23 03:55:10.047479,PAID,9495.94
559,529,2026-02-23 23:15:18.735763,PAID,3309.25
560,566,2026-07-07 19:19:57.116030,PAID,13537.66
561,339,2026-06-23 06:53:17.301794,CANCELLED,672.34
562,437,2026-01-01 11:36:42.002266,COMPLETED,5048.18
563,238,2026-06-24 16:46:31.356359,COMPLETED,844.82
564,645,2026-06-16 16:56:12.436596,PAID,5535.2
565,191,2025-10-12 02:21:19.297780,COMPLETED,7996.4
566,406,2026-01-04 04:26:08.396175,PENDING,6791.31
567,756,2025-08-25 07:39:52.997382,CANCELLED,14239.36
568,905,2025-04-05 07:13:12.702276,PAID,6051.42
569,101055,2026-07-04 14:24:58.130439,CANCELLED,5447.3
570,440,2026-08-13 21:39:13.922841,COMPLETED,12219.9
571,5,2026-01-09 08:35:58.155496,PAID,8766.85
572,211,2025-05-22 00:07:22.401718,SHIPPED,2679.27
573,771,2026-05-19 14:02:49.192715,PENDING,9673.87
574,592,2025-02-27 01:21:22.648659,PENDING,11030.03
575,819,2026-06-13 22:33:00.263218,CANCELLED,1996.31
576,192,2025-07-19 17:53:45.036835,SHIPPED,1902.83
577,334,2025-11-18 22:19:16.837309,PAID,7428.1
578,469,2026-04-25 01:08:14.559765,PENDING,4538.81
579,269,2026-04-27 09:34:49.006464,COMPLETED,3741.96
580,541,2025-10-24 11:10:18.231091,SHIPPED,7296.7
581,612,2026-04-23 20:43:21.135225,COMPLETED,10983.93
582,626,2026-05-06 11:53:57.542230,COMPLETED,9067.85
583,602,2026-03-03 18:44:50.541769,PENDING,2979.83
584,357,2025-05-05 12:16:21.421178,SHIPPED,15104.85
585,866,2026-03-06 14:05:55.029458,COMPLETED,9011.98
586,633,2025-01-13 17:51:36.445961,PAID,4571.7
587,834,2026-04-20 22:27:18.003721,SHIPPED,2221.72
588,941,2025-03-19 17:55:42.821611,CANCELLED,4880.48
589,605,2025-06-03 20:11:58.835197,PENDING,2055.27
590,689,2026-01-08 21:45:26.011157,PAID,699.78
591,321,2025-01-07 15:47:03.429220,PENDING,3190.87
592,245,2026-09-04 12:56:57.490813,SHIPPED,4770.0
593,120,2025-12-06 19:45:25.342904,PAID,5907.67
594,383,2026-06-29 02:33:09.133434,PAID,11292.36
595,524,2026-09-21 06:37:40.272180,INVALID_STATUS,3182.4
596,429,2025-07-16 02:30:25.830583,CANCELLED,3154.86
597,142,2026-02-17 08:25:33.356193,CANCELLED,10029.58
598,393,2025-07-21 01:33:47.758826,COMPLETED,234.12
599,191,2025-03-19 08:46:21.558417,COMPLETED,9265.78
600,651,2026-04-07 14:20:18.062031,CANCELLED,4370.48
601,711,2025-01-27 23:07:26.229581,PAID,9878.35
602,569,2025-02-07 16:29:31.983752,PAID,3395.45
603,502,2025-12-05 20:29:27.299788,SHIPPED,6028.17
604,144,2026-06-12 05:05:54.478171,PAID,9653.59
605,323,2026-05-24 20:52:04.794839,COMPLETED,10008.34
606,635,2026-06-30 20:43:17.319756,PENDING,5291.73
607,887,2026-04-03 13:26:33.720844,SHIPPED,5920.97
608,975,2025-01-28 06:04:30.051765,PENDING,7710.08
609,497,2025-07-29 02:21:32.717188,PAID,3189.93
610,200,2026-07-16 00:08:30.683068,COMPLETED,1729.25
611,987,2025-07-10 23:26:45.583214,CANCELLED,3380.81
612,518,2026-04-01 22:28:13.453737,COMPLETED,5190.42
613,419,2025-05-12 19:12:55.370511,COMPLETED,11169.65
614,426,2025-02-14 10:55:18.296740,COMPLETED,3737.84
615,501,2025-08-07 23:51:34.993069,PAID,3524.64
616,85,2026-03-21 18:54:49.924144,CANCELLED,2582.34
617,101022,2026-05-18 02:48:59.395566,PAID,3673.83
618,300,2025-11-13 13:39:04.774160,PENDING,20413.44
619,282,2025-08-30 21:00:12.585763,PAID,3362.49
620,551,2025-09-14 12:17:47.631131,SHIPPED,1497.34
621,173,2026-08-07 18:40:23.035507,COMPLETED,1510.12
622,580,2025-02-20 07:35:40.492358,COMPLETED,6360.4
623,563,2026-03-17 08:27:05.056752,CANCELLED,3135.08
624,116,2025-11-22 03:52:04.792230,CANCELLED,5146.56
625,117,2026-01-18 12:49:40.607001,SHIPPED,8035.51
626,794,2025-12-29 14:34:27.244061,CANCELLED,5942.2
627,844,2025-05-14 07:59:25.678042,SHIPPED,1216.12
628,556,2025-06-04 09:25:10.737767,PENDING,4702.62
629,779,2026-01-30 17:15:29.020969,COMPLETED,6459.7
630,560,2026-03-26 08:27:49.465173,PAID,5803.3
631,436,2026-02-04 18:58:44.100140,PENDING,3330.81
632,754,2025-12-14 10:11:25.812058,PAID,5383.74
633,305,2026-09-15 07:44:58.308381,PENDING,10963.38
634,461,2026-09-16 01:16:24.218347,SHIPPED,5074.56
635,357,2026-06-21 21:52:38.119257,PENDING,3537.34
636,450,2025-10-02 11:15:00.236662,PENDING,7553.17
637,795,2025-08-22 23:11:12.473426,PAID,8627.88
638,215,2026-09-02 16:33:03.967930,CANCELLED,4587.81
639,706,2025-10-15 07:57:16.591688,SHIPPED,1868.92
640,882,2025-06-07 03:30:09.562076,CANCELLED,9354.11
641,648,2026-02-20 02:55:45.272943,COMPLETED,1250.49
642,101043,2026-07-04 04:10:27.125034,INVALID_STATUS,4804.38
643,143,2026-06-08 10:08:19.319783,PAID,14659.19
644,834,2025-06-02 17:49:38.501117,PAID,16074.11
645,825,2025-11-07 22:12:08.390410,PENDING,9333.05
646,584,2025-04-29 15:04:24.068290,SHIPPED,2698.66
647,546,2025-08-10 04:56:10.162106,SHIPPED,1196.0
648,612,2026-07-14 16:00:14.475224,CANCELLED,6921.36
649,173,2025-03-06 14:31:24.988474,SHIPPED,10566.2
650,721,2025-07-05 03:11:42.297385,SHIPPED,8684.47
651,297,2025-09-08 15:53:29.811282,CANCELLED,4458.62
652,274,2026-03-10 02:26:20.175190,CANCELLED,10854.03
653,922,2025-01-28 04:05:50.313940,PENDING,8410.61
654,139,2025-03-27 12:10:27.674792,COMPLETED,5819.1
655,941,2025-11-21 03:23:08.273123,PENDING,5736.89
656,284,2025-06-03 02:38:16.803586,PAID,5791.05
657,719,2025-11-07 04:04:02.563061,PAID,2822.45
658,256,2025-10-19 12:35:59.839566,PAID,2772.96
659,729,2026-06-30 15:44:45.326212,SHIPPED,4364.65
660,849,2025-12-14 12:28:52.366249,PAID,3564.05
661,780,2025-09-27 02:58:20.257834,COMPLETED,9444.77
662,502,2026-05-04 12:32:28.157158,PAID,373.59
663,592,2025-08-30 07:09:22.927967,SHIPPED,1691.52
664,643,2025-01-03 23:45:06.522429,COMPLETED,1206.79
665,385,2026-08-07 04:53:31.237472,COMPLETED,3993.61
666,78,2025-07-08 04:48:51.807006,PENDING,7650.17
667,413,2025-11-29 13:13:37.400267,CANCELLED,6972.38
668,768,2025-08-29 23:30:38.398301,SHIPPED,10085.03
669,712,2025-06-12 14:50:10.167817,SHIPPED,1153.64
670,466,2025-02-13 19:45:02.573577,COMPLETED,4982.77
671,336,2026-03-26 15:49:36.721397,CANCELLED,5942.22
672,3,2025-09-20 23:44:20.517562,PENDING,10226.92
673,749,2025-01-23 07:20:13.082838,COMPLETED,3701.04
674,651,2025-03-08 21:21:27.558021,SHIPPED,7622.12
675,871,2026-09-30 11:22:57.293994,PENDING,3649.13
676,815,2025-10-22 15:29:52.472935,CANCELLED,2878.41
677,408,2026-08-29 07:52:03.750154,PAID,7216.55
678,992,2026-02-09 21:05:13.211333,COMPLETED,2537.44
679,845,2025-05-11 14:56:37.761598,PAID,6773.82
680,507,2025-12-08 14:14:49.574442,SHIPPED,6925.74
681,331,2026-06-06 23:17:14.730799,SHIPPED,11533.52
682,346,2026-08-10 08:26:02.731246,CANCELLED,8148.95
683,592,2025-09-19 07:42:52.946386,PAID,11815.13
684,580,2025-06-19 10:52:55.921302,COMPLETED,2918.27
685,808,2026-09-15 05:59:27.986120,SHIPPED,3360.15
686,916,2026-09-07 14:34:43.690634,PENDING,7141.54
687,48,2025-01-24 21:47:34.371980,PENDING,2174.64
688,642,2026-03-03 23:59:50.226514,COMPLETED,1714.02
689,17,2025-12-15 21:33:55.077454,PENDING,5746.91
690,952,2025-03-28 08:46:07.889211,PAID,8204.08
691,452,2026-09-18 07:44:18.674580,COMPLETED,10284.11
692,1,2025-01-06 06:40:10.002439,COMPLETED,10877.97
693,208,2025-04-02 01:10:27.569396,PAID,11152.53
694,904,2025-09-25 18:25:20.286611,SHIPPED,887.21
695,163,2025-09-27 09:02:34.885144,SHIPPED,4809.06
696,96,2026-08-19 15:41:43.787765,SHIPPED,2418.06
697,257,2025-11-21 19:29:39.485972,PENDING,9221.09
698,381,2025-03-07 08:41:34.229926,PAID,3382.74
699,54,2026-02-09 08:07:59.627045,COMPLETED,10110.85
700,641,2026-03-08 13:31:47.956532,SHIPPED,14024.24
701,744,2025-10-17 04:44:25.214568,PAID,6159.38
702,440,2025-12-04 10:02:06.676017,PENDING,2093.82
703,721,2026-01-05 09:49:32.965206,PENDING,6156.14
704,2,2026-01-13 16:21:43.672610,PAID,559.63
705,489,2026-05-22 17:30:32.287927,PENDING,9468.95
706,136,2026-08-15 03:33:48.168302,CANCELLED,5338.59
707,232,2026-01-03 01:40:28.219295,CANCELLED,1334.38
708,697,2026-01-02 22:25:55.055954,COMPLETED,2020.32
709,10,2025-01-29 15:33:50.225114,PENDING,1818.55
710,713,2025-11-12 23:59:21.494997,SHIPPED,7561.75
711,837,2025-06-15 23:04:32.797943,PENDING,7958.71
712,881,2026-04-28 10:29:50.837814,COMPLETED,5276.1
713,711,2026-08-09 07:52:59.040353,PAID,6162.72
714,490,2026-07-03 20:24:33.341583,PENDING,648.71
715,235,2026-02-04 19:58:18.680171,COMPLETED,1859.25
716,92,2026-03-18 12:45:08.833828,PENDING,6116.22
717,106,2025-01-03 07:01:40.893190,SHIPPED,13610.29
718,377,2025-04-21 19:42:01.943674,SHIPPED,11213.13
719,141,2025-11-19 14:36:34.096116,COMPLETED,5418.5
720,793,2026-05-03 03:11:32.464096,PAID,2013.0
721,657,2025-06-27 12:05:55.616339,PAID,3052.8
722,71,2026-01-27 12:27:18.677468,CANCELLED,8528.0
723,577,2025-10-17 20:55:36.396513,PENDING,9917.14
724,625,2025-06-22 00:27:30.681084,PAID,10065.89
725,451,2025-07-24 02:19:29.821626,SHIPPED,4377.08
726,740,2026-09-06 01:33:02.935036,PAID,4946.12
727,644,2025-03-13 09:11:44.966877,INVALID_STATUS,1651.5
728,942,2026-03-28 00:14:04.043083,COMPLETED,234.12
729,631,2026-06-15 06:41:37.069508,COMPLETED,2657.69
730,881,2026-05-05 07:04:02.394241,PAID,12235.16
731,89,2025-12-10 00:18:23.551523,PENDING,4373.52
732,144,2026-07-24 13:53:23.465295,PENDING,8888.1
733,604,2025-03-28 15:08:11.657704,COMPLETED,4960.86
734,360,2025-11-10 05:34:45.197776,COMPLETED,6242.38
735,323,2025-10-17 08:11:14.161198,PAID,5332.18
736,254,2026-07-21 17:07:43.474600,SHIPPED,3644.89
737,661,2025-01-14 13:43:54.976905,PENDING,13642.31
738,255,2026-09-10 11:29:34.858282,CANCELLED,9468.7
739,616,2026-05-30 06:08:50.043994,CANCELLED,4273.14
740,739,2026-09-05 09:18:28.809273,CANCELLED,12132.53
741,292,2026-09-21 12:08:48.552961,PENDING,12616.02
742,869,2026-05-19 06:39:34.624922,SHIPPED,4390.2
743,211,2026-04-29 07:44:34.041901,CANCELLED,5797.78
744,622,2026-06-20 08:58:07.216467,CANCELLED,1861.29
745,194,2026-06-08 15:29:28.902828,COMPLETED,7187.77
746,303,2026-05-10 20:54:02.756730,PENDING,10750.12
747,803,2026-05-04 11:53:13.688401,PAID,2685.12
748,507,2025-01-23 09:40:39.538777,INVALID_STATUS,2380.38
749,116,2025-07-14 15:11:02.403653,PAID,11445.9
750,512,2025-05-13 20:56:50.441315,CANCELLED,4930.35
751,73,2025-11-18 11:21:41.404950,CANCELLED,4777.85
752,911,2025-11-30 11:50:58.694342,PENDING,9563.66
753,370,2025-02-11 11:22:05.958586,SHIPPED,13833.7
754,136,2025-11-11 19:12:40.735720,COMPLETED,11590.28
755,882,2025-12-16 20:44:39.210815,CANCELLED,3104.92
756,431,2025-10-10 18:05:11.279526,SHIPPED,8396.82
757,560,2026-04-22 20:23:10.376344,PAID,9484.74
758,782,2026-09-06 15:05:25.680236,COMPLETED,3655.02
759,978,2025-05-22 22:04:23.478674,PENDING,505.06
760,18,2025-05-30 07:33:56.655047,CANCELLED,5123.95
761,70,2025-09-16 04:48:43.222341,PENDING,13144.38
762,269,2026-05-01 12:08:24.410852,PAID,7898.77
763,41,2025-10-14 18:51:11.143195,PENDING,2008.75
764,972,2026-06-14 03:46:27.274478,COMPLETED,2449.5
765,519,2025-03-02 03:48:56.828562,SHIPPED,2086.8
766,644,2026-04-03 17:44:58.003607,CANCELLED,1010.12
767,786,2026-01-22 00:24:58.169913,COMPLETED,933.33
768,434,2026-02-02 06:36:31.426511,COMPLETED,5971.17
769,85,2025-03-13 21:55:26.373297,CANCELLED,1362.76
770,551,2026-08-31 01:34:51.641133,CANCELLED,287.1
771,157,2025-05-04 03:14:13.993724,SHIPPED,4493.64
772,86,2026-06-11 22:15:07.600963,SHIPPED,1375.56
773,81,2026-07-12 04:41:57.624854,CANCELLED,5155.36
774,944,2026-09-11 10:17:55.235021,PAID,6447.35
775,998,2025-04-29 20:28:04.908994,PAID,5763.72
776,550,2025-03-23 11:35:30.647653,SHIPPED,2229.92
777,401,2025-03-27 00:10:29.653368,CANCELLED,3952.79
778,650,2025-06-18 18:08:12.882583,PENDING,2026.63
779,318,2025-04-17 10:56:28.103421,COMPLETED,9814.82
780,748,2025-01-26 05:07:06.279876,PAID,5522.96
781,101028,2025-06-17 03:13:28.209187,INVALID_STATUS,6386.94
782,89,2026-02-23 00:33:24.634071,COMPLETED,215.26
783,119,2025-04-19 16:56:44.330181,COMPLETED,7387.09
784,627,2026-07-09 23:46:00.213078,CANCELLED,12143.52
785,57,2026-07-25 15:38:42.089340,SHIPPED,2139.04
786,683,2026-01-25 22:53:42.130116,PAID,499.25
787,123,2026-04-08 00:21:21.297392,PENDING,1951.7
788,725,2025-08-16 04:35:42.980226,PAID,7090.61
789,719,2025-10-22 15:28:07.816368,PENDING,7871.08
790,168,2025-01-05 16:07:36.452315,COMPLETED,6434.69
791,976,2026-04-29 13:54:46.289469,SHIPPED,7243.54
792,536,2025-02-12 06:57:07.725721,CANCELLED,13896.43
793,802,2025-02-06 02:36:53.481987,SHIPPED,2688.02
794,171,2026-03-17 07:26:35.762218,SHIPPED,5574.72
795,130,2026-03-16 21:07:09.930265,SHIPPED,2660.84
796,751,2026-06-20 04:42:39.435028,PENDING,8018.28
797,790,2025-06-23 14:34:10.807750,PENDING,4306.73
798,344,2025-12-27 11:40:49.513368,COMPLETED,2308.96
799,279,2025-04-12 19:11:54.711320,CANCELLED,2955.87
800,66,2025-08-25 20:17:43.500133,SHIPPED,7171.82
801,730,2026-05-14 03:21:03.592902,CANCELLED,1434.32
802,643,2026-06-21 00:58:09.396924,PENDING,15093.86
803,509,2026-02-15 09:23:28.056756,COMPLETED,2246.48
804,524,2025-02-07 23:01:17.950429,SHIPPED,3822.73
805,57,2025-11-04 23:25:36.427629,COMPLETED,6219.21
806,880,2026-01-29 02:06:56.774621,CANCELLED,3113.7
807,171,2025-03-05 00:40:58.550419,SHIPPED,3358.32
808,162,2026-02-09 16:16:32.779920,SHIPPED,5379.57
809,792,2025-04-03 03:42:32.516269,PENDING,4078.2
810,916,2026-04-24 21:59:47.276946,CANCELLED,1295.22
811,691,2025-12-14 01:30:56.865482,PENDING,2216.52
812,234,2025-10-25 01:30:48.978832,CANCELLED,6107.61
813,3,2026-01-10 17:59:19.536320,PENDING,8860.92
814,880,2026-04-15 04:07:07.658712,INVALID_STATUS,2185.14
815,251,2025-10-30 20:08:18.624171,PENDING,1733.56
816,484,2026-04-20 22:23:15.390278,SHIPPED,414.39
817,393,2026-09-20 03:08:17.947924,PAID,519.72
818,184,2026-07-07 05:18:14.164111,PENDING,7708.98
819,567,2026-01-02 10:14:12.314348,INVALID_STATUS,705.44
820,230,2025-05-11 14:09:12.781584,SHIPPED,2020.32
821,255,2025-04-24 05:12:26.371285,COMPLETED,420.2
822,938,2025-02-19 20:18:19.596780,SHIPPED,16300.99
823,278,2025-11-13 10:53:18.706674,PENDING,8530.24
824,586,2025-07-10 11:21:23.138036,SHIPPED,7775.67
825,123,2025-04-02 23:16:18.773494,CANCELLED,8161.82
826,690,2025-07-04 18:32:53.618054,PENDING,5220.82
827,184,2025-06-19 01:54:19.917608,PAID,4803.1
828,824,2026-07-22 20:48:41.638896,CANCELLED,1067.5
829,48,2026-02-16 22:44:48.270159,COMPLETED,3658.77
830,71,2025-05-17 12:32:13.699742,COMPLETED,662.73
831,887,2025-09-25 11:02:08.248383,SHIPPED,17777.61
832,793,2025-03-10 19:53:37.326719,SHIPPED,1691.52
833,336,2026-06-13 13:01:50.632375,PENDING,7443.84
834,567,2025-02-02 22:22:12.643285,INVALID_STATUS,3143.91
835,9,2025-05-03 18:19:05.805506,SHIPPED,5946.02
836,206,2025-09-02 01:56:27.896589,SHIPPED,876.24
837,578,2025-10-03 08:58:59.382055,SHIPPED,14086.06
838,758,2026-03-15 15:38:50.056892,CANCELLED,1262.86
839,249,2025-05-18 05:47:54.589534,COMPLETED,3961.0
840,378,2025-10-30 23:31:59.351642,CANCELLED,5210.24
841,996,2025-04-06 06:13:25.802395,COMPLETED,7512.8
842,792,2025-09-12 18:56:36.867668,PAID,7329.28
843,751,2026-03-20 01:32:58.726842,CANCELLED,1551.05
844,779,2025-04-19 08:31:00.673147,PAID,42.39
845,155,2026-08-20 01:14:15.984726,PENDING,1057.86
846,955,2025-04-07 14:56:51.862795,COMPLETED,4436.56
847,25,2025-01-23 10:11:05.439933,PAID,9742.32
848,555,2026-01-15 07:51:14.413121,SHIPPED,3051.63
849,652,2026-05-13 06:40:29.812009,PENDING,7537.88
850,974,2025-05-31 20:27:23.504096,SHIPPED,2743.0
851,2,2026-07-24 21:38:08.074526,COMPLETED,4524.92
852,870,2025-09-22 04:46:09.518317,SHIPPED,4858.5
853,107,2025-03-28 11:25:06.220464,PAID,1396.22
854,543,2025-12-31 10:50:45.115711,PAID,4267.18
855,430,2025-05-06 10:14:43.559420,COMPLETED,6506.85
856,985,2026-09-04 11:34:29.250150,PENDING,3785.17
857,996,2026-01-08 04:54:15.356671,PAID,6661.7
858,729,2025-01-07 08:45:30.927110,SHIPPED,7153.19
859,96,2025-10-24 13:43:37.708255,PENDING,18528.04
860,944,2026-01-21 22:27:41.362208,PAID,729.86
861,919,2025-01-20 03:44:37.684603,CANCELLED,4415.94
862,423,2025-03-03 02:34:43.054869,SHIPPED,3539.4
863,470,2025-06-05 06:51:51.769161,PENDING,3477.9
864,595,2025-08-01 19:08:21.346165,PENDING,3607.59
865,518,2026-05-25 02:04:39.592984,PAID,3553.14
866,653,2026-09-09 02:45:00.547941,COMPLETED,8668.8
867,77,2025-01-17 14:03:50.242192,CANCELLED,6409.72
868,582,2025-10-22 08:52:41.720134,PENDING,5908.13
869,446,2026-01-28 14:01:25.939108,PAID,1884.27
870,243,2025-02-27 02:02:41.452828,SHIPPED,3933.84
871,268,2026-04-26 04:21:02.801260,SHIPPED,4983.28
872,949,2025-01-23 01:54:24.493509,COMPLETED,3135.08
873,718,2025-10-16 00:55:26.347854,SHIPPED,6632.04
874,326,2025-04-13 05:42:46.379000,COMPLETED,8257.56
875,279,2025-03-11 15:24:47.524115,PAID,2850.31
876,77,2025-12-11 20:41:06.638820,PAID,5264.59
877,140,2025-08-31 20:53:30.179766,CANCELLED,4394.66
878,112,2025-01-27 07:43:07.445620,PAID,6481.5
879,109,2025-11-21 22:38:52.708293,PAID,11784.5
880,461,2026-07-19 08:59:15.156607,COMPLETED,9975.29
881,322,2026-02-22 22:40:35.291326,COMPLETED,10299.02
882,124,2025-11-13 04:50:44.059355,CANCELLED,5013.86
883,367,2025-04-29 10:29:13.426463,PAID,7484.02
884,463,2025-01-16 22:03:38.913180,SHIPPED,9536.25
885,475,2026-06-10 11:22:59.089724,SHIPPED,10648.81
886,873,2025-07-21 17:51:31.927696,PENDING,10061.12
887,93,2026-08-12 06:25:09.435833,PAID,3837.16
888,827,2026-05-09 11:26:00.901158,SHIPPED,10003.2
889,847,2026-04-20 08:11:20.105634,CANCELLED,10360.0
890,101040,2026-05-21 12:25:12.000731,PAID,4660.38
891,856,2026-09-30 05:31:40.095599,SHIPPED,896.46
892,152,2025-03-12 19:00:33.912989,PENDING,7714.39
893,729,2025-04-17 15:55:10.049613,PAID,8774.54
894,992,2026-05-31 08:09:43.342317,SHIPPED,8312.71
895,406,2026-09-08 07:05:32.880790,CANCELLED,9239.81
896,51,2025-10-30 09:17:26.688664,SHIPPED,4252.8
897,101003,2025-01-05 00:17:31.390414,PAID,3496.38
898,32,2025-06-13 20:39:44.787749,COMPLETED,419.36
899,876,2025-06-06 05:34:41.397869,COMPLETED,6683.14
900,570,2025-02-04 07:41:14.225795,CANCELLED,9157.85
901,256,2026-09-17 04:48:47.733054,PENDING,13923.39
902,474,2026-06-11 09:12:17.333629,PENDING,7960.23
903,824,2026-04-30 14:37:54.687296,PAID,3867.77
904,125,2025-07-07 00:29:41.188911,PENDING,6639.31
905,64,2026-05-17 19:10:15.277571,PAID,2620.71
906,134,2026-07-30 17:25:05.586611,PAID,7350.47
907,844,2025-04-28 04:18:39.720143,COMPLETED,13486.22
908,382,2025-04-03 00:22:06.382334,PENDING,6020.19
909,597,2026-02-18 09:20:45.616247,CANCELLED,5016.49
910,266,2025-01-10 19:45:18.269438,PENDING,698.11
911,23,2025-08-07 09:37:20.986618,PENDING,5163.54
912,203,2025-05-17 23:05:08.542949,COMPLETED,4193.47
913,829,2026-01-10 23:03:49.740546,PAID,3206.38
914,95,2026-04-27 21:35:41.187176,SHIPPED,1057.86
915,126,2025-04-01 13:01:08.103781,PENDING,3622.18
916,965,2026-04-13 09:05:13.466363,COMPLETED,7516.07
917,52,2026-08-21 11:58:56.156024,PAID,8425.52
918,947,2026-04-12 00:16:23.501796,CANCELLED,3340.62
919,444,2026-01-08 04:07:04.912084,COMPLETED,4653.49
920,509,2025-07-14 15:33:07.237074,PENDING,15063.54
921,392,2026-06-10 06:15:35.870746,COMPLETED,5034.72
922,177,2026-05-25 00:28:10.072062,SHIPPED,2883.26
923,220,2025-10-30 16:56:12.633785,PAID,7426.75
924,282,2025-04-26 00:40:11.102772,SHIPPED,215.26
925,457,2026-01-29 15:52:21.308197,PAID,7612.6
926,36,2025-05-13 20:38:02.693941,CANCELLED,2307.28
927,635,2025-04-27 12:27:15.752068,CANCELLED,4817.59
928,252,2026-02-14 07:27:23.065716,SHIPPED,2123.52
929,511,2025-08-14 07:00:28.088619,COMPLETED,8448.28
930,904,2025-03-02 05:02:42.526841,CANCELLED,11119.01
931,491,2026-08-12 20:11:56.399976,PENDING,3162.04
932,90,2025-10-28 01:36:45.687070,SHIPPED,3521.64
933,393,2025-02-20 08:09:35.277842,PAID,6852.82
934,430,2025-10-25 01:33:12.138332,PAID,6426.51
935,659,2026-06-07 02:26:24.694234,CANCELLED,1269.22
936,256,2026-04-05 11:42:13.918147,CANCELLED,2407.79
937,814,2025-01-16 09:07:04.262715,PENDING,3223.29
938,392,2026-09-12 06:58:09.386992,SHIPPED,4320.7
939,492,2025-03-27 10:50:09.932352,CANCELLED,6864.98
940,801,2026-08-28 20:03:38.789340,COMPLETED,14222.36
941,353,2026-06-12 17:29:34.616554,CANCELLED,5371.32
942,515,2025-08-18 02:23:26.166838,SHIPPED,765.84
943,398,2025-12-11 13:14:38.551629,SHIPPED,3246.48
944,185,2025-03-13 10:07:43.475773,PENDING,1865.38
945,327,2025-01-24 15:23:31.212199,CANCELLED,6280.64
946,225,2025-03-09 11:31:48.997992,PENDING,1989.28
947,918,2026-01-02 19:58:42.081063,SHIPPED,1560.78
948,60,2025-03-12 11:03:32.138238,COMPLETED,4409.88
949,543,2026-09-02 08:13:30.534015,SHIPPED,7813.07
950,786,2025-12-09 14:54:45.225580,CANCELLED,6822.79
951,239,2026-08-12 08:31:57.704518,PAID,4937.56
952,103,2025-02-28 00:08:54.950661,PAID,11634.29
953,673,2026-05-29 20:38:23.911278,PAID,2971.28
954,273,2025-12-11 20:01:21.732688,CANCELLED,10477.59
955,836,2025-09-16 03:17:14.920973,PENDING,10318.07
956,783,2026-04-29 06:02:40.905884,PAID,7787.88
957,590,2025-07-02 04:07:25.529512,COMPLETED,3999.9
958,364,2026-01-23 01:01:46.164336,PAID,11524.98
959,181,2025-12-08 21:05:52.516013,PAID,3243.94
960,607,2025-09-21 21:24:31.794314,SHIPPED,737.28
961,826,2025-11-02 13:58:51.330769,SHIPPED,2688.02
962,936,2025-10-01 00:55:18.066420,CANCELLED,5460.47
963,29,2026-07-15 16:18:38.920288,SHIPPED,13705.9
964,971,2026-09-18 15:56:19.081080,CANCELLED,10332.84
965,578,2026-03-07 07:24:02.189534,PAID,4614.82
966,577,2025-03-22 23:07:08.348220,PAID,7630.5
967,857,2025-10-23 18:46:49.870601,COMPLETED,12614.75
968,556,2026-09-30 10:38:12.287175,SHIPPED,423.36
969,180,2026-08-03 05:04:10.786653,COMPLETED,7627.32
970,39,2025-11-16 03:03:38.471255,PENDING,2384.22
971,58,2025-06-21 18:30:55.043026,PAID,11104.62
972,617,2025-10-19 01:07:40.368643,PAID,6284.8
973,21,2025-01-16 01:54:30.308100,CANCELLED,1351.62
974,490,2026-04-23 23:46:20.464039,PENDING,498.51
975,340,2025-10-07 15:35:11.208158,CANCELLED,6679.99
976,207,2026-02-24 09:19:51.187700,PAID,6705.39
977,349,2026-09-15 22:58:04.523719,PAID,5284.5
978,941,2026-09-16 03:32:49.800258,SHIPPED,3042.64
979,61,2025-03-11 21:12:25.066722,PENDING,6705.68
980,152,2025-01-21 18:05:02.579611,CANCELLED,8804.92
981,722,2025-07-06 00:36:37.793511,PAID,7516.54
982,793,2026-06-24 23:37:45.546024,PENDING,7627.23
983,867,2025-03-25 08:11:55.802221,CANCELLED,11215.47
984,882,2025-10-06 22:08:57.987546,SHIPPED,15111.33
985,984,2025-01-28 19:47:18.130840,PENDING,12817.84
986,383,2025-09-15 12:54:07.140047,COMPLETED,6993.08
987,601,2026-04-16 04:35:33.522553,PENDING,4231.49
988,345,2026-05-03 11:45:57.243634,SHIPPED,6189.72
989,331,2026-08-19 10:32:09.462913,PAID,1871.73
990,1000,2026-05-06 07:48:24.941069,PAID,12598.38
991,750,2026-08-25 05:50:23.194420,COMPLETED,5403.24
992,811,2025-05-09 14:53:57.706577,COMPLETED,9118.53
993,665,2026-01-23 20:36:56.821969,SHIPPED,3941.42
994,179,2026-04-11 23:18:24.713247,CANCELLED,685.09
995,711,2025-03-23 13:45:17.285769,CANCELLED,2467.01
996,806,2025-05-06 22:17:24.582074,SHIPPED,1284.15
997,229,2025-07-28 00:15:12.238393,CANCELLED,6735.54
998,835,2025-05-28 00:49:20.307579,PAID,8993.24
999,388,2025-12-11 17:34:13.077556,SHIPPED,5295.69
1000,752,2025-11-22 06:59:57.975792,SHIPPED,1660.98
1001,131,2025-06-22 12:39:21.713679,PAID,7287.79
1002,747,2026-08-26 14:55:58.584756,PENDING,4394.57
1003,972,2025-01-25 22:16:52.044450,CANCELLED,13086.83
1004,401,2025-04-11 15:00:49.608947,CANCELLED,2702.65
1005,34,2025-05-23 21:54:36.271276,PAID,3554.62
1006,617,2026-09-08 23:11:16.246300,SHIPPED,12055.77
1007,944,2025-09-19 17:15:52.421034,CANCELLED,3853.63
1008,227,2025-06-25 00:24:14.250439,CANCELLED,7918.11
1009,107,2025-04-30 14:52:20.076972,COMPLETED,1989.68
1010,145,2026-04-01 19:08:10.502167,SHIPPED,7116.59
1011,764,2025-01-07 04:57:37.427047,PENDING,6742.11
1012,244,2025-02-12 01:20:14.713224,SHIPPED,1454.99
1013,328,2025-04-17 05:26:36.572141,PAID,7659.99
1014,652,2026-04-20 08:10:14.114112,PENDING,8402.28
1015,842,2025-11-10 16:25:12.181724,SHIPPED,5084.32
1016,458,2026-08-22 22:54:43.445097,PENDING,623.91
1017,272,2025-04-05 16:03:42.887266,PAID,4493.12
1018,256,2025-01-10 06:42:36.884121,PENDING,17675.19
1019,359,2026-07-30 21:33:58.713904,SHIPPED,5937.33
1020,806,2025-01-01 22:48:58.686934,PENDING,4470.26
1021,738,2025-05-13 18:59:55.347386,PENDING,1179.8
1022,50,2025-05-19 23:00:53.852274,COMPLETED,8472.8
1023,449,2025-02-08 21:24:42.887249,COMPLETED,13828.38
1024,993,2025-01-12 14:16:32.838745,PAID,5065.06
1025,906,2025-11-28 02:53:03.725751,COMPLETED,10636.91
1026,505,2025-06-08 15:35:10.927749,COMPLETED,9849.26
1027,360,2025-07-06 02:22:10.836065,CANCELLED,7295.6
1028,385,2026-04-01 17:37:33.303760,PENDING,42.39
1029,849,2025-09-15 07:25:24.053023,COMPLETED,8217.8
1030,808,2025-06-02 15:44:36.661440,CANCELLED,335.52
1031,667,2025-03-12 23:09:07.673977,PAID,6886.8
1032,167,2025-01-04 01:56:43.730198,COMPLETED,6174.01
1033,76,2025-11-26 07:24:39.216679,PENDING,5264.13
1034,302,2025-12-31 18:26:28.857403,PENDING,1434.32
1035,327,2026-05-12 10:57:18.198294,SHIPPED,5988.22
1036,975,2026-09-30 12:51:28.215256,PENDING,10757.82
1037,101042,2025-03-19 09:37:20.865160,SHIPPED,2221.72
1038,175,2025-03-17 23:49:36.849344,COMPLETED,5567.38
1039,165,2026-05-25 07:53:40.126477,PENDING,14348.98
1040,561,2025-01-15 18:21:37.202420,PENDING,4053.2
1041,347,2026-09-02 06:07:02.823889,CANCELLED,14027.06
1042,629,2026-06-27 13:14:38.587121,COMPLETED,2504.64
1043,722,2025-09-03 07:12:18.584363,PENDING,11040.75
1044,442,2026-04-26 09:27:17.086274,PAID,2536.36
1045,622,2026-02-05 12:29:59.718355,COMPLETED,3687.92
1046,161,2026-06-08 09:57:52.123427,PENDING,3595.64
1047,104,2025-03-30 14:16:52.481132,SHIPPED,8328.6
1048,211,2025-11-12 11:21:25.440248,PAID,6790.0
1049,420,2026-08-19 18:38:00.787084,CANCELLED,11717.97
1050,740,2026-04-19 12:01:25.386046,CANCELLED,4865.42
1051,272,2026-01-07 07:09:33.765838,SHIPPED,10251.65
1052,305,2025-12-06 08:57:03.779483,PAID,4629.96
1053,99,2026-05-09 09:17:45.329798,PENDING,5646.77
1054,403,2026-04-09 16:04:59.225117,CANCELLED,1543.34
1055,563,2026-04-18 03:04:24.545441,COMPLETED,6584.19
1056,158,2026-01-30 03:23:05.449279,PENDING,584.1
1057,370,2025-09-05 16:11:18.820119,PENDING,4586.13
1058,438,2025-12-12 15:41:23.065066,PENDING,3717.04
1059,302,2026-04-13 16:32:31.642808,CANCELLED,7942.93
1060,492,2025-07-11 12:41:11.132454,PAID,4921.85
1061,100,2026-09-23 23:26:42.414928,PENDING,11189.03
1062,212,2026-08-30 17:01:15.900793,PAID,7100.65
1063,654,2026-08-25 12:11:44.465600,SHIPPED,7317.67
1064,101054,2026-07-07 21:23:28.171587,COMPLETED,3189.93
1065,865,2025-12-16 09:03:10.261733,PENDING,685.09
1066,316,2025-11-03 06:12:09.334678,COMPLETED,4930.87
1067,483,2025-06-14 14:41:54.413367,COMPLETED,1665.46
1068,917,2025-06-06 06:34:48.834808,SHIPPED,926.18
1069,94,2025-02-02 07:44:22.436657,CANCELLED,11806.53
1070,397,2026-08-11 19:51:16.119547,PAID,13612.14
1071,380,2026-06-05 13:36:23.900494,COMPLETED,14164.69
1072,379,2026-09-13 10:00:50.677502,PAID,4352.74
1073,457,2025-11-25 14:26:43.532011,PENDING,4848.24
1074,270,2026-03-13 13:57:16.119903,COMPLETED,5144.01
1075,477,2025-06-08 21:19:06.394104,SHIPPED,4779.26
1076,232,2025-03-17 18:09:27.319408,SHIPPED,4927.34
1077,578,2025-03-03 17:54:42.439723,PENDING,7017.38
1078,155,2026-06-17 18:01:11.425644,PENDING,6984.82
1079,88,2026-09-01 01:44:55.157220,SHIPPED,877.29
1080,828,2025-02-22 14:57:48.204659,INVALID_STATUS,14599.77
1081,424,2025-03-03 07:48:33.243721,CANCELLED,7715.02
1082,233,2026-07-17 23:00:35.193801,CANCELLED,3150.33
1083,63,2025-07-23 02:26:01.609765,COMPLETED,1567.54
1084,839,2026-02-27 10:53:01.306809,CANCELLED,7375.43
1085,429,2025-12-21 06:41:30.478704,INVALID_STATUS,12971.81
1086,704,2025-08-24 15:56:48.981849,COMPLETED,8474.2
1087,587,2025-06-15 07:55:10.352131,PAID,10570.71
1088,488,2025-11-16 19:07:01.441742,SHIPPED,2749.53
1089,81,2026-04-30 09:19:24.113765,COMPLETED,5035.76
1090,925,2026-09-07 07:12:04.832546,PENDING,7995.1
1091,515,2025-07-17 04:06:40.024493,INVALID_STATUS,3158.19
1092,923,2026-09-13 15:10:58.431411,CANCELLED,3568.68
1093,820,2025-05-01 15:41:30.081987,CANCELLED,2685.12
1094,694,2025-06-15 17:39:47.188901,CANCELLED,13422.42
1095,151,2026-06-25 22:30:00.226656,PENDING,8706.85
1096,973,2025-01-08 16:19:49.123022,COMPLETED,6445.61
1097,178,2025-08-20 14:32:39.824340,PAID,16723.25
1098,996,2025-07-26 16:11:56.171198,PAID,1773.29
1099,828,2025-06-02 14:13:29.295326,PAID,9128.16
1100,130,2025-09-21 09:54:37.831695,PENDING,15883.71
1101,434,2025-01-20 02:55:15.465379,PENDING,6494.49
1102,700,2025-07-25 05:07:47.701264,COMPLETED,6297.29
1103,207,2026-08-25 22:06:03.364666,PAID,1952.93
1104,855,2026-01-23 09:35:34.031818,CANCELLED,3637.1
1105,265,2025-06-09 17:51:44.338588,SHIPPED,4937.17
1106,933,2026-01-07 07:39:19.578013,PENDING,1655.7
1107,90,2026-03-26 04:28:09.330161,COMPLETED,3022.22
1108,570,2026-07-05 17:46:50.229363,COMPLETED,9045.46
1109,566,2025-10-03 13:54:09.310667,SHIPPED,4442.85
1110,878,2025-04-05 14:18:28.315510,SHIPPED,8339.72
1111,533,2025-02-04 05:46:20.264304,COMPLETED,8099.1
1112,940,2025-02-07 08:40:25.023306,PENDING,2129.06
1113,806,2025-03-30 00:15:45.101673,CANCELLED,3700.44
1114,602,2026-07-17 05:27:49.787238,CANCELLED,8727.43
1115,801,2026-04-06 00:13:24.718212,COMPLETED,2695.46
1116,116,2026-06-01 20:27:18.111859,COMPLETED,14577.52
1117,154,2026-03-27 15:28:39.352576,PAID,9158.28
1118,581,2025-12-10 22:18:51.724881,CANCELLED,746.55
1119,597,2025-02-28 10:36:44.142424,PENDING,8312.9
1120,948,2025-11-20 11:07:01.342276,PENDING,6082.31
1121,577,2026-08-11 09:00:02.358562,PENDING,4605.7
1122,805,2026-02-21 08:53:26.916443,SHIPPED,8889.8
1123,889,2025-11-24 12:14:44.328830,CANCELLED,1833.01
1124,902,2026-01-16 13:02:57.262163,SHIPPED,7561.47
1125,899,2026-05-05 09:11:26.734154,COMPLETED,8073.4
1126,271,2026-09-10 16:15:04.564081,COMPLETED,6179.79
1127,671,2025-04-06 05:57:22.470925,COMPLETED,4559.52
1128,586,2026-07-23 06:08:12.530508,CANCELLED,9135.93
1129,485,2025-03-31 18:59:11.686863,PENDING,3059.32
1130,177,2025-12-05 16:48:38.951831,SHIPPED,8516.04
1131,413,2025-11-16 12:12:19.497939,PAID,3464.16
1132,634,2025-02-14 16:15:56.130916,CANCELLED,4958.68
1133,698,2025-06-17 04:58:05.600656,COMPLETED,4476.98
1134,40,2025-07-27 04:45:02.658574,COMPLETED,515.57
1135,911,2025-03-28 17:33:42.981032,SHIPPED,6088.18
1136,708,2025-05-26 01:58:19.233790,PAID,6733.08
1137,51,2026-08-06 07:54:58.776810,COMPLETED,443.76
1138,943,2026-02-11 12:24:01.231666,SHIPPED,5184.2
1139,919,2025-05-03 21:54:31.394586,SHIPPED,8059.78
1140,21,2025-07-18 18:48:22.844481,SHIPPED,6408.06
1141,101006,2026-08-30 18:14:50.861838,SHIPPED,4809.57
1142,319,2025-05-22 19:23:08.463148,SHIPPED,8760.91
1143,864,2026-09-28 06:51:33.450405,COMPLETED,10064.34
1144,879,2025-01-12 02:22:49.765545,PENDING,6559.5
1145,996,2025-07-07 23:49:20.366295,PAID,5763.54
1146,138,2025-04-12 17:48:36.637561,SHIPPED,3872.72
1147,998,2025-03-02 10:03:55.688845,COMPLETED,6656.94
1148,793,2026-05-08 06:34:43.936901,SHIPPED,7746.87
1149,276,2026-08-30 08:47:48.572541,COMPLETED,2380.38
1150,620,2025-12-18 23:01:30.333824,PENDING,2482.23
1151,101030,2025-07-31 19:49:20.110148,COMPLETED,6749.62
1152,217,2025-12-17 05:33:13.718233,COMPLETED,335.52
1153,759,2026-03-15 01:30:16.433860,COMPLETED,11705.61
1154,778,2026-08-22 14:45:40.718275,INVALID_STATUS,6300.82
1155,889,2026-02-05 21:10:10.041658,SHIPPED,7329.52
1156,841,2026-05-17 15:51:10.360446,PENDING,4364.97
1157,528,2026-09-14 18:21:10.833329,PAID,5482.37
1158,68,2025-08-09 17:12:37.518134,SHIPPED,7995.41
1159,727,2025-01-12 10:04:05.710314,INVALID_STATUS,1381.08
1160,414,2026-03-01 15:02:01.348727,PAID,5264.39
1161,800,2026-07-24 06:11:49.951753,CANCELLED,941.1
1162,901,2025-03-15 00:02:01.169065,CANCELLED,1926.46
1163,30,2025-01-21 05:29:59.335334,PAID,3389.53
1164,198,2025-10-24 10:41:39.304567,PAID,11248.5
1165,858,2025-04-21 07:20:17.706003,PENDING,5999.85
1166,101009,2025-02-05 07:59:59.817236,PENDING,4078.2
1167,468,2025-09-30 02:07:01.063830,PENDING,7126.8
1168,941,2025-01-16 00:18:58.803922,SHIPPED,1284.15
1169,722,2025-02-24 09:23:40.700580,PAID,3479.08
1170,281,2025-12-25 06:34:11.908300,SHIPPED,7767.14
1171,844,2025-11-30 06:33:13.696330,COMPLETED,4821.8
1172,518,2025-10-20 09:12:08.148482,COMPLETED,8229.05
1173,651,2025-01-19 21:36:49.151404,PENDING,6640.61
1174,698,2026-04-07 12:47:49.282229,PENDING,2629.15
1175,248,2026-04-21 17:12:11.096088,SHIPPED,7662.05
1176,501,2025-04-23 03:33:33.172051,CANCELLED,10832.38
1177,457,2026-09-20 13:01:26.177103,PAID,1325.46
1178,984,2025-03-23 02:57:19.918635,COMPLETED,7859.31
1179,601,2026-04-14 22:26:38.393852,CANCELLED,6542.54
1180,359,2026-08-14 07:07:32.361279,SHIPPED,13232.41
1181,168,2025-09-30 13:31:36.247827,SHIPPED,8267.08
1182,767,2025-08-12 20:10:35.994123,PENDING,13191.0
1183,292,2025-03-21 19:25:51.009508,PENDING,9563.41
1184,396,2026-02-22 19:16:37.058011,PENDING,3759.44
1185,167,2025-06-18 17:54:03.209898,CANCELLED,5747.12
1186,799,2025-12-06 15:22:03.908574,PAID,5985.34
1187,878,2025-08-27 18:41:18.293767,PAID,7755.79
1188,663,2025-11-14 13:40:40.843165,PAID,2930.48
1189,694,2025-10-01 22:42:57.197104,PAID,9089.68
1190,276,2026-04-25 09:53:51.504445,COMPLETED,1415.68
1191,526,2025-05-24 03:50:04.481631,PENDING,5803.29
1192,886,2026-06-04 21:41:55.475054,PENDING,9375.03
1193,486,2026-07-23 14:08:18.335596,PAID,7834.34
1194,663,2026-08-06 18:41:28.808309,PAID,4492.39
1195,616,2026-04-27 00:00:49.991411,PENDING,1342.56
1196,230,2025-07-19 02:12:36.123483,SHIPPED,8199.75
1197,623,2026-04-08 19:25:05.296051,SHIPPED,3740.29
1198,730,2026-09-12 06:31:01.043507,SHIPPED,2352.42
1199,434,2025-07-14 21:13:35.411678,COMPLETED,11807.78
1200,873,2025-04-24 09:00:32.746725,SHIPPED,3992.62
1201,471,2025-04-03 01:55:42.245033,SHIPPED,5218.56
1202,224,2025-10-08 14:18:34.238096,COMPLETED,425.56
1203,310,2026-09-23 01:45:35.510884,CANCELLED,11078.07
1204,845,2026-06-28 15:49:05.177830,CANCELLED,1946.13
1205,407,2025-07-11 07:14:17.684766,CANCELLED,8540.6
1206,105,2026-06-11 11:43:45.193336,PENDING,7241.45
1207,524,2025-01-17 01:08:45.593433,SHIPPED,3786.29
1208,575,2026-02-01 20:39:52.846437,CANCELLED,4138.6
1209,624,2025-08-01 09:18:28.991900,SHIPPED,1004.3
1210,306,2025-01-05 08:47:19.867636,PENDING,2258.85
1211,494,2025-11-15 12:03:56.163248,PENDING,12070.62
1212,345,2026-04-20 08:48:14.759794,SHIPPED,9568.87
1213,656,2026-02-04 08:06:37.403282,SHIPPED,815.15
1214,883,2025-05-11 18:18:50.914844,SHIPPED,1398.24
1215,268,2026-04-12 22:41:03.552690,SHIPPED,6690.31
1216,193,2025-11-10 18:43:07.027500,PAID,5033.2
1217,530,2025-04-05 23:58:06.601488,PAID,5589.59
1218,922,2025-05-30 20:27:31.542814,PENDING,4879.15
1219,825,2025-12-23 05:12:51.540545,CANCELLED,12869.61
1220,414,2025-09-27 03:27:18.785721,SHIPPED,5283.15
1221,698,2025-11-10 08:46:48.973736,PAID,5102.8
1222,739,2025-09-19 11:21:08.401092,PENDING,7086.57
1223,672,2025-04-18 20:54:21.329769,COMPLETED,7661.94
1224,303,2026-08-23 20:21:41.823313,SHIPPED,1992.75
1225,929,2026-04-28 21:04:31.847759,COMPLETED,9314.83
1226,415,2026-04-24 03:37:41.481646,COMPLETED,6013.53
1227,755,2025-03-22 12:38:38.139924,PENDING,6157.49
1228,598,2025-10-20 17:52:11.718684,CANCELLED,13768.32
1229,836,2026-08-31 19:57:27.514655,PAID,7157.3
1230,352,2025-09-09 12:37:10.480634,PAID,5562.49
1231,703,2026-09-22 14:53:11.620430,CANCELLED,10027.47
1232,654,2025-11-21 23:44:53.464478,COMPLETED,7398.31
1233,929,2026-06-25 13:55:08.515256,INVALID_STATUS,6457.58
1234,520,2026-03-25 21:24:23.122891,SHIPPED,7570.36
1235,866,2025-09-05 04:16:47.886491,PAID,2911.06
1236,861,2025-08-12 23:46:24.884753,CANCELLED,3790.46
1237,186,2026-03-22 19:52:19.545606,SHIPPED,2103.18
1238,100,2025-09-13 07:41:58.245680,COMPLETED,1338.94
1239,132,2025-04-08 09:15:57.146983,SHIPPED,12311.95
1240,743,2025-03-24 22:53:49.468571,CANCELLED,7060.98
1241,782,2026-09-20 12:20:54.494174,PAID,7929.19
1242,970,2026-09-03 04:17:04.296893,SHIPPED,5404.01
1243,671,2026-02-01 10:53:40.426015,PENDING,3779.78
1244,228,2025-10-09 22:49:44.419671,SHIPPED,2804.6
1245,229,2026-09-29 14:09:26.059052,SHIPPED,12864.43
1246,431,2026-06-28 18:26:11.524419,SHIPPED,3603.42
1247,381,2025-10-09 23:52:15.188061,SHIPPED,4847.13
1248,600,2026-07-01 07:02:30.189544,SHIPPED,8030.48
1249,475,2025-06-21 23:32:27.388944,PENDING,6001.63
1250,482,2026-02-02 19:43:33.029408,PENDING,9920.15
1251,888,2025-10-29 23:14:45.237979,CANCELLED,249.06
1252,595,2026-06-14 10:57:33.080631,CANCELLED,1146.86
1253,101008,2026-02-27 14:32:17.072373,COMPLETED,2944.56
1254,911,2026-01-04 21:06:32.183807,PAID,7729.81
1255,513,2026-02-12 18:04:55.571607,PENDING,2813.36
1256,889,2025-08-19 16:54:19.021882,COMPLETED,4592.49
1257,543,2025-01-24 06:52:45.316071,SHIPPED,4188.43
1258,424,2026-09-15 00:41:53.385864,PENDING,10364.81
1259,892,2025-03-11 10:45:31.217740,PAID,11928.41
1260,141,2025-11-22 13:05:58.041543,PAID,9799.19
1261,351,2025-11-16 09:09:53.804299,COMPLETED,4361.32
1262,584,2025-11-05 09:24:06.083037,COMPLETED,3541.89
1263,147,2025-07-12 06:04:29.768726,SHIPPED,4437.05
1264,884,2025-04-03 21:02:07.958174,PAID,2803.02
1265,798,2025-05-31 02:48:49.562647,PENDING,6976.9
1266,500,2026-07-06 07:00:49.303372,SHIPPED,3876.13
1267,647,2026-06-02 20:40:27.253447,PAID,3690.15
1268,321,2025-07-16 05:57:50.413402,PENDING,13034.57
1269,5,2025-07-16 00:26:12.692801,COMPLETED,1334.38
1270,281,2025-09-25 11:57:22.505373,PAID,1417.74
1271,780,2026-04-17 10:21:13.623769,PAID,9250.83
1272,591,2025-08-30 10:07:02.699032,PAID,14773.49
1273,502,2025-04-08 04:56:31.660480,PENDING,4946.69
1274,133,2025-03-12 11:24:25.524815,CANCELLED,6037.74
1275,445,2025-02-25 10:18:59.399307,COMPLETED,3648.36
1276,101001,2026-05-20 10:07:30.420055,COMPLETED,11011.06
1277,989,2025-10-04 03:23:43.767703,COMPLETED,3020.29
1278,393,2025-06-11 06:32:02.292682,PENDING,5835.7
1279,39,2026-04-17 00:09:26.502675,CANCELLED,3625.45
1280,205,2025-08-16 07:21:51.779848,SHIPPED,2962.67
1281,973,2025-08-16 17:06:58.440801,PENDING,5693.95
1282,914,2026-01-02 17:49:42.080357,INVALID_STATUS,703.84
1283,776,2025-04-20 18:41:53.312439,CANCELLED,3476.27
1284,196,2026-09-11 19:03:21.941793,PENDING,8096.75
1285,693,2026-02-26 00:46:07.303810,PENDING,1895.6
1286,642,2025-06-26 08:25:29.223741,PAID,7260.54
1287,232,2025-06-30 14:08:12.301301,SHIPPED,6335.88
1288,320,2026-06-07 02:44:00.105698,PAID,1655.7
1289,106,2026-05-04 23:20:43.680412,COMPLETED,9280.06
1290,516,2025-03-06 11:39:56.666084,CANCELLED,2068.19
1291,314,2026-03-30 03:27:43.623243,PAID,8914.71
1292,67,2025-11-11 13:41:53.899251,PENDING,8758.58
1293,306,2025-05-05 18:29:16.521260,SHIPPED,3502.8
1294,467,2025-12-18 04:12:11.175694,CANCELLED,10850.99
1295,611,2025-12-05 21:40:46.306990,CANCELLED,834.95
1296,346,2025-10-23 18:37:57.550092,COMPLETED,7775.9
1297,910,2025-01-02 14:36:30.625469,PAID,1980.88
1298,351,2026-03-03 14:58:58.313736,COMPLETED,7357.77
1299,368,2025-05-29 23:22:42.407913,PAID,2456.84
1300,169,2025-05-24 18:31:04.583240,COMPLETED,8330.55
1301,20,2026-03-09 00:47:59.070509,PAID,1010.12
1302,230,2026-05-19 08:28:45.362122,PAID,1663.07
1303,217,2025-11-16 06:46:48.250879,PENDING,3518.91
1304,604,2026-07-06 05:34:09.116739,CANCELLED,6228.33
1305,174,2026-05-30 09:56:10.464313,PENDING,2229.92
1306,376,2026-04-07 22:07:39.677405,PENDING,7485.27
1307,385,2025-12-04 00:20:08.466737,SHIPPED,11944.15
1308,790,2025-06-26 20:54:23.805682,CANCELLED,1031.14
1309,639,2026-05-27 06:35:20.154787,PENDING,10392.93
1310,609,2025-12-09 12:05:57.548848,PENDING,1297.42
1311,678,2026-09-26 13:55:29.808310,PENDING,5724.27
1312,670,2025-09-16 11:40:53.092792,PENDING,10785.33
1313,50,2026-07-07 14:48:56.198263,PENDING,10043.42
1314,427,2025-01-12 16:00:12.805244,COMPLETED,851.12
1315,390,2026-06-25 05:19:02.026281,PENDING,1968.97
1316,561,2026-06-05 23:08:47.138797,SHIPPED,5575.56
1317,486,2026-09-26 12:15:14.960659,PAID,922.89
1318,211,2025-04-26 22:52:36.996141,PENDING,7498.89
1319,309,2025-04-13 17:11:57.578512,COMPLETED,13912.88
1320,678,2026-07-15 06:25:35.665132,PENDING,4269.48
1321,679,2025-07-18 10:03:50.108918,CANCELLED,10266.09
1322,277,2026-02-23 20:30:15.872460,CANCELLED,3406.94
1323,621,2025-06-27 23:31:32.603899,PAID,8472.11
1324,429,2026-05-27 18:28:42.186319,PENDING,5229.11
1325,524,2025-04-29 23:30:21.312836,CANCELLED,4546.79
1326,121,2026-07-05 17:09:46.957046,SHIPPED,1152.66
1327,117,2025-03-17 13:55:07.281209,PENDING,6519.66
1328,510,2025-09-14 02:58:50.256028,PAID,8293.41
1329,624,2025-07-18 09:20:54.370028,PAID,1110.27
1330,797,2026-04-20 15:43:57.445378,SHIPPED,8448.43
1331,852,2025-12-03 19:05:28.556724,CANCELLED,5768.13
1332,997,2025-01-03 16:10:37.071579,PAID,11957.91
1333,367,2026-08-27 12:39:47.988457,COMPLETED,7372.83
1334,303,2025-11-13 21:01:49.224769,PAID,10736.94
1335,41,2025-03-06 02:33:05.462457,CANCELLED,7227.05
1336,509,2026-04-11 17:27:56.888005,PAID,3269.52
1337,705,2026-07-11 12:34:54.807606,COMPLETED,13022.04
1338,339,2025-09-03 15:53:38.915862,PAID,1022.06
1339,3,2026-09-22 23:54:00.216182,PENDING,12212.61
1340,688,2025-05-10 06:45:31.461728,PENDING,7930.2
1341,929,2025-02-09 20:43:26.516872,PENDING,3442.76
1342,856,2026-03-22 21:03:25.246056,CANCELLED,5926.22
1343,101057,2025-03-09 00:17:21.710803,COMPLETED,6303.51
1344,153,2025-10-13 00:12:15.744557,PENDING,9391.59
1345,799,2026-06-13 07:26:16.471035,CANCELLED,4447.64
1346,77,2026-02-02 09:48:31.430341,PENDING,2077.22
1347,927,2026-08-06 02:57:42.328766,SHIPPED,2668.7
1348,660,2025-02-01 13:55:23.876124,PAID,11508.8
1349,468,2025-02-27 01:53:41.636379,SHIPPED,15769.11
1350,271,2025-06-26 02:27:22.324321,COMPLETED,997.56
1351,52,2026-08-22 16:08:37.555892,PENDING,124.53
1352,833,2025-05-14 21:19:27.431692,PAID,8142.67
1353,896,2026-08-10 07:28:35.989139,PENDING,1523.19
1354,873,2025-10-30 22:48:33.790220,SHIPPED,5788.37
1355,369,2025-03-16 12:04:51.377743,SHIPPED,2391.48
1356,437,2025-03-10 05:25:55.049924,PENDING,1900.78
1357,98,2026-03-17 03:07:07.363889,PENDING,8111.66
1358,10,2026-04-22 22:18:36.311638,INVALID_STATUS,6009.76
1359,680,2026-01-12 05:23:40.681684,PAID,6106.95
1360,337,2025-10-25 17:06:41.805710,SHIPPED,3612.1
1361,916,2026-02-21 02:58:10.498890,COMPLETED,3672.56
1362,979,2025-09-22 17:34:29.066174,CANCELLED,7408.63
1363,275,2026-05-14 01:41:04.709329,PENDING,4838.89
1364,382,2025-03-08 23:10:57.219996,SHIPPED,5178.26
1365,188,2026-02-07 03:46:50.494605,PENDING,825.38
1366,411,2025-09-05 12:20:52.558604,COMPLETED,9822.24
1367,986,2026-08-15 15:00:51.809505,COMPLETED,10844.08
1368,279,2026-05-01 05:41:19.955960,COMPLETED,4967.1
1369,707,2026-08-23 15:51:07.695032,COMPLETED,9364.42
1370,101036,2026-03-13 05:28:17.093953,INVALID_STATUS,9000.46
1371,665,2026-01-29 13:02:20.327049,PAID,7934.03
1372,116,2026-04-25 07:13:46.740515,PAID,866.93
1373,713,2025-02-02 11:49:04.010949,PENDING,5571.65
1374,966,2025-11-20 16:11:13.708360,PAID,3789.3
1375,107,2025-03-04 20:34:17.596271,COMPLETED,10405.04
1376,934,2026-02-18 10:23:34.973250,CANCELLED,10345.7
1377,495,2026-06-24 08:46:48.612351,CANCELLED,2976.26
1378,695,2026-02-10 20:27:41.327903,COMPLETED,8880.67
1379,186,2026-06-09 02:26:04.157162,CANCELLED,5982.57
1380,101034,2025-07-29 16:23:32.004107,SHIPPED,7633.66
1381,627,2025-08-21 15:39:07.762291,PENDING,13124.82
1382,884,2025-01-07 00:19:28.417305,PAID,10377.25
1383,495,2025-03-18 20:47:41.292055,COMPLETED,12992.05
1384,116,2025-05-12 10:46:39.828387,COMPLETED,8827.81
1385,452,2025-10-07 03:45:29.240402,PENDING,5016.39
1386,65,2025-05-23 13:34:18.122567,SHIPPED,10490.46
1387,671,2025-12-05 05:01:52.065064,SHIPPED,289.85
1388,13,2026-03-27 12:51:24.077846,CANCELLED,8509.12
1389,786,2025-01-15 10:34:08.412564,CANCELLED,7328.37
1390,742,2026-08-12 15:13:06.080922,CANCELLED,7750.85
1391,230,2025-12-23 01:48:23.347818,SHIPPED,3319.48
1392,532,2026-03-08 06:50:46.940491,CANCELLED,3022.22
1393,705,2026-06-19 01:59:46.977581,CANCELLED,6538.37
1394,98,2025-11-30 09:50:25.795121,COMPLETED,1385.76
1395,678,2025-01-03 05:01:37.999073,PAID,1344.01
1396,494,2025-03-29 18:57:32.697748,SHIPPED,7253.53
1397,680,2025-10-26 13:44:25.716647,COMPLETED,6402.0
1398,153,2026-05-01 04:03:11.369742,CANCELLED,9061.65
1399,914,2026-04-02 04:58:53.229711,CANCELLED,8148.8
1400,56,2025-10-26 13:13:25.457126,PENDING,3233.19
1401,659,2026-08-27 05:23:42.373567,PAID,1074.43
1402,518,2025-03-09 11:45:31.761389,COMPLETED,11929.23
1403,873,2025-01-18 12:55:57.389159,COMPLETED,10429.02
1404,891,2026-03-17 09:15:07.826030,PAID,6982.24
1405,77,2025-03-12 20:40:34.323846,COMPLETED,13180.35
1406,329,2026-01-28 17:35:58.507822,PAID,9184.6
1407,339,2026-09-15 15:42:54.587585,SHIPPED,856.34
1408,52,2025-04-09 15:40:30.124368,CANCELLED,5740.16
1409,229,2026-07-25 05:12:41.172759,CANCELLED,9643.91
1410,659,2026-03-08 19:52:03.287819,COMPLETED,7670.6
1411,413,2026-07-15 21:00:46.674113,PAID,2513.02
1412,81,2026-01-11 04:39:36.770851,COMPLETED,9424.89
1413,455,2026-09-23 05:52:09.808621,CANCELLED,7006.18
1414,459,2025-06-10 08:07:23.543143,INVALID_STATUS,3749.98
1415,878,2025-11-09 21:09:28.834980,COMPLETED,2425.83
1416,458,2025-03-18 22:50:55.309631,SHIPPED,6682.93
1417,122,2025-05-07 07:14:50.967737,COMPLETED,2971.28
1418,764,2025-08-05 04:26:26.131163,PENDING,6223.49
1419,106,2025-05-25 15:00:04.386199,COMPLETED,7865.41
1420,423,2025-10-13 10:43:19.119132,PENDING,3137.66
1421,571,2025-09-25 11:10:41.401402,CANCELLED,1477.68
1422,1,2026-07-05 18:42:51.274345,PENDING,9523.72
1423,811,2026-07-28 23:45:05.999184,CANCELLED,11367.29
1424,101000,2025-01-05 10:47:15.253386,CANCELLED,1921.24
1425,653,2026-05-25 07:05:35.898169,SHIPPED,2536.36
1426,912,2025-12-16 00:07:17.634494,CANCELLED,3648.36
1427,576,2026-03-06 20:15:07.081768,PAID,6121.65
1428,671,2026-04-03 00:15:42.046494,COMPLETED,6649.59
1429,974,2025-08-22 17:20:34.846823,SHIPPED,2761.13
1430,373,2025-08-13 12:15:43.183782,PENDING,4199.84
1431,837,2026-07-08 05:31:07.685462,PAID,1114.96
1432,865,2025-11-16 07:40:33.130556,COMPLETED,676.84
1433,340,2025-01-10 09:33:11.035689,CANCELLED,373.59
1434,786,2026-02-20 13:11:35.495444,CANCELLED,1752.48
1435,615,2026-03-03 21:42:48.963488,COMPLETED,11848.2
1436,734,2025-07-07 00:52:09.655040,SHIPPED,3216.33
1437,734,2026-05-25 09:08:23.640321,COMPLETED,2632.8
1438,117,2025-03-28 02:24:25.509274,PENDING,2497.34
1439,778,2026-07-14 02:30:07.852763,PAID,5560.02
1440,3,2026-09-08 00:54:07.944924,SHIPPED,6207.74
1441,364,2025-04-14 12:40:01.106453,SHIPPED,172.33
1442,561,2026-06-10 20:46:14.293463,CANCELLED,8407.72
1443,383,2025-09-07 06:26:43.553262,PENDING,4124.21
1444,47,2025-01-25 06:38:37.123204,PAID,263.89
1445,505,2026-09-26 17:37:37.009758,PAID,11113.01
1446,842,2026-01-20 08:56:28.900764,COMPLETED,4762.74
1447,110,2026-05-03 01:27:42.773458,SHIPPED,7967.83
1448,626,2025-12-18 20:21:14.885813,PAID,2001.57
1449,193,2026-06-25 07:58:36.407900,PENDING,5152.56
1450,953,2025-06-15 14:42:48.377471,COMPLETED,11347.95
1451,221,2026-03-02 03:38:16.948467,COMPLETED,3531.33
1452,845,2025-01-13 17:03:45.096649,PAID,4296.78
1453,734,2026-05-26 22:34:10.429254,SHIPPED,9923.69
1454,111,2026-03-12 06:27:46.314534,COMPLETED,6167.2
1455,48,2025-08-16 10:50:23.710632,CANCELLED,1505.9
1456,127,2025-10-06 18:16:56.215222,COMPLETED,7538.82
1457,101004,2026-03-17 06:42:44.253747,CANCELLED,12697.1
1458,980,2025-06-06 21:20:25.812095,CANCELLED,1976.66
1459,138,2026-06-27 02:40:29.254944,COMPLETED,3342.06
1460,5,2026-08-07 09:09:00.478619,CANCELLED,9806.97
1461,754,2025-08-21 15:56:09.902091,PENDING,5562.18
1462,567,2026-04-23 14:04:13.197613,COMPLETED,4839.6
1463,859,2026-07-14 19:50:57.864086,CANCELLED,10182.76
1464,495,2025-04-01 14:52:44.620226,CANCELLED,10281.89
1465,800,2025-07-25 08:13:45.873852,PAID,9849.4
1466,709,2026-04-15 10:34:03.928446,CANCELLED,4909.44
1467,178,2026-06-20 02:37:37.469454,PAID,3931.89
1468,107,2026-07-25 18:52:02.394005,COMPLETED,1047.88
1469,674,2026-06-10 08:41:17.904059,CANCELLED,1989.84
1470,621,2025-09-05 19:06:25.780437,SHIPPED,3360.15
1471,517,2025-01-03 19:33:13.645916,COMPLETED,10892.33
1472,429,2026-08-15 21:36:38.414568,CANCELLED,2420.86
1473,938,2025-05-19 19:40:15.498788,PAID,4721.93
1474,281,2025-08-21 05:14:29.399396,COMPLETED,10585.84
1475,987,2026-09-17 17:53:42.600554,SHIPPED,1913.52
1476,994,2026-09-02 06:49:29.145468,SHIPPED,6465.14
1477,464,2026-02-18 22:05:04.823058,PAID,7947.24
1478,142,2026-05-05 05:54:41.565113,COMPLETED,4834.15
1479,617,2026-07-24 14:22:13.467788,CANCELLED,7129.66
1480,307,2025-04-10 20:57:06.855872,CANCELLED,5634.83
1481,882,2026-06-26 08:45:43.723771,SHIPPED,6225.37
1482,729,2026-03-25 09:31:22.137776,CANCELLED,3816.47
1483,648,2026-03-20 07:21:42.019215,PAID,2306.37
1484,206,2026-01-31 13:28:57.264226,PAID,7984.52
1485,640,2026-07-07 07:38:13.915950,SHIPPED,10079.64
1486,704,2026-01-04 16:36:37.499112,SHIPPED,15328.78
1487,944,2025-07-04 02:24:22.271060,PAID,5508.84
1488,728,2026-06-30 16:02:20.469321,PAID,5074.56
1489,516,2025-11-18 03:53:44.511390,CANCELLED,3957.51
1490,711,2025-05-21 14:37:17.758214,SHIPPED,2380.38
1491,728,2025-01-07 12:28:18.370228,PENDING,5326.09
1492,780,2026-08-06 09:56:15.864113,SHIPPED,13249.16
1493,576,2026-04-17 05:17:35.665029,COMPLETED,9511.96
1494,597,2026-01-19 05:43:10.636496,CANCELLED,7536.25
1495,966,2026-06-01 10:54:15.115723,COMPLETED,3721.61
1496,691,2026-06-04 08:41:39.078429,CANCELLED,1604.27
1497,293,2025-07-21 20:36:24.860623,COMPLETED,504.96
1498,828,2025-05-26 20:49:51.309286,PENDING,5064.27
1499,536,2025-04-05 00:22:40.379760,PENDING,5698.67
1500,26,2025-08-23 23:25:27.412631,COMPLETED,702.03
1501,149,2025-02-15 11:15:34.320192,PENDING,648.71
1502,687,2025-10-31 20:39:51.110265,PENDING,3852.45
1503,101016,2025-08-21 16:43:17.187201,SHIPPED,5496.03
1504,769,2026-05-31 05:05:40.741221,PAID,7744.55
1505,294,2025-12-17 22:21:28.931735,SHIPPED,14524.18
1506,150,2025-09-05 15:07:09.613606,PENDING,7717.92
1507,708,2025-07-05 12:45:17.366508,SHIPPED,934.34
1508,209,2026-03-31 20:09:23.617961,CANCELLED,1684.35
1509,101026,2025-06-06 08:28:54.047335,SHIPPED,9846.46
1510,834,2026-03-03 00:32:09.519120,COMPLETED,5215.43
1511,105,2026-08-20 23:42:57.688283,CANCELLED,9139.08
1512,889,2026-07-05 06:37:37.307112,CANCELLED,3612.53
1513,886,2025-05-29 10:40:55.212822,PAID,8155.8
1514,761,2025-12-17 20:50:37.754408,CANCELLED,5916.23
1515,399,2025-03-01 15:14:57.735789,PAID,10500.26
1516,524,2025-07-27 21:26:24.806303,SHIPPED,5850.91
1517,710,2026-06-08 06:40:42.687920,PENDING,1491.76
1518,949,2026-07-16 17:40:18.256615,COMPLETED,5064.2
1519,397,2025-06-26 04:12:50.748796,COMPLETED,9533.07
1520,980,2025-11-15 03:37:06.592051,SHIPPED,6486.51
1521,990,2025-06-15 14:38:17.056955,CANCELLED,3537.24
1522,56,2026-09-26 22:23:15.009520,PENDING,8892.82
1523,762,2025-11-09 23:49:18.565732,SHIPPED,2787.55
1524,208,2026-06-08 07:51:55.481740,CANCELLED,7348.4
1525,890,2026-01-09 08:42:06.791262,COMPLETED,6656.85
1526,850,2025-09-28 19:44:02.432814,PAID,5372.64
1527,934,2026-09-04 22:35:59.520731,SHIPPED,5090.62
1528,774,2025-07-24 04:43:02.492270,CANCELLED,5859.03
1529,560,2025-06-07 10:43:28.285653,CANCELLED,4850.5
1530,202,2025-08-03 23:31:55.399854,PAID,5839.03
1531,302,2026-04-20 23:10:17.462980,COMPLETED,3786.18
1532,182,2026-08-07 09:12:08.140811,PENDING,7474.09
1533,192,2025-03-12 22:11:25.689754,PAID,4884.61
1534,753,2025-12-15 08:29:04.549212,CANCELLED,1410.38
1535,123,2025-02-18 17:13:28.864495,COMPLETED,8580.64
1536,42,2025-10-14 11:42:07.611886,COMPLETED,4258.64
1537,286,2025-11-11 07:54:19.199959,CANCELLED,8823.3
1538,271,2026-05-30 23:32:24.744979,PAID,1232.62
1539,165,2025-03-27 11:35:59.552968,CANCELLED,4128.58
1540,867,2026-01-13 20:55:11.564733,SHIPPED,12902.89
1541,6,2026-05-04 02:51:24.632887,SHIPPED,5373.7
1542,478,2025-11-14 13:33:22.532488,PAID,1319.17
1543,41,2025-03-04 19:39:21.220559,PAID,11094.19
1544,951,2025-08-20 03:14:25.242620,SHIPPED,2441.36
1545,612,2025-04-09 17:45:13.176811,PENDING,5068.98
1546,793,2026-06-29 21:42:08.948672,CANCELLED,10494.81
1547,864,2026-02-12 23:53:55.036606,SHIPPED,6552.07
1548,503,2026-05-02 10:17:08.723963,CANCELLED,14343.77
1549,564,2026-06-03 02:50:50.381822,SHIPPED,6295.53
1550,75,2025-10-22 15:59:48.956965,SHIPPED,6927.47
1551,539,2025-05-25 21:05:27.828931,PAID,1514.88
1552,980,2025-09-02 13:53:30.550568,PAID,2500.67
1553,534,2025-04-08 22:31:07.917791,PENDING,3379.45
1554,806,2026-05-17 22:59:23.603553,CANCELLED,7138.44
1555,164,2025-10-05 14:44:10.741239,COMPLETED,4479.73
1556,557,2026-04-16 22:29:17.180076,CANCELLED,10576.72
1557,414,2026-09-25 02:45:02.817783,PENDING,3757.88
1558,101035,2026-05-08 08:17:56.764928,PAID,6714.1
1559,905,2025-09-27 18:42:07.871240,PAID,4481.32
1560,680,2025-10-23 02:57:48.427312,SHIPPED,10618.35
1561,340,2025-04-01 04:17:47.259593,SHIPPED,5110.41
1562,301,2025-08-17 11:16:25.759826,PAID,3320.27
1563,974,2025-10-09 16:54:20.151831,CANCELLED,6914.38
1564,544,2025-01-18 10:16:11.206376,COMPLETED,3501.05
1565,575,2025-05-10 21:07:41.529429,PENDING,8273.6
1566,118,2026-06-12 13:38:49.024546,SHIPPED,6553.51
1567,457,2025-10-23 22:23:55.521370,PAID,16463.82
1568,927,2025-08-19 17:38:34.758718,CANCELLED,10835.54
1569,941,2026-05-29 21:57:11.819590,CANCELLED,7784.04
1570,250,2026-04-27 11:56:47.303362,PENDING,6041.03
1571,699,2025-11-03 16:14:19.229007,SHIPPED,11962.07
1572,391,2026-09-27 18:01:48.686819,PENDING,1818.55
1573,396,2026-04-26 04:24:01.640995,SHIPPED,4888.68
1574,554,2025-11-03 23:26:12.390319,SHIPPED,9203.96
1575,26,2026-04-07 01:22:16.946255,CANCELLED,13438.1
1576,842,2025-05-19 03:14:51.108156,SHIPPED,828.78
1577,527,2025-11-07 11:58:57.384957,CANCELLED,2380.38
1578,457,2025-07-15 19:11:08.693425,COMPLETED,6663.26
1579,45,2025-05-26 15:17:03.281314,SHIPPED,2201.74
1580,920,2025-01-11 04:09:40.536433,PAID,3444.86
1581,329,2025-04-29 11:37:41.562018,CANCELLED,5088.12
1582,85,2025-10-10 04:30:18.549195,PENDING,1232.62
1583,172,2026-06-09 00:19:35.881617,CANCELLED,1114.96
1584,547,2026-06-21 06:17:48.566640,PENDING,7386.09
1585,642,2025-11-18 01:50:18.681737,PENDING,10077.87
1586,216,2025-07-26 21:57:05.276757,PAID,5873.04
1587,886,2025-10-20 20:29:42.334257,COMPLETED,6530.94
1588,856,2025-04-26 12:30:41.749695,PENDING,12971.56
1589,211,2025-02-01 18:41:56.215910,CANCELLED,7917.02
1590,849,2025-12-25 22:52:31.976393,COMPLETED,12665.0
1591,663,2025-08-01 00:38:56.472444,PENDING,840.11
1592,765,2026-05-07 15:05:15.083778,PAID,8749.36
1593,25,2025-09-09 15:28:11.500906,COMPLETED,2505.11
1594,735,2025-12-03 21:55:11.029317,SHIPPED,9440.37
1595,39,2026-09-19 01:07:56.409741,PENDING,3861.43
1596,76,2026-07-25 01:19:01.624753,PENDING,6368.97
1597,183,2025-04-29 15:03:34.454900,SHIPPED,7893.06
1598,572,2025-11-26 07:58:08.078090,PENDING,7403.15
1599,589,2025-07-11 13:32:27.871324,PAID,6353.16
1600,933,2025-01-30 03:39:17.849865,SHIPPED,6529.04
1601,418,2025-09-23 19:16:37.844917,COMPLETED,8217.06
1602,462,2025-06-09 22:17:04.646868,COMPLETED,10678.28
1603,444,2025-01-07 13:29:35.014331,SHIPPED,7781.5
1604,18,2026-02-21 10:10:58.777998,COMPLETED,3670.62
1605,690,2025-08-29 16:24:19.139649,PENDING,8839.34
1606,548,2025-05-12 23:39:40.238042,INVALID_STATUS,5725.78
1607,657,2025-11-02 02:43:52.379122,CANCELLED,4591.8
1608,101005,2025-02-13 03:03:26.936374,CANCELLED,1295.22
1609,47,2026-06-17 14:59:27.945255,PENDING,9714.78
1610,367,2025-05-12 18:20:41.953551,CANCELLED,3473.17
1611,109,2025-08-04 19:23:45.178367,SHIPPED,5309.58
1612,806,2026-04-09 14:08:43.113973,SHIPPED,6506.48
1613,622,2026-09-09 21:05:53.777039,PENDING,10823.58
1614,289,2025-09-13 18:22:39.555284,COMPLETED,7163.46
1615,391,2025-09-24 09:48:57.130403,COMPLETED,3539.4
1616,842,2025-03-30 06:36:59.888335,PENDING,2013.0
1617,486,2026-01-21 04:29:54.130464,PAID,8195.0
1618,547,2025-05-20 00:18:09.787407,PAID,6830.91
1619,140,2025-12-04 12:15:34.779322,COMPLETED,9255.26
1620,816,2026-04-06 15:48:30.624338,CANCELLED,8944.46
1621,303,2026-06-18 07:14:00.008533,PAID,8943.12
1622,306,2026-01-23 12:13:29.885449,SHIPPED,6264.82
1623,981,2025-09-17 07:21:46.469849,INVALID_STATUS,2030.52
1624,567,2026-03-05 14:56:14.459368,CANCELLED,5514.86
1625,145,2025-01-20 06:34:06.915599,PENDING,5449.11
1626,43,2025-06-17 22:49:35.251628,PENDING,5066.12
1627,587,2026-08-10 00:25:01.882499,CANCELLED,2257.85
1628,404,2025-11-30 21:00:27.662339,CANCELLED,14787.22
1629,561,2025-09-08 23:30:02.930215,PENDING,4772.13
1630,313,2026-03-10 11:19:55.304219,PAID,5621.61
1631,767,2025-04-23 12:29:58.017337,INVALID_STATUS,630.3
1632,217,2026-03-19 17:19:45.208177,COMPLETED,2819.65
1633,928,2026-05-13 17:59:42.562888,CANCELLED,1063.31
1634,146,2026-05-11 23:52:00.911636,PAID,16321.54
1635,189,2025-06-15 16:39:09.292274,PAID,349.45
1636,632,2025-08-10 07:00:54.755393,SHIPPED,3738.17
1637,199,2025-01-17 04:54:53.301094,PENDING,10220.11
1638,186,2025-12-01 20:08:25.249221,CANCELLED,6280.92
1639,873,2026-06-17 05:56:32.423635,PENDING,3718.07
1640,872,2026-05-08 12:54:27.750935,CANCELLED,6720.31
1641,473,2025-10-30 13:57:04.748932,INVALID_STATUS,7590.8
1642,75,2026-01-04 13:54:11.707281,SHIPPED,10550.06
1643,688,2026-04-19 12:37:23.306581,PENDING,2559.58
1644,257,2026-09-03 13:28:41.767001,PENDING,346.48
1645,203,2025-07-28 20:43:05.883184,CANCELLED,4007.79
1646,499,2026-06-29 16:41:15.614569,SHIPPED,7684.44
1647,366,2025-10-01 17:49:57.402318,PAID,7426.55
1648,688,2025-06-14 04:53:09.047007,PAID,13025.11
1649,103,2025-01-06 15:16:29.523021,SHIPPED,1756.53
1650,635,2025-05-03 09:38:19.094507,PENDING,2685.12
1651,922,2026-02-23 16:18:37.719900,PAID,16038.57
1652,326,2025-07-25 05:23:46.289663,COMPLETED,11977.78
1653,462,2025-10-15 05:56:59.935064,SHIPPED,11678.98
1654,632,2026-04-16 01:02:43.117928,SHIPPED,7060.18
1655,711,2025-11-16 02:56:03.033819,CANCELLED,9357.86
1656,157,2026-07-17 14:40:15.654709,CANCELLED,3313.09
1657,581,2025-11-15 21:06:46.710915,SHIPPED,7660.23
1658,828,2025-08-05 06:46:55.953595,SHIPPED,8001.67
1659,982,2025-06-12 11:49:45.722619,COMPLETED,4151.82
1660,173,2025-10-06 09:08:56.912569,PENDING,11181.82
1661,321,2025-02-19 02:37:57.506791,PAID,4657.33
1662,805,2026-03-26 10:44:53.670228,PAID,4176.53
1663,730,2025-01-18 14:56:11.614780,COMPLETED,11292.82
1664,284,2026-06-15 06:55:46.786879,SHIPPED,4459.74
1665,138,2025-12-03 04:56:43.351381,SHIPPED,8433.19
1666,899,2025-04-04 21:21:12.211106,COMPLETED,6429.51
1667,474,2025-04-26 10:21:52.417038,COMPLETED,3966.88
1668,368,2025-05-15 00:24:23.129705,SHIPPED,1949.22
1669,499,2025-09-14 18:10:46.851116,CANCELLED,1120.05
1670,112,2026-06-19 04:38:08.800466,PAID,1295.22
1671,662,2025-10-18 13:43:22.076759,CANCELLED,1221.51
1672,84,2025-05-12 13:58:41.693020,SHIPPED,4430.67
1673,880,2025-02-08 01:09:03.697844,PAID,4865.91
1674,913,2025-04-23 07:53:15.524553,CANCELLED,414.39
1675,202,2026-08-26 01:49:34.796303,SHIPPED,6838.16
1676,752,2025-04-04 22:18:35.369545,PENDING,897.66
1677,745,2025-03-07 21:32:14.450272,PENDING,4027.19
1678,914,2026-05-01 21:15:46.270374,PENDING,3746.32
1679,870,2026-06-18 07:33:18.588525,CANCELLED,2044.14
1680,647,2026-06-14 14:59:08.440235,PENDING,11185.3
1681,833,2026-02-20 11:55:19.325866,CANCELLED,673.15
1682,593,2025-11-09 16:20:46.193624,COMPLETED,2628.72
1683,788,2026-01-23 02:30:51.964260,CANCELLED,8103.89
1684,218,2026-09-11 00:55:05.632784,PENDING,4067.73
1685,565,2025-03-10 00:22:51.590602,SHIPPED,11999.92
1686,557,2025-04-15 21:00:43.994127,CANCELLED,4425.33
1687,484,2026-05-13 06:45:06.419219,PAID,8719.16
1688,375,2025-04-11 13:23:42.394008,COMPLETED,15010.39
1689,229,2026-07-18 09:07:18.994720,CANCELLED,7668.62
1690,751,2025-08-26 07:16:54.353564,SHIPPED,6458.14
1691,138,2025-07-04 08:24:15.113699,COMPLETED,16981.55
1692,514,2026-06-19 02:26:11.091584,CANCELLED,9352.98
1693,93,2025-09-15 20:19:08.382128,COMPLETED,7515.45
1694,373,2025-12-20 02:33:48.976829,CANCELLED,11858.79
1695,11,2025-01-21 15:49:56.138483,PAID,2705.19
1696,869,2025-04-23 02:38:47.055607,CANCELLED,2523.77
1697,701,2025-03-08 01:47:33.853920,PAID,11820.85
1698,776,2025-09-29 01:00:57.055209,CANCELLED,3717.61
1699,144,2026-01-05 03:17:27.986924,COMPLETED,4684.34
1700,164,2025-05-13 06:38:31.963912,PAID,2135.82
1701,580,2026-07-01 10:23:22.160937,CANCELLED,3034.92
1702,676,2025-04-25 07:28:09.399060,PAID,1206.79
1703,101048,2025-01-19 21:03:03.911928,COMPLETED,6644.39
1704,962,2025-04-25 22:57:34.864495,SHIPPED,2773.99
1705,42,2025-09-21 15:03:04.206442,PAID,8021.52
1706,780,2026-09-06 04:04:25.822207,COMPLETED,2380.34
1707,238,2025-12-29 18:59:55.641750,PENDING,5784.51
1708,271,2025-12-17 15:22:07.415936,SHIPPED,6225.06
1709,240,2025-03-03 00:40:29.502018,PENDING,5111.17
1710,685,2026-09-17 19:00:57.295071,PAID,1895.6
1711,531,2025-06-19 19:09:07.611146,SHIPPED,1774.42
1712,398,2026-03-09 22:50:59.058707,COMPLETED,11004.05
1713,940,2025-06-21 09:22:45.453451,COMPLETED,8651.5
1714,903,2026-06-13 18:58:20.478073,PENDING,8802.34
1715,41,2025-02-08 15:08:30.988774,SHIPPED,9847.99
1716,106,2025-12-15 13:58:27.530388,CANCELLED,1594.32
1717,649,2026-07-09 00:11:55.308830,SHIPPED,6478.47
1718,855,2025-10-15 11:14:03.308220,SHIPPED,6440.18
1719,593,2026-07-18 16:44:05.957958,CANCELLED,6975.72
1720,584,2026-04-30 13:03:13.771146,PAID,5049.84
1721,386,2026-08-11 23:24:13.246056,COMPLETED,4207.41
1722,375,2026-05-30 08:53:35.361308,CANCELLED,4196.9
1723,670,2025-02-21 06:51:22.265794,PENDING,2909.98
1724,530,2026-08-13 10:00:18.089108,SHIPPED,3691.83
1725,386,2025-10-12 07:45:56.088616,PAID,6298.12
1726,529,2026-05-12 16:53:16.015826,COMPLETED,1094.79
1727,101002,2026-07-21 15:41:36.930474,SHIPPED,14729.43
1728,499,2026-03-14 04:33:41.631711,COMPLETED,11236.58
1729,909,2026-08-24 14:08:22.295129,CANCELLED,5241.9
1730,7,2025-07-05 18:56:07.925500,CANCELLED,344.66
1731,904,2025-05-07 12:07:56.610820,PAID,9246.9
1732,451,2025-04-28 20:53:11.964983,PAID,18271.98
1733,236,2026-06-17 19:31:18.377198,PENDING,6170.05
1734,527,2025-04-28 02:21:41.637365,SHIPPED,1686.16
1735,217,2026-08-08 22:21:11.072947,PAID,5547.82
1736,192,2025-08-29 08:34:05.249063,PAID,5200.79
1737,371,2025-05-23 20:00:03.323854,CANCELLED,1478.06
1738,735,2025-03-14 04:17:03.267853,PENDING,84.78
1739,677,2026-05-31 17:18:02.637244,PAID,1246.13
1740,425,2025-04-13 00:32:13.530658,SHIPPED,7846.06
1741,738,2025-06-27 18:29:26.243164,PENDING,7573.48
1742,494,2025-10-11 00:25:21.048375,COMPLETED,7206.69
1743,491,2026-09-17 12:43:54.449075,PAID,9415.48
1744,605,2026-08-08 07:57:04.848461,PAID,1789.2
1745,663,2025-01-04 09:36:12.177621,COMPLETED,1505.35
1746,23,2025-05-22 19:44:28.455811,PAID,9971.94
1747,45,2025-12-26 01:55:29.925633,PAID,9360.13
1748,588,2026-04-19 00:49:16.125897,CANCELLED,7430.19
1749,165,2026-04-28 11:25:32.320112,PAID,3204.08
1750,101041,2025-07-27 09:52:33.494993,CANCELLED,4282.76
1751,41,2025-02-08 19:58:25.250024,CANCELLED,9406.35
1752,151,2026-07-17 01:30:38.506116,PENDING,7827.42
1753,171,2026-01-28 20:51:26.969462,SHIPPED,8926.22
1754,945,2026-01-26 22:23:59.761934,PAID,2300.66
1755,530,2026-09-22 11:26:31.584373,COMPLETED,4549.27
1756,614,2025-07-27 09:09:55.594189,CANCELLED,844.82
1757,653,2026-03-22 21:15:47.135067,PENDING,4009.77
1758,900,2025-05-20 17:04:49.296378,SHIPPED,7769.4
1759,970,2026-01-21 19:20:20.471276,PENDING,13416.23
1760,222,2025-03-23 04:00:04.349964,COMPLETED,8325.22
1761,622,2026-03-24 01:20:16.487450,COMPLETED,4114.32
1762,889,2026-09-25 10:53:05.465460,COMPLETED,10673.13
1763,175,2025-11-11 16:44:24.966674,PAID,5913.72
1764,851,2025-12-12 02:32:18.846223,COMPLETED,3393.33
1765,616,2025-02-25 12:14:44.261305,PAID,364.93
1766,814,2026-07-25 21:17:42.610089,CANCELLED,6663.16
1767,841,2025-03-17 04:52:13.901978,PAID,15791.67
1768,639,2025-09-05 07:11:12.636503,CANCELLED,7136.52
1769,271,2025-08-11 01:31:13.499897,PAID,6453.82
1770,742,2025-01-31 11:16:13.803934,SHIPPED,7336.7
1771,945,2026-09-15 00:17:04.122415,COMPLETED,5319.66
1772,611,2025-12-26 07:54:21.187206,CANCELLED,4686.84
1773,71,2025-10-01 20:29:30.038627,PAID,6442.8
1774,388,2025-03-22 00:42:59.473001,COMPLETED,4324.01
1775,136,2025-10-02 15:00:20.733531,PENDING,3692.53
1776,17,2025-09-25 19:41:28.601204,PAID,5642.25
1777,536,2025-09-10 02:16:27.224196,CANCELLED,3229.79
1778,701,2025-07-31 06:13:37.714818,COMPLETED,11802.17
1779,847,2025-04-20 12:14:07.756195,PAID,8116.18
1780,621,2026-07-05 14:26:58.106771,PENDING,5642.4
1781,182,2025-12-19 18:59:47.425292,COMPLETED,8164.95
1782,924,2025-07-13 18:35:50.552528,INVALID_STATUS,8700.34
1783,615,2026-09-16 11:21:11.789608,INVALID_STATUS,6414.78
1784,899,2026-01-11 05:10:21.164509,CANCELLED,4598.82
1785,516,2025-06-18 22:14:04.742898,PENDING,11314.92
1786,96,2026-04-23 19:26:27.996336,COMPLETED,8707.45
1787,676,2026-01-10 02:42:49.555622,PAID,5367.46
1788,924,2025-01-15 22:13:23.036290,CANCELLED,1845.78
1789,553,2026-04-07 03:17:54.873825,PENDING,5412.78
1790,919,2025-11-19 14:45:00.210808,COMPLETED,3246.42
1791,535,2025-12-15 10:22:00.137422,COMPLETED,2889.44
1792,380,2025-07-12 06:18:41.084822,PENDING,5392.98
1793,715,2025-01-02 18:42:30.587093,CANCELLED,3424.62
1794,440,2026-04-23 08:11:18.973905,PAID,7402.61
1795,961,2026-09-26 23:47:57.916186,COMPLETED,249.06
1796,809,2026-04-26 18:09:50.188136,COMPLETED,4012.6
1797,359,2026-06-25 01:25:01.337349,CANCELLED,5642.25
1798,824,2025-01-14 20:16:35.400961,CANCELLED,9722.24
1799,101,2025-01-29 10:50:10.875826,COMPLETED,256.83
1800,138,2025-01-07 12:38:06.231068,SHIPPED,1063.31
1801,489,2026-04-02 02:03:54.384601,PAID,4945.02
1802,932,2025-03-07 21:27:55.076329,PENDING,6160.37
1803,291,2026-09-05 08:55:30.205900,CANCELLED,6021.86
1804,898,2026-06-23 18:06:06.817777,CANCELLED,95.7
1805,419,2026-01-15 14:58:28.946712,SHIPPED,9252.58
1806,194,2025-04-16 20:19:16.596493,PENDING,705.24
1807,101018,2026-05-08 07:27:44.609132,PENDING,3335.82
1808,592,2026-07-31 19:51:36.873565,CANCELLED,8815.33
1809,121,2026-05-11 11:45:03.598363,CANCELLED,8488.71
1810,8,2026-08-26 14:07:48.222466,COMPLETED,4376.34
1811,671,2026-07-17 18:58:15.897182,PAID,3441.49
1812,705,2025-06-01 23:15:59.293577,SHIPPED,2915.38
1813,419,2025-01-21 18:46:46.940521,SHIPPED,7239.56
1814,110,2025-06-15 06:32:38.220677,PAID,6118.17
1815,437,2026-01-01 04:55:49.893053,CANCELLED,5673.36
1816,260,2025-01-23 01:42:55.310599,SHIPPED,6005.71
1817,876,2025-05-24 15:48:41.483473,CANCELLED,6620.65
1818,434,2026-07-28 09:41:40.490054,CANCELLED,10306.14
1819,375,2025-08-11 08:10:09.622748,CANCELLED,9753.31
1820,283,2025-05-03 18:27:55.173698,COMPLETED,7439.81
1821,774,2025-05-12 14:42:43.311565,PAID,1949.22
1822,424,2025-01-05 04:27:18.034159,CANCELLED,209.68
1823,803,2025-04-18 00:56:08.766185,CANCELLED,515.57
1824,495,2025-08-17 02:21:35.317845,PAID,5359.56
1825,380,2025-01-26 23:45:54.031853,CANCELLED,2849.85
1826,569,2026-06-01 12:24:13.477541,COMPLETED,12358.34
1827,260,2026-08-01 22:39:13.954242,SHIPPED,10329.08
1828,592,2026-05-29 19:40:56.456338,SHIPPED,13852.42
1829,793,2025-08-08 12:07:52.710717,COMPLETED,8411.57
1830,754,2026-09-14 01:05:25.265619,PAID,6228.16
1831,876,2025-03-14 10:15:01.537060,PENDING,10770.1
1832,766,2026-07-19 11:04:52.588672,PAID,8726.7
1833,458,2025-05-25 08:13:07.848803,PAID,1186.41
1834,103,2025-08-04 10:00:52.129046,PAID,9893.47
1835,521,2025-07-29 14:55:22.571602,COMPLETED,1944.9
1836,805,2026-04-04 00:41:30.187562,SHIPPED,8280.34
1837,821,2026-07-27 13:56:23.654289,CANCELLED,2685.12
1838,629,2025-05-25 05:04:05.496170,PENDING,10842.27
1839,165,2025-09-16 06:36:20.777943,COMPLETED,1841.74
1840,988,2025-11-18 17:44:39.261672,PENDING,1710.64
1841,824,2025-12-20 16:43:40.063206,PENDING,4290.53
1842,844,2025-12-24 10:44:01.901031,PAID,3650.15
1843,483,2026-03-20 12:01:24.722478,CANCELLED,6169.46
1844,446,2025-05-13 19:12:42.888891,PENDING,419.36
1845,66,2025-05-04 13:01:53.907016,SHIPPED,6879.2
1846,228,2026-05-10 22:30:40.411252,SHIPPED,3772.08
1847,82,2025-05-03 23:21:32.401392,CANCELLED,8448.16
1848,39,2025-04-14 11:37:29.496551,COMPLETED,13012.14
1849,954,2026-06-27 04:09:59.263730,COMPLETED,5708.49
1850,629,2025-09-09 10:40:38.507200,CANCELLED,13609.3
1851,294,2025-04-15 03:05:33.535753,INVALID_STATUS,10850.97
1852,59,2025-09-30 06:28:06.685285,PAID,10514.99
1853,656,2025-01-05 14:53:47.688333,COMPLETED,9411.73
1854,450,2025-12-09 20:43:28.101299,PENDING,6278.61
1855,207,2025-08-10 06:30:07.335547,CANCELLED,10204.73
1856,293,2026-04-22 08:15:42.585575,PAID,8064.83
1857,35,2025-12-10 11:27:26.689580,CANCELLED,3251.96
1858,523,2026-02-16 13:54:58.688184,CANCELLED,7978.08
1859,716,2025-03-20 02:56:12.318174,PAID,5795.14
1860,630,2026-06-15 14:16:30.593598,PAID,4483.26
1861,691,2026-05-19 03:57:50.676275,PENDING,2554.04
1862,369,2026-04-26 04:42:29.725744,PAID,12828.99
1863,671,2025-02-27 17:12:48.092711,PENDING,8681.43
1864,1000,2026-07-16 06:01:29.835058,PAID,100.26
1865,89,2025-02-06 16:55:59.490062,SHIPPED,6957.58
1866,799,2026-05-13 16:31:11.377232,COMPLETED,4810.53
1867,362,2026-04-25 08:46:33.615837,COMPLETED,9276.99
1868,416,2025-09-08 14:53:14.566982,CANCELLED,87.18
1869,206,2026-08-03 02:17:49.082147,CANCELLED,9228.06
1870,16,2026-01-26 06:47:14.167225,PENDING,3464.26
1871,942,2026-01-28 05:38:05.812915,PENDING,8067.17
1872,563,2026-08-30 23:30:46.354157,SHIPPED,5065.95
1873,744,2025-03-17 05:21:07.597608,CANCELLED,3617.09
1874,937,2025-06-04 20:38:01.369572,CANCELLED,6571.28
1875,357,2025-11-13 17:04:31.599723,SHIPPED,6474.12
1876,987,2025-05-07 09:07:19.829929,INVALID_STATUS,124.53
1877,232,2025-11-03 22:56:30.690285,CANCELLED,2423.72
1878,987,2025-07-17 03:15:17.902013,PAID,12324.9
1879,466,2025-08-26 03:23:52.144650,COMPLETED,18650.15
1880,589,2025-04-13 02:43:59.708983,PENDING,11384.97
1881,268,2026-08-02 07:01:04.562379,PAID,3007.43
1882,417,2025-09-02 22:44:53.246591,CANCELLED,9850.86
1883,110,2026-01-15 19:11:46.372213,CANCELLED,8548.86
1884,75,2026-07-08 02:57:22.257215,CANCELLED,10579.16
1885,302,2026-02-13 21:43:28.918152,SHIPPED,8973.52
1886,970,2025-12-28 08:03:41.857058,PENDING,2201.14
1887,823,2026-07-30 06:37:55.278368,CANCELLED,7779.96
1888,980,2025-08-07 03:08:22.327702,SHIPPED,5974.83
1889,898,2026-09-22 01:22:55.352053,CANCELLED,1747.3
1890,833,2025-03-04 09:20:37.751381,INVALID_STATUS,14423.37
1891,257,2025-03-26 11:54:26.208760,COMPLETED,3730.66
1892,990,2025-09-10 08:15:05.349890,COMPLETED,124.53
1893,577,2025-02-18 11:55:08.774226,COMPLETED,797.64
1894,789,2025-05-27 03:40:23.054229,PAID,504.96
1895,776,2025-11-04 06:31:42.194037,SHIPPED,173.24
1896,985,2025-05-29 02:12:29.419274,COMPLETED,7786.37
1897,698,2025-09-13 16:46:41.400633,COMPLETED,2671.98
1898,919,2026-08-26 08:53:16.204951,CANCELLED,12908.8
1899,883,2026-06-30 11:18:52.016190,PENDING,3513.17
1900,494,2025-06-24 20:33:06.576645,PENDING,9475.38
1901,265,2025-07-23 04:54:05.071497,PENDING,3361.62
1902,392,2026-03-03 01:02:39.180894,PAID,11390.2
1903,694,2025-11-21 13:09:08.171204,PAID,1454.99
1904,820,2026-08-09 13:29:58.918748,SHIPPED,3243.94
1905,423,2025-06-10 16:42:09.363279,SHIPPED,6702.26
1906,529,2025-03-07 15:23:04.500381,CANCELLED,3360.15
1907,10,2026-08-01 20:10:26.362224,SHIPPED,11484.09
1908,255,2026-03-24 09:04:23.935938,SHIPPED,6680.32
1909,96,2026-07-23 01:08:04.668782,COMPLETED,6591.08
1910,690,2025-09-29 14:40:38.429383,SHIPPED,11261.91
1911,78,2025-10-14 04:29:11.627489,CANCELLED,8051.41
1912,954,2026-05-04 23:55:16.936286,PAID,3390.72
1913,488,2025-01-17 20:59:52.252628,SHIPPED,423.36
1914,363,2025-12-31 08:24:21.573710,PAID,5999.57
1915,916,2025-04-12 00:29:22.971556,CANCELLED,4333.42
1916,276,2026-04-19 06:51:01.399790,PAID,13129.05
1917,970,2025-12-07 02:00:06.960690,PAID,1756.32
1918,511,2025-06-21 08:29:32.188215,PAID,2336.37
1919,241,2026-07-12 23:15:41.659435,PAID,5982.12
1920,894,2025-06-22 13:37:19.771324,SHIPPED,4774.02
1921,212,2025-05-02 21:23:10.130168,INVALID_STATUS,9713.37
1922,208,2026-03-26 21:15:54.135278,PAID,8105.73
1923,857,2025-02-10 01:30:39.217165,CANCELLED,4637.3
1924,365,2026-03-17 21:51:59.613520,PAID,8167.95
1925,798,2026-07-03 17:14:10.844591,PENDING,4880.0
1926,123,2025-08-15 06:01:45.138090,PENDING,1703.47
1927,693,2025-07-22 18:04:40.311030,COMPLETED,15880.9
1928,629,2025-06-22 20:06:33.457686,PENDING,13043.9
1929,783,2026-04-05 05:30:22.737280,CANCELLED,11965.47
1930,981,2025-03-31 01:09:26.310476,PENDING,1702.7
1931,869,2026-01-07 05:50:56.453705,COMPLETED,2176.77
1932,381,2025-03-09 00:47:34.829393,CANCELLED,4615.2
1933,323,2025-06-01 16:37:25.492835,COMPLETED,4630.02
1934,920,2026-06-21 18:14:02.041217,CANCELLED,3704.88
1935,890,2025-11-27 02:48:26.539855,SHIPPED,6657.82
1936,503,2025-10-09 18:02:00.077242,PAID,9860.17
1937,783,2026-08-09 06:05:11.311278,CANCELLED,2565.11
1938,287,2025-10-22 02:45:46.328097,COMPLETED,699.78
1939,228,2025-03-31 02:26:11.553773,CANCELLED,8207.43
1940,132,2025-10-25 09:30:05.186933,INVALID_STATUS,8488.54
1941,539,2026-09-14 07:12:16.751487,COMPLETED,12504.53
1942,490,2025-08-27 20:13:36.860812,CANCELLED,6618.34
1943,34,2026-04-18 22:00:16.708024,CANCELLED,8593.54
1944,356,2026-07-03 15:51:13.080102,COMPLETED,11988.26
1945,882,2025-04-08 19:43:07.978079,PAID,3226.51
1946,469,2025-03-01 14:30:47.283759,PENDING,3169.02
1947,716,2025-12-14 20:57:46.109751,CANCELLED,6423.51
1948,472,2026-03-28 19:53:48.810784,SHIPPED,2859.8
1949,706,2025-06-12 06:56:57.408199,PENDING,6428.74
1950,13,2026-05-25 01:22:06.318182,PAID,5848.05
1951,389,2025-07-25 00:17:53.053677,CANCELLED,4473.38
1952,104,2026-08-18 11:16:31.754934,SHIPPED,11412.3
1953,371,2026-05-20 19:06:48.833351,CANCELLED,2090.78
1954,883,2026-01-12 20:48:36.234360,SHIPPED,2310.52
1955,192,2026-04-15 12:55:26.856615,CANCELLED,5510.8
1956,270,2026-09-11 07:16:30.861270,PAID,2957.6
1957,276,2025-07-13 00:03:00.785385,COMPLETED,9563.1
1958,982,2025-12-13 06:18:19.336765,CANCELLED,7338.45
1959,352,2025-11-11 07:16:32.429208,SHIPPED,5296.95
1960,189,2025-10-03 05:56:04.411721,COMPLETED,2861.75
1961,435,2026-02-09 12:31:59.138475,PAID,2943.4
1962,430,2026-06-14 05:31:50.952848,SHIPPED,3991.19
1963,374,2025-05-07 11:58:32.207776,INVALID_STATUS,10086.65
1964,287,2025-05-14 07:44:33.033182,INVALID_STATUS,1567.54
1965,185,2025-05-30 14:19:46.450472,CANCELLED,4551.92
1966,135,2025-04-19 13:25:17.288985,CANCELLED,10680.4
1967,703,2026-01-12 03:27:42.672088,PAID,16152.48
1968,834,2025-12-23 03:00:20.173434,PENDING,12063.2
1969,739,2025-08-15 00:53:26.841450,SHIPPED,10161.47
1970,824,2025-08-17 09:12:45.977562,PAID,5479.52
1971,569,2026-01-29 23:19:54.474028,COMPLETED,13865.43
1972,877,2025-02-06 11:13:50.954702,COMPLETED,5597.12
1973,201,2025-08-06 02:34:15.999117,PAID,8366.87
1974,820,2026-04-03 01:41:42.487517,PAID,1505.9
1975,485,2026-03-01 14:19:20.398453,PENDING,2075.8
1976,181,2026-09-05 12:03:21.695105,COMPLETED,3242.6
1977,512,2025-06-25 09:50:13.634719,PAID,3199.05
1978,915,2026-07-18 14:56:00.035169,CANCELLED,13489.48
1979,547,2025-08-01 19:13:07.062336,SHIPPED,5762.23
1980,805,2025-11-18 04:55:15.766452,COMPLETED,11509.45
1981,308,2026-05-16 10:32:55.011704,SHIPPED,5359.81
1982,576,2026-04-15 02:00:30.520371,CANCELLED,10804.85
1983,49,2025-12-05 09:33:30.288553,COMPLETED,5704.71
1984,102,2026-06-14 05:57:07.734825,PAID,7606.67
1985,62,2025-12-12 11:13:53.891233,PAID,8989.4
1986,834,2026-09-13 13:22:40.649236,SHIPPED,4723.98
1987,488,2025-07-24 13:37:28.386552,PENDING,8293.79
1988,461,2025-10-06 23:03:59.771910,SHIPPED,3040.71
1989,267,2026-05-22 09:39:57.193743,SHIPPED,3439.47
1990,369,2025-03-28 02:44:51.526853,CANCELLED,5686.8
1991,571,2026-05-19 02:03:53.715896,SHIPPED,4809.57
1992,353,2025-01-12 11:27:16.720784,PENDING,6638.87
1993,422,2025-11-21 01:12:01.052749,PENDING,6307.33
1994,360,2025-09-11 20:37:23.046220,CANCELLED,9592.84
1995,204,2025-03-21 23:02:31.560752,CANCELLED,3272.24
1996,590,2026-01-08 21:52:49.032708,CANCELLED,7583.88
1997,179,2025-04-18 08:43:48.649304,SHIPPED,5684.76
1998,364,2025-07-14 16:21:29.727651,SHIPPED,6542.4
1999,690,2025-05-19 06:12:34.011520,CANCELLED,5041.35
2000,500,2026-05-13 17:29:43.396581,COMPLETED,9617.05
2001,911,2026-07-13 04:24:21.832739,PENDING,1335.93
2002,391,2026-04-16 06:41:12.594674,CANCELLED,1053.11
2003,294,2025-02-21 03:18:15.284535,COMPLETED,3793.81
2004,647,2026-01-09 14:44:29.078612,PAID,838.53
2005,101033,2025-04-18 16:15:08.222822,PAID,1679.16
2006,656,2025-04-12 10:58:30.604845,SHIPPED,1162.38
2007,432,2025-04-28 02:46:35.194896,CANCELLED,12883.35
2008,586,2025-08-12 12:45:33.078397,COMPLETED,1517.01
2009,870,2026-04-27 16:17:03.119281,PENDING,2545.19
2010,82,2025-12-07 05:38:20.597820,PAID,7319.06
2011,352,2025-08-14 00:03:50.191029,PAID,5556.2
2012,322,2026-05-23 17:30:37.149732,SHIPPED,2568.3
2013,669,2026-08-19 18:44:49.096197,SHIPPED,8058.79
2014,728,2025-09-16 20:36:51.674357,SHIPPED,3086.68
2015,620,2026-04-28 22:09:26.835290,COMPLETED,8989.3
2016,278,2026-09-23 21:22:46.060630,COMPLETED,3189.93
2017,800,2025-10-13 07:51:54.904991,SHIPPED,300.78
2018,766,2025-12-19 11:25:49.305085,CANCELLED,13776.3
2019,534,2025-05-01 09:25:10.195966,COMPLETED,6825.83
2020,424,2026-05-01 04:27:18.345674,PAID,5625.68
2021,189,2026-07-16 22:59:29.773233,PENDING,5969.97
2022,129,2026-02-17 05:22:31.302552,PAID,8492.91
2023,678,2025-02-27 19:52:28.771113,SHIPPED,678.48
2024,964,2026-08-27 09:32:18.069493,PENDING,15558.6
2025,216,2026-05-21 21:10:28.306190,PAID,2881.14
2026,407,2025-06-06 17:54:41.548151,PENDING,3187.87
2027,98,2025-06-24 12:14:41.719540,PENDING,3596.41
2028,960,2025-07-03 09:47:39.867482,COMPLETED,5955.64
2029,562,2026-01-01 19:51:54.716926,PENDING,8562.03
2030,27,2026-01-14 23:39:34.121026,COMPLETED,3675.5
2031,537,2026-05-18 18:47:24.553843,PENDING,8217.11
2032,107,2026-01-22 07:10:45.150650,SHIPPED,1916.42
2033,633,2026-02-22 23:15:45.478486,PAID,19222.96
2034,87,2025-09-09 15:20:37.055363,COMPLETED,6158.82
2035,317,2026-06-15 11:32:58.041085,PAID,5639.73
2036,254,2025-10-10 21:05:46.111413,SHIPPED,5988.93
2037,454,2025-03-27 17:36:33.650129,PAID,4349.86
2038,135,2025-09-12 05:51:40.910956,CANCELLED,6470.34
2039,859,2025-06-17 07:58:23.528908,PAID,12463.21
2040,30,2026-06-15 04:56:52.976005,PENDING,6442.08
2041,680,2025-08-07 15:17:12.499592,SHIPPED,4863.32
2042,882,2026-06-20 08:57:52.932538,SHIPPED,5831.19
2043,885,2026-09-07 07:30:43.897566,COMPLETED,12454.96
2044,479,2025-08-19 12:19:30.825779,CANCELLED,9474.08
2045,958,2025-05-04 21:40:18.025654,SHIPPED,8753.06
2046,562,2025-02-12 14:07:36.005442,COMPLETED,1502.84
2047,139,2026-06-18 08:07:32.424624,CANCELLED,10760.1
2048,182,2026-02-17 19:06:27.253753,CANCELLED,9815.82
2049,612,2025-01-12 23:17:59.676392,COMPLETED,10322.06
2050,101029,2025-05-28 18:14:55.668168,CANCELLED,1019.97
2051,446,2025-02-17 18:25:38.773766,CANCELLED,2954.61
2052,656,2026-04-16 09:54:09.150138,CANCELLED,5687.69
2053,318,2025-02-23 20:21:58.961992,SHIPPED,9946.04
2054,494,2025-05-21 02:36:26.638090,CANCELLED,5662.2
2055,233,2025-08-25 12:42:09.275553,PENDING,8687.07
2056,453,2025-05-09 02:31:48.457193,SHIPPED,5621.84
2057,375,2026-01-31 00:59:26.304588,COMPLETED,7719.72
2058,267,2025-03-27 18:59:09.462645,PAID,6763.11
2059,311,2025-07-10 01:07:03.255325,PENDING,7433.89
2060,1,2025-10-23 19:52:25.079163,CANCELLED,10822.98
2061,835,2025-02-25 09:44:51.491090,PAID,11114.49
2062,353,2026-01-13 14:57:43.525188,SHIPPED,2671.86
2063,481,2025-09-01 22:06:24.408846,CANCELLED,11853.09
2064,101050,2025-01-04 16:38:29.546735,COMPLETED,5906.91
2065,970,2025-01-30 20:14:52.898291,COMPLETED,4792.0
2066,307,2026-09-08 17:27:59.030379,PENDING,2978.28
2067,785,2026-08-18 11:10:26.227628,COMPLETED,2703.24
2068,818,2025-04-02 14:17:06.417259,SHIPPED,3449.98
2069,612,2025-11-06 23:23:21.601296,PAID,8317.95
2070,816,2025-01-24 18:42:24.584482,PENDING,1845.78
2071,562,2025-09-13 04:24:20.654599,SHIPPED,8126.99
2072,194,2025-09-13 08:22:18.975533,COMPLETED,635.7
2073,904,2026-08-13 04:09:19.656270,CANCELLED,531.76
2074,448,2026-04-23 10:55:24.649578,COMPLETED,8088.39
2075,256,2026-06-15 03:33:33.505726,PAID,5834.7
2076,733,2025-02-05 00:31:12.367982,COMPLETED,10922.46
2077,849,2026-09-15 10:38:21.155597,COMPLETED,8489.79
2078,101027,2026-07-10 06:09:43.593414,SHIPPED,8844.69
2079,82,2025-09-07 09:48:09.092852,COMPLETED,14281.86
2080,641,2025-05-20 07:58:00.527216,INVALID_STATUS,15907.91
2081,530,2025-12-02 09:50:55.669309,INVALID_STATUS,9069.33
2082,827,2026-08-23 07:59:05.422740,SHIPPED,7786.12
2083,292,2025-01-07 14:04:17.085697,CANCELLED,4605.22
2084,829,2026-01-01 05:14:44.825806,SHIPPED,4060.96
2085,423,2025-05-26 15:15:27.150014,PAID,9344.38
2086,874,2025-04-21 16:04:59.073296,PENDING,3495.8
2087,187,2025-06-23 03:19:23.328742,PAID,511.03
2088,297,2025-02-27 12:05:48.731620,PENDING,8240.55
2089,653,2026-06-12 02:11:52.800397,COMPLETED,5537.82
2090,633,2026-02-25 11:08:26.108941,COMPLETED,6958.02
2091,279,2026-07-02 00:21:03.368230,CANCELLED,4889.34
2092,504,2026-03-06 13:31:07.325823,PAID,5594.46
2093,329,2025-05-12 03:55:58.258625,PENDING,1340.49
2094,156,2026-07-08 08:48:44.555379,PENDING,9466.1
2095,993,2025-05-07 11:15:28.012425,CANCELLED,622.22
2096,23,2025-09-19 19:31:59.925099,PAID,9640.52
2097,996,2025-01-08 22:20:25.848170,PENDING,6253.8
2098,289,2026-08-21 17:08:53.519047,SHIPPED,6852.33
2099,129,2026-01-29 18:50:40.136221,COMPLETED,1396.22
2100,745,2025-06-30 15:02:45.607701,PENDING,2767.44
2101,239,2025-03-01 10:21:58.123986,PENDING,5633.1
2102,155,2025-10-05 16:53:51.261399,PENDING,8510.77
2103,506,2025-03-29 13:03:54.366415,PAID,3991.26
2104,351,2025-05-08 15:09:36.129765,COMPLETED,8494.76
2105,320,2025-03-05 06:03:32.137567,COMPLETED,8121.69
2106,381,2025-08-11 15:22:05.324601,COMPLETED,11340.18
2107,714,2026-07-29 03:42:01.517654,PENDING,2251.23
2108,339,2025-07-03 13:20:43.946015,PENDING,499.25
2109,864,2026-08-08 00:30:01.710462,PAID,6941.88
2110,58,2025-05-06 10:45:31.318758,SHIPPED,1157.53
2111,795,2025-04-24 23:54:14.363239,COMPLETED,10154.71
2112,74,2025-10-27 18:37:27.549181,CANCELLED,9417.53
2113,482,2026-07-25 20:33:36.806028,PAID,3706.44
2114,197,2025-11-30 21:40:17.265320,SHIPPED,5341.12
2115,837,2025-11-01 01:50:01.658018,COMPLETED,2883.18
2116,849,2025-09-26 02:27:31.086691,PENDING,1362.76
2117,125,2026-08-10 01:23:42.736665,PAID,5129.26
2118,395,2025-01-21 04:33:52.977037,COMPLETED,2432.24
2119,254,2026-07-02 19:41:44.290910,PENDING,5854.59
2120,101056,2025-05-13 23:27:11.545286,COMPLETED,8339.89
2121,753,2025-06-10 03:25:56.437575,PENDING,2135.0
2122,534,2025-07-06 11:57:55.389856,PAID,8252.62
2123,485,2026-02-02 21:43:19.735065,COMPLETED,2753.53
2124,698,2025-01-29 17:05:03.786384,SHIPPED,5804.06
2125,959,2025-06-27 00:12:37.382938,SHIPPED,3403.17
2126,163,2025-10-01 10:12:57.790005,PENDING,9156.83
2127,763,2025-02-14 07:35:36.772596,CANCELLED,7751.16
2128,534,2025-07-29 03:10:43.101642,PENDING,6181.48
2129,260,2025-08-06 00:50:58.387663,COMPLETED,7719.44
2130,654,2025-11-23 09:34:26.854824,SHIPPED,4606.05
2131,204,2025-10-09 14:24:54.540563,SHIPPED,5737.79
2132,909,2026-09-29 17:27:31.580209,PENDING,487.27
2133,885,2026-06-18 07:12:01.468667,PAID,5144.71
2134,997,2025-11-12 10:28:16.117004,PENDING,6077.07
2135,242,2026-01-28 16:28:17.135934,COMPLETED,13334.72
2136,333,2025-05-01 10:41:08.382463,PENDING,9180.23
2137,172,2025-07-11 06:13:38.191916,SHIPPED,1744.14
2138,599,2025-04-27 14:18:01.541092,PENDING,6998.64
2139,406,2026-07-17 20:19:12.157880,PAID,248.85
2140,10,2025-07-03 03:01:14.560375,PENDING,12009.85
2141,596,2025-05-20 20:16:41.914136,COMPLETED,1893.09
2142,705,2025-07-16 06:46:27.701859,CANCELLED,4811.34
2143,159,2026-05-08 05:08:27.766553,SHIPPED,7221.2
2144,790,2025-02-19 14:48:18.844185,PENDING,3231.58
2145,255,2025-11-13 13:58:17.182554,PAID,8398.31
2146,512,2025-05-20 17:42:00.025112,PENDING,2682.72
2147,703,2025-08-09 08:00:22.198811,CANCELLED,10674.29
2148,347,2026-05-14 05:12:51.181795,PENDING,4172.74
2149,62,2026-05-23 22:21:04.595000,SHIPPED,4233.67
2150,661,2025-11-16 15:03:15.057744,PAID,11853.14
2151,719,2025-09-06 00:05:55.336037,CANCELLED,3202.5
2152,811,2025-06-13 00:39:04.397168,PENDING,7785.7
2153,129,2025-12-30 20:00:51.014817,INVALID_STATUS,8915.12
2154,239,2026-09-29 08:41:51.443846,SHIPPED,9439.53
2155,572,2025-04-16 14:15:19.346023,SHIPPED,2868.64
2156,825,2026-07-12 16:55:50.757038,COMPLETED,4539.58
2157,751,2026-05-08 23:44:55.896441,PAID,8681.15
2158,22,2025-08-24 21:12:01.730650,COMPLETED,2568.3
2159,367,2025-05-24 19:14:25.972949,PAID,14814.23
2160,257,2026-06-22 05:43:30.896733,PENDING,6184.75
2161,497,2025-03-29 06:55:06.877061,COMPLETED,2736.75
2162,573,2025-12-23 21:42:54.593813,SHIPPED,2330.4
2163,556,2025-01-27 10:52:22.285021,COMPLETED,7804.95
2164,195,2026-03-16 01:56:20.557324,CANCELLED,11491.93
2165,192,2025-04-21 08:18:41.377667,CANCELLED,3381.02
2166,357,2025-11-26 00:40:09.694955,SHIPPED,3898.44
2167,750,2026-04-14 06:07:23.146735,COMPLETED,10746.87
2168,282,2025-06-19 20:22:01.104026,CANCELLED,352.62
2169,937,2026-02-21 12:14:22.102562,CANCELLED,2638.34
2170,165,2026-09-17 18:19:10.821354,PENDING,10457.07
2171,544,2025-01-03 01:11:45.517105,PAID,1553.5
2172,461,2025-08-05 05:17:28.058525,SHIPPED,13578.18
2173,840,2025-11-16 13:09:55.531854,SHIPPED,1988.19
2174,555,2025-08-04 03:27:13.742914,SHIPPED,1679.16
2175,465,2026-07-20 00:51:51.530040,PENDING,4350.48
2176,795,2025-11-04 07:55:30.133302,CANCELLED,1741.7
2177,389,2026-08-26 00:30:09.702471,PAID,10316.04
2178,905,2025-04-22 06:07:23.037175,PENDING,2471.08
2179,635,2025-09-07 08:09:24.108849,SHIPPED,4614.92
2180,795,2025-06-27 16:48:26.552571,CANCELLED,2626.32
2181,245,2025-07-24 23:32:52.324282,SHIPPED,12109.77
2182,739,2026-01-12 09:33:54.545857,PENDING,5157.57
2183,675,2025-01-11 05:02:41.020223,CANCELLED,4225.15
2184,839,2026-05-25 04:14:57.868010,COMPLETED,5497.91
2185,195,2026-01-07 00:42:34.894393,CANCELLED,692.88
2186,700,2025-05-21 14:22:27.957850,COMPLETED,2166.96
2187,785,2025-12-07 10:57:01.917764,CANCELLED,2413.58
2188,158,2025-06-17 01:27:03.306828,CANCELLED,7578.8
2189,290,2025-09-30 15:26:46.265015,SHIPPED,2020.32
2190,420,2025-07-14 09:56:40.825044,SHIPPED,5064.08
2191,114,2026-06-25 00:32:08.589262,PENDING,14070.51
2192,536,2026-02-10 04:30:48.752222,PENDING,8299.01
2193,45,2026-04-16 05:32:39.320996,PAID,903.79
2194,183,2025-07-07 07:36:12.456941,PENDING,3804.84
2195,207,2025-10-18 16:18:39.532356,PENDING,11644.76
2196,498,2026-09-03 01:06:19.726788,PAID,11734.15
2197,102,2025-11-30 09:17:23.970106,PENDING,1477.68
2198,585,2025-06-25 23:09:44.672277,COMPLETED,6428.54
2199,674,2025-10-19 14:08:30.457432,COMPLETED,6652.97
2200,539,2025-09-10 18:17:50.461656,CANCELLED,879.82
2201,719,2025-08-28 08:42:08.281036,CANCELLED,8443.38
2202,263,2025-12-12 22:39:34.343814,PENDING,8893.66
2203,376,2025-10-15 23:24:43.618633,PAID,3591.21
2204,621,2026-02-20 20:44:50.686344,PENDING,4964.81
2205,14,2026-07-01 05:12:06.630718,PAID,3804.54
2206,672,2026-07-15 11:08:12.247910,COMPLETED,2671.98
2207,951,2025-06-13 14:06:26.216883,PENDING,4001.48
2208,480,2025-09-22 04:36:17.752262,PENDING,8435.44
2209,370,2025-10-26 04:07:18.599421,CANCELLED,11742.03
2210,762,2026-03-10 11:31:59.221459,COMPLETED,8265.2
2211,842,2025-09-05 08:27:14.087800,SHIPPED,10496.79
2212,814,2025-05-30 04:33:31.917152,PENDING,955.36
2213,844,2025-12-20 02:28:03.451735,CANCELLED,5615.96
2214,101037,2026-06-01 05:28:41.338565,CANCELLED,1216.12
2215,42,2026-09-08 11:06:50.754139,PENDING,10703.57
2216,855,2025-02-12 20:06:08.007630,SHIPPED,3804.54
2217,80,2026-02-25 12:28:10.002465,PAID,11604.64
2218,984,2026-07-17 21:17:17.983202,CANCELLED,14272.32
2219,100,2025-02-25 14:06:09.780978,PENDING,1206.79
2220,743,2025-08-26 19:48:30.306373,PAID,8065.88
2221,545,2025-11-27 04:24:25.330028,COMPLETED,4470.49
2222,195,2026-01-24 11:55:02.188835,PAID,13926.74
2223,539,2025-01-22 09:50:28.215279,PAID,12344.13
2224,584,2025-02-08 03:49:04.399340,PAID,11774.06
2225,572,2025-10-16 21:26:57.124387,CANCELLED,7928.58
2226,426,2026-08-13 19:59:13.299462,PENDING,7564.8
2227,785,2025-04-17 12:08:30.557868,CANCELLED,10801.18
2228,367,2026-06-22 21:54:14.027767,COMPLETED,3501.61
2229,720,2025-01-08 01:51:20.228515,COMPLETED,7668.52
2230,905,2025-11-26 20:39:32.880715,PENDING,12550.08
2231,171,2025-08-02 10:11:35.690022,PAID,6693.88
2232,564,2026-03-22 00:11:09.456145,COMPLETED,5978.44
2233,517,2026-02-19 13:55:21.181190,SHIPPED,8234.42
2234,674,2026-06-19 09:45:31.865042,PAID,4198.93
2235,547,2025-09-03 16:01:10.261669,CANCELLED,5282.02
2236,454,2025-07-05 01:20:11.475411,SHIPPED,9711.22
2237,925,2025-05-31 16:30:32.456753,SHIPPED,1531.05
2238,564,2025-09-20 18:58:25.452142,SHIPPED,11194.84
2239,866,2026-07-17 21:48:53.664601,SHIPPED,15655.19
2240,423,2025-01-22 05:22:19.212778,COMPLETED,4919.34
2241,846,2026-07-28 19:59:59.368258,SHIPPED,9969.75
2242,624,2025-05-26 09:30:25.513402,PAID,4000.36
2243,577,2025-06-08 05:02:56.903961,CANCELLED,10104.03
2244,220,2025-06-20 08:26:34.032315,COMPLETED,2135.34
2245,785,2025-09-29 00:37:33.955369,CANCELLED,9427.07
2246,949,2025-11-21 20:48:35.829885,SHIPPED,11730.59
2247,369,2025-05-15 19:01:40.501679,COMPLETED,2546.47
2248,459,2025-09-10 21:02:03.871826,COMPLETED,289.85
2249,1,2026-02-16 06:18:02.506132,PENDING,6441.49
2250,292,2026-03-01 19:49:50.186656,CANCELLED,167.6
2251,17,2025-01-15 04:44:25.899156,CANCELLED,1232.62
2252,139,2025-09-16 02:29:34.182022,SHIPPED,14736.81
2253,7,2026-03-24 03:18:31.176721,SHIPPED,3964.01
2254,228,2026-07-21 07:54:41.271540,PAID,5354.61
2255,877,2025-03-18 17:09:26.320938,SHIPPED,5655.2
2256,23,2026-08-19 06:20:25.282777,SHIPPED,1515.18
2257,942,2025-04-27 18:39:11.667865,CANCELLED,11049.4
2258,524,2025-04-28 00:22:27.314591,CANCELLED,8424.27
2259,585,2025-09-19 18:42:24.311575,CANCELLED,5667.45
2260,159,2026-07-02 03:54:11.432963,PENDING,10331.33
2261,39,2026-08-05 08:40:13.433187,COMPLETED,6659.3
2262,365,2026-02-14 20:00:59.745076,PAID,9201.52
2263,142,2026-05-11 03:39:59.459032,SHIPPED,8067.41
2264,376,2026-01-27 22:17:22.855075,CANCELLED,9714.62
2265,256,2026-05-07 23:02:33.906822,PAID,6893.82
2266,263,2025-10-16 10:53:29.331424,SHIPPED,2557.65
2267,95,2026-02-17 19:31:05.554589,CANCELLED,5494.91
2268,410,2025-10-02 22:03:42.769666,CANCELLED,10061.9
2269,940,2025-05-20 02:28:30.584069,PAID,4298.41
2270,752,2026-04-30 20:00:35.910840,PENDING,4723.98
2271,741,2026-03-08 10:46:57.206564,SHIPPED,381.98
2272,812,2026-05-31 17:16:26.281263,COMPLETED,9930.76
2273,101014,2025-01-30 18:55:48.069575,COMPLETED,14064.84
2274,846,2025-10-28 07:47:24.402889,CANCELLED,2978.52
2275,840,2025-05-11 22:43:47.302273,PENDING,685.09
2276,610,2025-09-22 14:02:24.418100,SHIPPED,3480.11
2277,39,2025-07-14 09:15:32.597426,CANCELLED,10702.34
2278,391,2026-06-03 19:49:03.450116,PENDING,6877.57
2279,799,2026-03-21 06:54:10.508118,PENDING,6284.08
2280,944,2026-03-19 12:23:44.609762,SHIPPED,9502.03
2281,357,2026-07-09 01:49:42.064259,COMPLETED,5208.52
2282,101012,2025-11-18 08:53:04.288259,PENDING,3958.25
2283,891,2025-11-04 05:55:13.005761,PAID,4710.02
2284,766,2025-09-13 01:48:47.395121,CANCELLED,6684.94
2285,951,2026-04-19 07:50:05.314157,PENDING,6892.31
2286,650,2025-07-20 21:56:30.687477,COMPLETED,752.4
2287,56,2026-09-27 08:03:40.500867,SHIPPED,8968.53
2288,537,2025-07-25 20:27:37.329951,PENDING,12934.22
2289,327,2025-01-14 23:26:40.401831,CANCELLED,6432.69
2290,579,2026-03-04 22:27:28.021925,PAID,5876.55
2291,335,2025-07-13 02:41:12.797777,CANCELLED,3377.84
2292,715,2025-03-30 01:49:36.976070,PAID,2803.02
2293,157,2026-06-13 13:00:33.624548,PENDING,1907.04
2294,690,2026-03-20 01:42:50.874951,COMPLETED,4941.77
2295,995,2025-02-07 10:32:58.453194,COMPLETED,7502.22
2296,771,2026-02-18 08:49:26.031627,CANCELLED,2939.25
2297,590,2025-12-24 22:33:33.049972,INVALID_STATUS,16521.45
2298,93,2026-05-04 01:35:30.438732,PAID,1307.46
2299,443,2026-05-03 23:15:56.834681,SHIPPED,6057.38
2300,806,2025-12-14 18:02:09.452485,COMPLETED,13644.22
2301,152,2025-09-14 03:21:01.183019,PAID,10542.19
2302,345,2026-04-07 10:59:36.349243,PENDING,5726.15
2303,488,2025-01-19 23:22:18.987763,CANCELLED,7892.34
2304,764,2025-09-07 07:13:39.566379,PENDING,2717.55
2305,562,2025-04-30 04:34:22.378776,COMPLETED,6096.19
2306,269,2025-02-09 00:58:32.633692,PENDING,6478.47
2307,409,2025-02-14 11:40:38.154999,CANCELLED,2702.42
2308,445,2026-05-02 19:08:53.321796,PAID,4653.15
2309,781,2026-01-04 16:30:18.749243,PAID,10661.74
2310,493,2026-09-06 20:33:10.466920,CANCELLED,3278.63
2311,203,2026-07-26 20:21:10.513845,COMPLETED,5976.83
2312,405,2025-01-10 11:04:38.932211,CANCELLED,15721.95
2313,201,2025-05-03 06:39:54.310542,CANCELLED,10359.19
2314,631,2026-06-01 12:21:28.460799,CANCELLED,7543.94
2315,253,2026-01-06 21:41:50.527763,PAID,12062.28
2316,74,2026-05-05 04:17:15.079903,SHIPPED,9391.02
2317,796,2025-11-21 17:21:05.297219,COMPLETED,7879.63
2318,332,2026-01-28 19:44:48.129465,CANCELLED,5733.86
2319,92,2026-03-06 07:30:16.414434,PENDING,1505.9
2320,688,2025-12-28 12:33:00.683597,COMPLETED,5339.56
2321,434,2025-12-09 07:00:25.923219,SHIPPED,17399.06
2322,357,2025-04-12 21:54:43.708096,PAID,9096.37
2323,329,2025-03-18 13:24:35.658142,SHIPPED,6897.02
2324,609,2025-04-09 04:47:57.816157,PENDING,5679.27
2325,789,2026-03-25 03:34:35.055159,SHIPPED,4166.4
2326,174,2026-09-09 03:57:16.253318,SHIPPED,4384.22
2327,632,2026-05-06 22:02:19.463410,COMPLETED,6302.2
2328,639,2026-05-08 22:16:51.942400,PAID,9461.1
2329,452,2025-05-29 21:31:15.457498,PENDING,8928.88
2330,947,2025-02-27 16:46:17.984419,PAID,6658.0
2331,205,2026-04-16 13:10:39.995284,SHIPPED,7771.09
2332,160,2026-08-12 06:30:20.867936,PENDING,16112.65
2333,116,2025-12-07 14:58:36.067760,PENDING,10553.02
2334,249,2026-06-09 15:57:13.857429,INVALID_STATUS,10043.24
2335,949,2025-07-16 11:29:54.513052,PAID,6381.54
2336,890,2025-06-17 10:05:28.275448,SHIPPED,5110.41
2337,15,2025-09-16 12:48:26.424118,SHIPPED,5885.46
2338,711,2025-07-06 06:08:06.565140,PENDING,6551.94
2339,313,2025-01-20 06:31:47.856293,COMPLETED,11213.11
2340,483,2026-04-04 01:27:14.489058,PENDING,6906.97
2341,340,2026-01-13 06:52:47.623415,PAID,9991.6
2342,758,2026-03-15 06:46:52.342789,CANCELLED,6416.11
2343,217,2026-03-01 04:27:59.194738,PAID,8319.23
2344,560,2026-09-13 10:33:17.105135,CANCELLED,997.56
2345,769,2025-02-25 13:38:42.527603,SHIPPED,4565.17
2346,562,2026-05-07 22:49:06.768893,COMPLETED,12047.79
2347,638,2026-09-03 23:24:11.594688,PAID,3624.77
2348,101049,2025-07-12 23:40:45.565457,PENDING,5710.41
2349,386,2026-09-24 08:15:05.073978,CANCELLED,1288.46
2350,928,2026-01-19 18:13:48.344060,CANCELLED,13632.24
2351,45,2025-01-13 07:10:47.698587,SHIPPED,10718.69
2352,175,2025-06-30 02:13:30.603203,PENDING,1880.75
2353,291,2026-05-10 12:08:18.891418,PAID,502.8
2354,809,2026-01-25 11:54:41.568714,CANCELLED,1655.7
2355,278,2025-09-25 00:47:18.510693,PENDING,8327.91
2356,477,2025-01-18 02:07:02.814480,PENDING,4347.02
2357,69,2025-08-31 16:23:57.654619,COMPLETED,13260.44
2358,677,2025-04-25 14:31:43.043938,SHIPPED,3149.32
2359,679,2026-01-29 14:26:08.263304,SHIPPED,5363.7
2360,101020,2026-06-07 20:34:57.156336,PENDING,14792.48
2361,20,2025-10-08 04:51:54.357385,SHIPPED,7571.94
2362,889,2025-01-02 06:29:52.129775,INVALID_STATUS,7969.51
2363,237,2025-06-14 21:35:37.772253,COMPLETED,2306.37
2364,521,2026-01-23 10:20:13.820897,PENDING,7660.6
2365,926,2025-04-14 14:45:42.782895,SHIPPED,10319.69
2366,497,2026-09-30 13:52:54.320931,CANCELLED,8173.39
2367,545,2025-05-29 00:23:16.637079,PENDING,6107.22
2368,191,2026-08-06 03:37:48.436255,PAID,2881.14
2369,513,2026-04-19 17:08:49.071700,COMPLETED,10496.66
2370,575,2025-06-27 07:45:25.497450,PENDING,3353.03
2371,41,2026-05-17 16:35:11.412538,PAID,5653.82
2372,945,2026-06-02 21:06:12.653232,CANCELLED,6076.29
2373,313,2026-03-21 22:12:06.848770,SHIPPED,3786.18
2374,502,2026-05-15 10:23:12.280664,COMPLETED,7803.06
2375,763,2026-03-19 14:30:49.277170,PAID,3603.27
2376,19,2026-06-09 10:51:45.929179,SHIPPED,9943.08
2377,701,2025-02-18 01:40:40.151828,SHIPPED,10433.1
2378,364,2026-04-08 08:17:15.568118,SHIPPED,980.03
2379,242,2025-03-13 05:31:27.232506,CANCELLED,7867.63
2380,283,2025-10-28 19:14:24.601026,PENDING,3629.07
2381,641,2026-07-03 16:48:57.660260,SHIPPED,5846.07
2382,900,2025-01-04 13:26:48.592308,COMPLETED,2949.23
2383,912,2026-02-09 12:04:43.729519,PENDING,5902.07
2384,967,2026-09-01 13:19:22.790108,CANCELLED,903.79
2385,972,2025-06-22 22:45:58.843289,SHIPPED,11469.05
2386,231,2025-05-22 12:06:34.985385,PAID,5499.87
2387,350,2025-03-14 16:00:10.142595,COMPLETED,249.06
2388,673,2026-07-18 08:55:39.614778,PAID,10112.04
2389,90,2025-12-03 16:12:09.700740,COMPLETED,1871.73
2390,534,2026-07-06 00:56:07.003633,CANCELLED,7266.47
2391,894,2026-04-30 00:02:33.406093,PAID,4058.11
2392,428,2026-08-11 16:28:26.037960,PAID,2077.56
2393,587,2025-03-07 16:27:52.383195,PAID,4379.0
2394,437,2026-02-20 00:19:26.743466,SHIPPED,15254.01
2395,932,2025-06-11 03:46:36.202271,CANCELLED,127.17
2396,338,2026-05-08 18:58:13.341182,COMPLETED,2763.96
2397,556,2026-08-11 14:28:32.084328,PAID,3368.88
2398,212,2026-02-24 21:53:44.265782,PAID,11509.89
2399,595,2026-07-29 23:58:42.196358,CANCELLED,4630.02
2400,101032,2026-02-22 06:47:50.851148,PAID,10114.74
2401,884,2025-03-01 10:22:05.665901,PAID,7708.55
2402,317,2025-01-01 22:32:59.834658,CANCELLED,7529.46
2403,101047,2026-08-23 09:21:15.502598,PAID,6220.69
2404,441,2026-05-10 06:22:11.229853,PAID,8396.76
2405,672,2025-03-15 00:16:09.096918,CANCELLED,5417.36
2406,940,2025-02-04 16:57:38.765013,PAID,1974.03
2407,326,2026-01-18 05:04:05.040308,PENDING,7161.82
2408,571,2025-04-10 13:50:04.167454,CANCELLED,17169.46
2409,972,2026-02-07 10:58:27.806045,PENDING,1195.64
2410,189,2025-01-28 03:14:20.531220,SHIPPED,1307.46
2411,860,2026-07-16 08:02:28.325671,PAID,681.38
2412,745,2025-05-10 21:19:31.617115,PENDING,10290.95
2413,784,2025-11-24 09:46:24.948801,SHIPPED,4051.33
2414,902,2025-12-11 03:37:04.389021,COMPLETED,5926.56
2415,985,2025-11-27 05:12:22.238935,COMPLETED,13518.55
2416,311,2026-07-28 02:04:05.907465,COMPLETED,4673.97
2417,764,2026-09-06 01:54:36.848344,SHIPPED,10599.69
2418,156,2025-02-11 20:18:50.143717,PAID,2063.47
2419,110,2025-04-12 15:43:21.562423,PAID,4668.19
2420,190,2025-04-06 20:12:32.667743,PENDING,4850.41
2421,781,2025-04-16 15:44:04.579472,CANCELLED,5382.18
2422,632,2026-08-27 11:08:56.019855,SHIPPED,2218.49
2423,621,2025-12-18 01:42:01.280928,CANCELLED,8283.92
2424,628,2026-02-20 12:25:47.343938,PAID,527.78
2425,611,2026-05-07 12:16:34.431033,PAID,11913.83
2426,237,2026-06-16 09:43:33.000419,PENDING,7004.41
2427,368,2026-06-22 11:33:11.401978,PENDING,10168.93
2428,705,2025-07-28 03:31:27.730945,COMPLETED,13697.36
2429,138,2026-08-27 21:12:43.695241,CANCELLED,9096.71
2430,867,2026-02-26 09:46:50.603606,CANCELLED,9088.2
2431,481,2025-01-13 06:36:40.912127,SHIPPED,9555.29
2432,189,2025-04-04 23:32:12.049715,COMPLETED,8584.73
2433,504,2025-11-20 21:01:11.118622,COMPLETED,7349.19
2434,141,2026-01-05 16:35:38.035758,PAID,13800.46
2435,198,2025-08-05 04:54:58.385596,PAID,1019.97
2436,34,2025-12-27 10:28:00.886293,COMPLETED,1315.19
2437,783,2026-02-14 07:57:49.867386,PENDING,7560.84
2438,948,2025-10-25 21:34:52.561282,SHIPPED,5116.95
2439,974,2025-06-25 20:08:29.700393,COMPLETED,10731.62
2440,228,2025-02-18 00:24:40.542870,PAID,1642.46
2441,776,2025-12-11 09:58:57.321319,PAID,1477.68
2442,68,2025-09-27 20:42:20.649218,PAID,1146.86
2443,950,2026-01-13 21:51:13.271635,COMPLETED,12538.87
2444,888,2025-03-13 16:02:49.489992,CANCELLED,11978.8
2445,502,2026-01-18 16:45:44.200454,SHIPPED,4486.2
2446,888,2026-07-25 14:13:47.480934,COMPLETED,1992.75
2447,909,2026-07-02 18:34:12.908467,PAID,5418.95
2448,438,2025-04-20 09:51:45.341614,COMPLETED,3804.54
2449,795,2025-10-29 07:03:33.065535,PENDING,11616.69
2450,623,2025-09-08 00:58:25.539781,COMPLETED,6084.22
2451,738,2025-01-10 22:11:35.916294,SHIPPED,7006.64
2452,404,2025-01-22 02:43:45.840816,CANCELLED,7971.59
2453,962,2025-03-27 03:40:31.769452,CANCELLED,2044.14
2454,609,2025-01-11 16:22:12.181456,CANCELLED,12377.79
2455,538,2026-02-03 16:28:31.867283,PENDING,344.66
2456,534,2025-10-19 02:42:16.157531,PENDING,9860.43
2457,463,2026-02-10 12:20:50.831583,COMPLETED,6644.26
2458,847,2026-05-29 05:57:46.450322,PENDING,4035.18
2459,899,2026-09-27 08:11:30.458600,PAID,4068.26
2460,532,2025-09-26 18:37:39.288275,CANCELLED,2249.73
2461,406,2026-03-06 01:35:35.142058,PENDING,6382.57
2462,572,2026-07-17 22:44:40.801043,COMPLETED,8866.84
2463,529,2025-06-29 00:42:58.081259,PENDING,8306.49
2464,195,2025-05-20 07:15:11.442537,SHIPPED,9402.19
2465,451,2026-05-28 08:35:12.150028,COMPLETED,6453.72
2466,906,2025-09-01 09:18:04.492256,SHIPPED,6875.38
2467,793,2026-02-20 07:30:38.916910,SHIPPED,7027.5
2468,473,2026-02-14 13:09:21.476984,PAID,6048.51
2469,433,2025-08-02 02:19:43.257319,SHIPPED,14040.24
2470,628,2025-11-29 23:38:57.540954,PENDING,6081.48
2471,707,2026-06-09 00:03:20.798929,CANCELLED,12609.35
2472,926,2025-11-06 03:28:30.346108,PAID,9850.19
2473,475,2025-01-04 17:52:35.531243,COMPLETED,2795.76
2474,93,2025-04-24 23:22:37.565323,CANCELLED,1362.76
2475,116,2026-04-15 10:20:07.181290,PAID,11466.51
2476,798,2025-07-08 08:38:23.243632,CANCELLED,10951.9
2477,961,2026-02-27 07:22:45.973708,CANCELLED,6656.4
2478,139,2026-02-24 15:27:47.366040,COMPLETED,1206.79
2479,424,2025-07-10 06:54:17.781598,SHIPPED,9881.94
2480,462,2026-02-24 13:37:19.382829,PENDING,4751.58
2481,184,2025-08-27 13:41:33.420427,COMPLETED,4795.8
2482,605,2025-09-18 04:34:05.591217,PAID,5720.15
2483,904,2025-01-12 20:18:12.180228,COMPLETED,5200.68
2484,93,2025-02-27 10:27:33.748979,SHIPPED,678.48
2485,332,2026-08-14 19:25:33.003685,PAID,4725.02
2486,736,2026-09-03 10:53:43.653136,PENDING,12801.3
2487,94,2025-10-20 13:00:04.977995,PENDING,3986.04
2488,724,2025-06-08 15:14:13.864104,COMPLETED,4690.58
2489,650,2025-04-27 12:34:39.772259,SHIPPED,12888.77
2490,88,2026-08-04 05:50:44.630733,CANCELLED,2272.07
2491,725,2025-12-30 13:56:40.423883,COMPLETED,5129.52
2492,745,2025-09-16 10:25:02.359142,CANCELLED,11537.85
2493,627,2026-06-05 20:08:27.590671,PAID,1104.25
2494,388,2026-03-26 06:57:17.159559,CANCELLED,5237.8
2495,390,2025-06-09 10:51:38.180500,PENDING,1410.58
2496,787,2025-08-29 08:22:31.195672,PAID,3882.3
2497,935,2026-05-01 13:07:19.293720,SHIPPED,4390.53
2498,580,2025-01-01 11:46:38.652587,PAID,1057.28
2499,167,2026-08-09 20:52:07.810528,PAID,8907.15
2500,184,2025-07-07 08:16:35.594301,PENDING,226.16
2501,430,2025-08-28 12:37:27.827866,SHIPPED,1968.97
2502,317,2025-03-26 19:50:49.136989,COMPLETED,5328.78
2503,296,2026-05-03 23:27:41.519079,PAID,3760.48
2504,121,2026-03-17 00:46:30.279757,PAID,4364.97
2505,984,2025-01-27 19:32:33.038177,PAID,4002.6
2506,4,2025-08-15 09:36:48.182322,CANCELLED,4153.57
2507,784,2026-03-22 13:55:09.219893,SHIPPED,8054.8
2508,13,2025-09-29 02:17:14.428385,COMPLETED,7745.04
2509,510,2025-11-16 18:52:00.617787,COMPLETED,1774.42
2510,557,2025-02-20 12:05:07.890050,PENDING,2736.78
2511,623,2025-12-06 22:03:25.334945,COMPLETED,4978.06
2512,244,2025-10-08 11:23:29.099069,PAID,10598.06
2513,603,2025-08-23 06:49:21.495377,COMPLETED,2352.57
2514,465,2026-08-24 18:14:41.840549,COMPLETED,9516.09
2515,453,2026-03-10 15:06:07.201954,PENDING,11745.01
2516,101059,2026-09-12 10:22:45.848473,CANCELLED,3313.83
2517,7,2026-07-12 10:09:18.104998,PAID,3300.98
2518,904,2026-06-12 16:04:52.620641,CANCELLED,1938.43
2519,285,2025-06-23 12:30:57.282656,CANCELLED,12623.94
2520,644,2026-07-14 15:23:49.052300,CANCELLED,6368.54
2521,840,2025-11-22 09:26:18.372834,PAID,1895.6
2522,51,2025-04-04 16:52:35.229555,PAID,8740.74
2523,152,2025-08-13 18:05:00.132616,PENDING,5300.76
2524,669,2026-04-03 08:24:04.667579,SHIPPED,3805.66
2525,38,2025-10-16 05:29:37.269527,PAID,11979.76
2526,875,2025-11-14 23:41:57.749722,PENDING,5623.2
2527,684,2025-11-27 08:06:21.296204,CANCELLED,3645.14
2528,859,2025-06-26 08:55:45.805846,CANCELLED,2660.84
2529,306,2026-03-31 10:44:25.933741,SHIPPED,10232.08
2530,943,2025-09-20 06:58:32.313533,PENDING,6769.25
2531,51,2026-09-30 09:38:54.862128,PENDING,7314.95
2532,427,2026-09-05 22:42:03.561160,PAID,5310.44
2533,166,2025-05-28 06:19:56.760673,SHIPPED,9618.43
2534,626,2025-01-25 12:35:56.308838,CANCELLED,13574.7
2535,587,2025-09-15 06:17:26.770093,CANCELLED,515.57
2536,182,2025-10-23 18:31:53.815928,COMPLETED,2888.81
2537,768,2026-05-10 17:53:12.848850,CANCELLED,2005.57
2538,369,2026-09-11 23:01:43.384865,PENDING,5470.84
2539,101044,2025-09-18 03:30:29.650428,SHIPPED,4403.74
2540,331,2026-01-09 10:13:24.412732,SHIPPED,16939.04
2541,920,2025-03-24 12:34:22.815199,COMPLETED,4990.24
2542,840,2026-01-06 23:34:23.309268,PENDING,14002.33
2543,777,2025-12-28 17:06:06.786067,COMPLETED,14579.23
2544,864,2025-11-06 04:13:25.797032,CANCELLED,3463.65
2545,67,2026-08-05 10:54:47.496703,SHIPPED,5345.5
2546,483,2026-07-21 04:52:08.630268,PAID,11335.02
2547,125,2026-08-01 10:34:36.251088,SHIPPED,5655.29
2548,338,2025-03-28 01:24:42.783641,CANCELLED,623.91
2549,424,2025-02-02 05:13:15.797428,CANCELLED,14502.21
2550,215,2025-06-13 16:38:05.801696,PAID,4803.15
2551,627,2026-01-21 21:11:26.252783,PENDING,17089.98
2552,112,2025-09-04 21:00:09.856618,CANCELLED,13852.16
2553,748,2025-04-16 18:30:30.894289,CANCELLED,2536.56
2554,90,2025-09-20 01:04:54.907138,COMPLETED,3435.04
2555,742,2026-01-31 11:38:32.507603,CANCELLED,3083.72
2556,957,2025-01-08 01:39:04.914290,SHIPPED,5446.58
2557,438,2025-09-24 00:22:57.061143,CANCELLED,13229.9
2558,869,2025-02-16 08:44:43.306763,SHIPPED,11936.65
2559,266,2025-10-17 11:07:45.979887,CANCELLED,335.52
2560,589,2026-08-18 05:50:42.454457,CANCELLED,6184.98
2561,363,2026-01-08 05:07:34.322704,PAID,3267.74
2562,630,2025-04-23 21:00:35.869078,CANCELLED,3299.37
2563,509,2026-07-24 10:34:38.750580,CANCELLED,5222.3
2564,747,2025-08-29 11:56:24.728493,COMPLETED,11235.29
2565,505,2026-09-21 14:24:14.853189,PAID,6094.64
2566,905,2026-08-03 17:43:32.135309,CANCELLED,10323.54
2567,239,2026-08-28 19:30:58.213370,SHIPPED,8310.8
2568,199,2026-02-24 08:38:35.597311,PENDING,9804.0
2569,122,2025-04-09 10:56:48.446805,PENDING,3825.85
2570,477,2026-08-07 15:37:08.312102,PENDING,8124.79
2571,756,2026-01-20 20:14:10.699757,PAID,8103.09
2572,819,2026-08-30 23:03:34.100555,CANCELLED,10185.16
2573,425,2025-12-16 17:27:01.393756,COMPLETED,622.03
2574,47,2025-05-18 09:13:42.802089,SHIPPED,515.57
2575,359,2026-04-25 10:54:04.524511,CANCELLED,8624.33
2576,826,2026-04-14 19:18:59.668434,PAID,6355.25
2577,12,2026-07-06 23:21:00.166047,PAID,1689.64
2578,707,2025-09-13 02:00:06.089718,SHIPPED,6033.4
2579,261,2025-11-25 10:07:32.869766,PENDING,12179.6
2580,316,2026-03-30 01:17:22.207344,INVALID_STATUS,5925.86
2581,519,2025-10-15 16:47:25.272151,CANCELLED,7462.09
2582,332,2025-04-30 11:48:02.486414,PENDING,14148.58
2583,117,2026-08-08 15:22:25.483764,SHIPPED,3353.71
2584,350,2025-10-04 18:46:46.300375,COMPLETED,6930.51
2585,101038,2025-07-12 02:33:49.720343,CANCELLED,1144.45
2586,631,2025-06-07 14:58:05.787184,PENDING,3358.42
2587,853,2025-12-02 01:44:16.331166,PAID,1790.65
2588,199,2025-02-01 04:04:44.357825,SHIPPED,6308.96
2589,854,2026-08-28 12:32:06.777787,SHIPPED,1930.39
2590,945,2026-05-31 04:07:29.191756,INVALID_STATUS,3099.74
2591,939,2026-07-26 03:29:54.428672,COMPLETED,10449.78
2592,817,2026-06-03 18:09:49.566449,PENDING,5794.56
2593,662,2025-03-03 00:31:34.085152,PAID,1903.83
2594,494,2025-05-08 16:34:31.225915,PAID,10791.77
2595,643,2025-12-03 18:54:05.695191,COMPLETED,3949.2
2596,914,2025-05-01 23:08:45.349508,CANCELLED,4653.15
2597,918,2026-05-03 17:02:28.444052,SHIPPED,3217.13
2598,474,2025-02-23 23:58:25.939909,COMPLETED,2192.25
2599,951,2026-09-25 06:50:13.164697,PENDING,9868.21
2600,856,2025-09-14 18:19:43.332004,CANCELLED,4706.26
2601,307,2025-01-19 17:06:56.453603,CANCELLED,6458.18
2602,743,2026-07-27 03:52:31.316917,SHIPPED,797.16
2603,569,2025-07-04 18:14:45.379900,CANCELLED,1282.08
2604,20,2025-02-01 16:33:08.278335,PAID,5276.88
2605,592,2026-09-17 12:44:39.386439,SHIPPED,6582.81
2606,819,2026-03-22 13:49:35.609359,SHIPPED,344.66
2607,68,2026-08-17 07:20:12.948022,PAID,2344.35
2608,288,2025-04-04 15:42:40.637549,PENDING,6793.06
2609,348,2026-01-29 14:34:50.420678,COMPLETED,3875.75
2610,642,2026-04-22 13:57:22.341174,CANCELLED,6868.57
2611,863,2025-02-12 23:05:28.996089,PAID,6603.67
2612,585,2026-05-21 13:22:24.298631,CANCELLED,1663.46
2613,399,2026-04-18 21:07:12.716714,PAID,9508.67
2614,610,2026-02-26 22:21:40.272735,PENDING,7897.14
2615,886,2026-06-29 03:42:46.961276,SHIPPED,9777.73
2616,723,2026-07-10 12:23:27.868347,SHIPPED,4088.37
2617,727,2026-04-12 10:26:15.592466,PENDING,3379.26
2618,279,2025-12-26 20:19:12.416329,COMPLETED,9596.92
2619,89,2025-05-19 21:50:17.605990,COMPLETED,1216.12
2620,899,2025-03-17 10:00:45.866618,PAID,10035.05
2621,381,2025-05-11 05:33:56.666267,COMPLETED,8776.75
2622,850,2026-06-02 18:06:27.067734,SHIPPED,6402.08
2623,222,2025-11-13 06:15:08.883295,CANCELLED,2542.67
2624,310,2025-04-08 04:06:19.979489,PAID,1691.52
2625,115,2026-02-10 11:48:50.023817,SHIPPED,1010.16
2626,804,2025-12-13 19:03:09.699925,PENDING,17441.96
2627,797,2025-03-26 11:14:10.411640,PAID,12257.35
2628,936,2026-01-13 08:04:44.931940,PENDING,9578.96
2629,101015,2025-12-11 14:43:06.470926,CANCELLED,3914.77
2630,26,2026-02-16 03:28:19.157161,COMPLETED,5597.33
2631,927,2026-06-16 08:11:22.669184,CANCELLED,2240.1
2632,158,2025-09-02 19:53:41.279961,PAID,4832.0
2633,349,2025-04-12 22:22:53.019947,COMPLETED,3184.81
2634,751,2026-05-17 09:46:00.359763,CANCELLED,4044.69
2635,318,2026-08-23 14:32:56.822081,SHIPPED,11127.5
2636,147,2025-03-28 09:44:22.865390,PENDING,8199.34
2637,842,2026-08-03 16:20:27.521268,CANCELLED,3428.31
2638,693,2025-07-30 05:24:13.863020,PAID,3753.55
2639,211,2026-09-11 14:50:11.924565,PENDING,7951.59
2640,471,2026-02-19 00:56:40.915643,COMPLETED,6714.52
2641,731,2025-02-05 11:31:07.547589,CANCELLED,7390.31
2642,119,2025-04-27 12:45:32.654496,PENDING,2971.64
2643,319,2025-08-03 21:35:46.854640,PENDING,2763.17
2644,704,2025-05-29 02:20:10.761873,CANCELLED,499.32
2645,893,2025-12-30 19:19:35.797344,PENDING,5860.13
2646,342,2025-11-06 02:20:47.330881,COMPLETED,2115.87
2647,911,2025-09-30 04:29:58.538174,PENDING,10772.75
2648,106,2026-01-24 07:21:39.810885,CANCELLED,7277.24
2649,785,2026-05-26 15:43:07.763889,SHIPPED,3271.34
2650,24,2026-02-02 01:57:46.919825,CANCELLED,3379.41
2651,777,2025-06-16 12:43:10.389780,SHIPPED,5508.84
2652,655,2026-08-01 20:45:11.681884,PAID,9542.67
2653,329,2025-09-13 15:11:35.957160,PAID,2502.48
2654,198,2026-08-08 00:12:07.397220,SHIPPED,8572.41
2655,284,2025-12-29 15:06:41.925690,CANCELLED,167.76
2656,327,2026-09-16 04:13:32.340135,COMPLETED,315.38
2657,688,2026-05-11 14:10:36.194124,PENDING,6194.12
2658,280,2026-08-11 17:40:28.210667,PAID,11035.32
2659,162,2026-09-17 14:24:04.866663,SHIPPED,9234.6
2660,118,2025-01-22 15:55:20.862348,PENDING,6339.62
2661,982,2026-09-23 04:14:04.674157,CANCELLED,3674.41
2662,574,2025-08-25 01:46:12.993421,CANCELLED,4141.94
2663,105,2025-12-07 15:48:48.431530,PAID,9562.84
2664,556,2026-07-16 00:33:26.808670,SHIPPED,6700.07
2665,563,2025-02-24 08:12:02.047441,SHIPPED,3317.66
2666,278,2026-02-25 08:47:50.834322,PAID,1603.19
2667,966,2025-06-06 22:49:37.251554,SHIPPED,8519.04
2668,588,2026-08-20 16:26:09.037196,PAID,1798.62
2669,176,2025-10-14 04:30:08.635517,PENDING,5479.04
2670,319,2025-09-18 14:49:01.145375,CANCELLED,1907.1
2671,914,2025-03-06 02:55:04.311210,SHIPPED,9360.29
2672,554,2025-12-02 17:03:21.926607,COMPLETED,8534.3
2673,101024,2025-12-31 20:29:16.633992,PAID,9322.11
2674,30,2026-09-17 01:45:01.812160,COMPLETED,11874.96
2675,925,2025-04-08 13:44:37.486231,PENDING,3083.75
2676,109,2026-05-03 17:44:14.555919,COMPLETED,7821.34
2677,56,2026-08-07 23:52:07.248019,PENDING,6919.35
2678,437,2026-02-14 13:37:09.620855,COMPLETED,7183.77
2679,184,2026-05-08 01:17:18.442280,CANCELLED,1871.73
2680,913,2026-06-27 00:40:43.594646,CANCELLED,1608.39
2681,645,2025-01-05 07:00:44.837225,COMPLETED,15942.94
2682,632,2025-06-08 03:58:47.147856,SHIPPED,7428.18
2683,320,2026-08-23 07:43:59.399730,SHIPPED,7777.25
2684,838,2025-11-10 02:24:09.315784,PAID,1417.74
2685,731,2025-03-18 21:20:26.340404,CANCELLED,2671.98
2686,81,2025-04-15 05:28:20.621931,COMPLETED,9966.66
2687,582,2025-05-24 21:26:33.952659,PAID,1327.22
2688,96,2025-02-16 06:46:20.536400,COMPLETED,5571.17
2689,100,2025-05-04 21:08:55.910266,COMPLETED,4109.63
2690,318,2026-02-26 09:12:39.062606,COMPLETED,3059.91
2691,482,2025-07-21 10:44:29.999107,PAID,14363.62
2692,971,2025-09-16 04:49:50.089602,PAID,5253.22
2693,148,2025-01-09 02:57:48.805905,CANCELLED,11740.23
2694,265,2025-11-13 13:49:27.101289,SHIPPED,8326.16
2695,402,2025-11-13 08:43:55.393096,PAID,11912.94
2696,717,2026-02-14 19:52:16.467619,SHIPPED,8759.42
2697,808,2025-02-16 17:58:49.676765,SHIPPED,11165.29
2698,465,2026-09-24 23:45:03.301453,COMPLETED,3381.8
2699,31,2025-08-12 01:15:24.288557,PENDING,6528.51
2700,487,2025-05-25 00:46:19.182254,PENDING,3959.42
2701,360,2025-02-24 23:17:49.663665,COMPLETED,8428.72
2702,473,2026-01-03 05:34:04.316642,PAID,3786.74
2703,290,2026-02-28 03:32:40.969717,SHIPPED,12874.61
2704,619,2026-09-09 07:21:50.905861,CANCELLED,8888.58
2705,131,2025-04-04 12:56:04.143759,CANCELLED,1903.83
2706,106,2025-08-01 18:56:57.070123,COMPLETED,8457.22
2707,838,2026-02-01 20:16:27.701029,PENDING,15510.47
2708,334,2026-06-18 06:09:14.421926,CANCELLED,2140.7
2709,666,2026-01-17 06:45:39.562874,PENDING,4920.48
2710,812,2025-02-15 06:53:11.050837,SHIPPED,8233.14
2711,546,2025-05-07 12:00:05.253466,COMPLETED,3999.9
2712,411,2025-11-05 23:17:01.765020,CANCELLED,10105.77
2713,101052,2025-05-14 23:01:03.926636,PAID,3036.85
2714,636,2025-01-26 17:17:59.686423,PAID,3086.68
2715,562,2025-07-10 07:06:36.043094,PAID,8318.9
2716,998,2025-04-28 07:05:17.160496,INVALID_STATUS,3985.1
2717,394,2025-07-07 12:33:08.053389,PENDING,2848.29
2718,349,2026-09-28 15:26:41.429482,INVALID_STATUS,10123.75
2719,834,2025-06-25 11:44:39.628182,INVALID_STATUS,3532.65
2720,442,2025-10-14 04:15:29.191998,COMPLETED,1207.99
2721,581,2025-12-17 20:50:13.735950,SHIPPED,1410.58
2722,558,2025-01-01 01:18:28.993951,PAID,5427.64
2723,178,2025-06-22 20:32:07.538037,PENDING,7854.52
2724,758,2025-10-03 03:19:45.478264,CANCELLED,9318.2
2725,857,2025-10-11 05:28:42.574089,COMPLETED,9261.9
2726,118,2026-09-04 16:40:15.208437,CANCELLED,8594.18
2727,611,2025-09-23 09:31:43.312152,COMPLETED,1776.74
2728,334,2025-03-24 02:12:25.970892,CANCELLED,890.66
2729,100,2025-05-24 20:44:36.917407,COMPLETED,4416.12
2730,181,2026-09-22 08:26:49.282435,SHIPPED,7363.66
2731,979,2026-08-12 21:03:08.368332,COMPLETED,5534.35
2732,72,2026-07-19 12:53:58.436044,INVALID_STATUS,2733.0
2733,112,2026-03-18 09:16:25.329417,CANCELLED,1017.42
2734,790,2025-10-28 03:18:59.491120,COMPLETED,8717.54
2735,336,2025-07-25 00:33:12.764971,COMPLETED,1047.88
2736,661,2026-05-11 23:25:43.627811,PENDING,5313.31
2737,93,2026-01-24 02:18:07.379219,PAID,10359.44
2738,837,2026-05-17 17:46:45.782871,PAID,3476.06
2739,909,2026-02-06 20:38:42.154276,CANCELLED,2585.9
2740,925,2026-09-16 14:49:20.232813,PENDING,9662.64
2741,776,2026-03-15 23:35:32.909087,PAID,2315.42
2742,677,2026-06-29 10:13:16.462292,PAID,3584.87
2743,464,2026-09-15 01:01:11.733820,CANCELLED,1942.83
2744,299,2025-02-27 07:27:09.978220,COMPLETED,9444.21
2745,631,2026-03-20 11:00:42.001943,CANCELLED,14925.09
2746,458,2026-09-06 03:02:25.568908,PAID,6310.6
2747,211,2025-04-17 04:48:56.353139,SHIPPED,6378.88
2748,307,2025-12-10 09:06:57.318930,CANCELLED,5238.43
2749,814,2025-08-10 10:59:54.870365,SHIPPED,3254.28
2750,941,2025-06-20 23:22:45.499543,COMPLETED,11313.36
2751,736,2025-09-02 16:33:36.891276,SHIPPED,7296.91
2752,92,2026-09-12 21:08:50.579908,CANCELLED,14015.57
2753,9,2025-01-24 15:08:50.455543,CANCELLED,7482.66
2754,523,2026-06-04 07:05:45.608090,COMPLETED,6879.84
2755,868,2025-12-23 05:22:09.613328,PAID,5489.47
2756,873,2025-08-14 20:43:10.592910,SHIPPED,5742.42
2757,64,2025-01-01 22:17:18.570002,SHIPPED,5515.77
2758,923,2025-08-09 22:48:06.320053,CANCELLED,6106.02
2759,992,2026-04-19 09:18:51.777043,PENDING,2661.63
2760,1,2026-04-11 01:13:09.572782,CANCELLED,7350.58
2761,841,2026-05-31 08:25:43.600702,SHIPPED,6437.84
2762,113,2025-07-24 18:33:14.396512,SHIPPED,3787.79
2763,887,2026-06-17 20:05:22.427470,PENDING,6551.93
2764,241,2025-06-16 05:52:44.298356,COMPLETED,11304.73
2765,720,2026-04-04 06:48:43.871899,CANCELLED,8341.63
2766,404,2026-01-31 00:29:40.259168,SHIPPED,12951.71
2767,729,2026-03-03 20:54:18.948763,COMPLETED,12344.77
2768,101039,2025-06-08 18:47:41.371728,COMPLETED,10340.05
2769,446,2026-03-02 04:00:01.185297,CANCELLED,5464.29
2770,217,2026-08-12 02:59:31.473845,PAID,8469.94
2771,487,2025-01-30 21:59:42.448829,PAID,15385.26
2772,193,2025-11-10 19:55:33.043360,CANCELLED,3083.26
2773,394,2025-10-29 15:26:06.893110,SHIPPED,7011.9
2774,861,2025-02-02 06:27:24.635210,COMPLETED,2177.97
2775,158,2025-01-08 05:08:48.430605,SHIPPED,9613.05
2776,894,2025-06-06 20:08:53.717062,PAID,5973.48
2777,138,2026-06-13 19:43:40.840377,PENDING,1679.16
2778,74,2025-01-09 00:57:12.958460,PENDING,8414.04
2779,148,2025-07-18 17:25:05.514143,COMPLETED,1206.79
2780,674,2026-07-24 14:22:36.273946,COMPLETED,6373.52
2781,999,2025-03-16 19:01:14.372023,PAID,2312.04
2782,87,2025-06-26 06:34:27.747704,PAID,3526.28
2783,658,2025-01-12 17:21:28.078179,COMPLETED,7676.18
2784,881,2026-05-01 14:34:05.242718,COMPLETED,9388.41
2785,916,2026-01-21 11:37:02.539083,CANCELLED,10951.48
2786,953,2026-05-19 00:55:54.456096,COMPLETED,13783.73
2787,639,2025-12-15 07:18:22.175550,PAID,16951.75
2788,466,2025-04-24 16:46:04.520187,CANCELLED,3650.35
2789,435,2026-05-29 03:00:40.973607,CANCELLED,635.04
2790,101051,2025-01-16 09:32:03.608933,COMPLETED,3003.79
2791,394,2025-05-14 08:18:05.753170,SHIPPED,10034.76
2792,232,2025-09-02 02:39:41.411818,PAID,9605.33
2793,435,2026-05-06 14:05:33.379880,CANCELLED,4683.48
2794,8,2026-05-05 11:03:46.175177,CANCELLED,6339.78
2795,511,2026-04-17 02:37:11.861373,PAID,8984.0
2796,730,2025-01-26 11:02:03.249560,CANCELLED,12201.76
2797,276,2025-11-24 18:24:36.464122,COMPLETED,622.22
2798,949,2026-08-07 23:39:50.078033,CANCELLED,11956.58
2799,591,2025-12-14 01:32:48.412613,SHIPPED,3985.5
2800,35,2025-09-12 18:41:49.442164,PENDING,13650.4
2801,582,2026-08-29 03:43:58.326667,COMPLETED,1027.02
2802,722,2026-02-05 21:10:23.510729,SHIPPED,7413.53
2803,116,2026-03-19 08:55:47.600167,CANCELLED,4413.32
2804,494,2025-01-14 10:11:28.914737,PENDING,6207.18
2805,146,2025-10-11 19:01:23.645958,CANCELLED,9760.53
2806,880,2025-12-11 19:54:17.123099,SHIPPED,8163.4
2807,477,2025-04-07 16:33:38.178133,CANCELLED,12086.04
2808,81,2025-07-25 05:48:30.043864,CANCELLED,2208.24
2809,912,2026-01-23 22:55:42.831434,CANCELLED,7693.79
2810,91,2025-08-04 14:37:52.661726,PAID,4322.17
2811,484,2026-09-12 09:17:23.524592,PENDING,3362.31
2812,701,2025-09-01 19:16:28.551237,CANCELLED,11715.86
2813,818,2026-03-18 12:39:25.701281,CANCELLED,3080.06
2814,320,2026-03-29 12:42:33.967881,CANCELLED,10679.95
2815,55,2025-05-12 20:10:21.744492,SHIPPED,8883.03
2816,548,2025-05-10 23:25:01.261273,PENDING,10268.18
2817,481,2025-06-01 00:48:34.558189,COMPLETED,5632.1
2818,525,2026-04-05 21:23:39.526965,COMPLETED,3217.42
2819,588,2025-03-26 07:29:54.310491,INVALID_STATUS,7818.45
2820,432,2025-02-05 09:43:14.266652,SHIPPED,7510.39
2821,984,2025-05-02 03:20:33.201552,SHIPPED,6694.18
2822,297,2026-09-21 17:15:57.619549,PAID,139.83
2823,37,2025-07-11 09:18:35.534296,CANCELLED,1996.31
2824,768,2026-06-27 07:15:51.725339,SHIPPED,11375.81
2825,745,2025-11-18 00:02:31.827125,CANCELLED,3750.9
2826,267,2025-11-20 14:41:13.268925,PENDING,373.09
2827,645,2025-02-04 01:59:38.569930,COMPLETED,7520.27
2828,593,2026-05-06 09:08:19.429161,PAID,1717.52
2829,587,2025-10-03 14:49:22.855807,PENDING,6965.19
2830,673,2025-01-28 03:51:17.102644,SHIPPED,4523.19
2831,829,2026-04-05 06:06:07.491157,CANCELLED,1537.58
2832,28,2026-01-22 01:35:01.907034,SHIPPED,12349.66
2833,497,2025-11-05 03:12:17.688472,INVALID_STATUS,7149.26
2834,130,2026-09-11 02:35:27.129391,CANCELLED,4568.19
2835,79,2026-01-16 14:50:46.296339,SHIPPED,630.3
2836,259,2025-01-27 04:11:39.381473,PAID,1855.41
2837,631,2026-03-10 12:29:12.605953,SHIPPED,11613.95
2838,282,2025-03-16 22:55:19.920605,SHIPPED,7164.52
2839,15,2026-03-23 03:33:06.147315,PENDING,1993.75
2840,619,2025-03-01 02:45:18.520372,PAID,10666.36
2841,932,2026-06-20 08:13:58.979016,CANCELLED,3273.79
2842,757,2026-06-09 15:26:10.866380,PAID,2718.8
2843,675,2026-02-06 10:19:58.934400,COMPLETED,7849.21
2844,379,2026-09-17 15:41:47.733256,PAID,3285.38
2845,268,2026-07-07 06:52:27.976883,INVALID_STATUS,4631.39
2846,497,2025-02-20 07:30:57.879463,PAID,2228.67
2847,819,2025-05-08 09:41:10.736995,CANCELLED,5127.14
2848,883,2026-07-01 05:30:16.036313,PENDING,8072.27
2849,352,2025-04-03 16:12:45.082266,PENDING,7815.19
2850,991,2025-09-06 16:34:52.348463,PAID,4705.8
2851,610,2025-03-05 23:10:50.671339,PAID,6562.78
2852,858,2025-08-02 21:53:44.251707,COMPLETED,8552.96
2853,771,2025-06-25 21:10:01.261457,COMPLETED,4549.42
2854,789,2025-08-04 23:09:48.274853,COMPLETED,7511.8
2855,244,2025-01-31 00:21:49.274267,COMPLETED,6695.89
2856,744,2025-04-14 23:59:58.316400,PAID,4388.2
2857,216,2025-09-12 18:42:17.187598,CANCELLED,10783.09
2858,752,2025-04-29 23:14:22.908199,SHIPPED,6848.06
2859,56,2025-03-18 02:47:46.423837,SHIPPED,6124.04
2860,774,2026-01-14 23:19:18.714286,PENDING,15551.46
2861,54,2025-09-15 06:59:27.327672,PAID,8853.92
2862,476,2025-07-08 09:09:11.057673,COMPLETED,3679.11
2863,488,2025-10-18 04:13:55.164088,SHIPPED,12186.28
2864,101023,2026-03-13 05:29:26.895245,CANCELLED,10116.12
2865,240,2026-09-23 05:01:03.841767,COMPLETED,3737.84
2866,700,2025-04-04 14:53:01.493988,COMPLETED,2020.32
2867,486,2025-07-20 00:54:57.649460,SHIPPED,9912.46
2868,149,2026-01-19 04:41:19.591972,CANCELLED,2967.47
2869,892,2025-10-28 02:30:56.897576,COMPLETED,10862.89
2870,13,2025-01-05 11:20:37.125168,SHIPPED,8047.69
2871,950,2025-11-01 14:03:24.450433,COMPLETED,685.09
2872,392,2025-06-23 22:36:53.879757,SHIPPED,1519.93
2873,985,2026-03-30 17:24:23.328069,CANCELLED,3022.58
2874,700,2025-07-09 00:25:23.431462,PENDING,12920.66
2875,100,2026-04-09 10:46:56.154757,CANCELLED,1603.19
2876,653,2026-09-04 13:46:35.858284,SHIPPED,5241.9
2877,980,2025-02-06 04:16:09.515309,COMPLETED,7776.83
2878,626,2025-12-06 07:16:02.561862,SHIPPED,9977.59
2879,344,2026-07-23 21:54:06.028112,SHIPPED,9466.62
2880,274,2026-05-08 21:40:38.245012,PENDING,4291.49
2881,262,2026-08-10 00:35:26.435578,CANCELLED,8566.21
2882,401,2026-07-26 06:21:53.504031,COMPLETED,4391.1
2883,792,2025-02-20 23:51:41.454896,PAID,7456.96
2884,752,2026-04-24 22:56:54.479452,CANCELLED,5061.82
2885,789,2025-07-04 13:23:08.783289,PAID,6322.7
2886,533,2026-04-21 21:11:16.088449,INVALID_STATUS,5894.3
2887,694,2026-06-09 23:51:02.823929,PAID,1295.22
2888,321,2026-01-01 02:58:48.332398,CANCELLED,422.3
2889,11,2026-04-11 05:25:43.373277,PENDING,13540.37
2890,852,2026-01-03 20:34:44.411827,PENDING,7695.52
2891,13,2025-09-26 17:47:25.031425,COMPLETED,4268.0
2892,101,2026-05-21 17:23:46.470862,INVALID_STATUS,5847.66
2893,107,2026-05-28 21:24:58.547955,COMPLETED,14973.98
2894,360,2026-09-29 14:20:48.641949,PAID,4302.19
2895,743,2025-03-26 09:19:34.408972,SHIPPED,4674.57
2896,258,2025-09-17 22:48:02.078678,PAID,4405.26
2897,35,2025-06-08 08:23:42.682143,PENDING,2888.9
2898,101058,2026-03-25 14:13:10.244140,PENDING,3977.26
2899,59,2026-01-03 15:03:01.118529,CANCELLED,11230.85
2900,673,2026-08-12 18:39:54.898792,PAID,3311.38
2901,974,2025-08-20 18:52:53.412084,CANCELLED,2739.15
2902,654,2026-09-15 19:55:37.699281,PENDING,3775.22
2903,726,2025-03-29 23:01:59.598126,PENDING,10431.09
2904,89,2025-09-03 05:25:55.695178,CANCELLED,9284.16
2905,134,2026-04-18 00:47:03.367724,COMPLETED,6907.68
2906,673,2025-07-12 04:04:46.235363,CANCELLED,5615.98
2907,823,2025-03-24 18:34:37.127075,PAID,6014.86
2908,918,2025-11-07 04:06:34.781255,PENDING,4125.31
2909,713,2025-12-21 10:11:01.286919,PAID,3138.37
2910,260,2025-10-14 02:16:25.363633,SHIPPED,768.79
2911,479,2025-05-18 20:38:41.776280,PENDING,10595.4
2912,655,2025-09-05 17:03:42.525376,INVALID_STATUS,4386.09
2913,945,2025-09-14 00:28:20.608207,SHIPPED,3912.24
2914,788,2025-07-30 22:49:20.873458,COMPLETED,6757.98
2915,709,2026-06-03 10:32:40.897181,SHIPPED,10587.53
2916,264,2025-09-08 23:17:33.257275,PAID,8884.76
2917,800,2025-01-27 11:54:24.094386,PENDING,12090.38
2918,284,2025-09-10 12:38:19.548529,PENDING,10058.72
2919,392,2025-10-04 20:59:24.766750,COMPLETED,705.24
2920,341,2025-01-06 08:03:52.905441,PENDING,2660.84
2921,265,2025-01-29 01:59:06.557396,SHIPPED,9804.38
2922,183,2026-04-12 08:03:43.012622,COMPLETED,3332.58
2923,72,2026-07-20 23:15:59.150436,COMPLETED,3669.74
2924,951,2025-02-25 23:19:19.719869,PAID,10955.11
2925,625,2026-02-09 00:53:46.952143,COMPLETED,4844.61
2926,183,2025-06-19 16:42:52.866473,COMPLETED,2634.48
2927,112,2025-01-06 02:42:53.240098,PAID,4391.15
2928,554,2025-12-14 17:19:32.732375,COMPLETED,6506.94
2929,224,2025-03-18 23:53:54.764877,CANCELLED,3406.94
2930,659,2026-07-03 09:54:21.278652,PENDING,5682.64
2931,935,2026-01-10 06:39:25.670980,COMPLETED,8238.83
2932,733,2026-01-13 22:17:44.911300,SHIPPED,7396.8
2933,106,2026-09-23 14:56:29.391582,PENDING,2126.62
2934,75,2025-02-07 10:50:56.352650,INVALID_STATUS,5564.07
2935,586,2026-04-18 14:49:20.272145,SHIPPED,6942.38
2936,796,2026-02-12 17:48:56.103304,COMPLETED,10038.61
2937,20,2025-04-02 08:06:09.320933,COMPLETED,10445.23
2938,153,2025-03-28 07:02:02.184836,PENDING,606.33
2939,956,2026-01-24 02:26:36.314770,PENDING,1944.9
2940,681,2025-08-05 06:15:13.515450,COMPLETED,2762.16
2941,273,2026-03-16 07:13:26.528419,PAID,6452.22
2942,717,2026-05-05 14:18:54.818266,SHIPPED,3731.65
2943,927,2025-10-21 12:33:42.460453,COMPLETED,419.36
2944,589,2025-08-25 17:10:19.594137,PENDING,10892.61
2945,528,2025-10-26 06:13:14.476396,COMPLETED,15202.16
2946,490,2026-01-17 04:14:36.092678,COMPLETED,4882.79
2947,414,2025-05-28 13:07:58.754824,PENDING,6954.75
2948,554,2025-03-13 12:41:17.195024,PAID,9110.86
2949,4,2026-02-19 05:34:49.158839,COMPLETED,6600.52
2950,101053,2025-04-30 02:20:09.429718,COMPLETED,738.84
2951,125,2025-09-08 08:46:59.960347,CANCELLED,6788.49
2952,549,2025-02-01 14:32:27.628132,SHIPPED,3250.86
2953,342,2026-04-03 04:41:56.621235,SHIPPED,6943.74
2954,411,2025-10-02 14:01:28.026731,PENDING,6991.71
2955,648,2025-03-26 21:13:48.469532,PENDING,2432.24
2956,375,2026-09-09 22:49:39.798835,INVALID_STATUS,6274.8
2957,874,2025-08-11 13:05:02.555662,SHIPPED,1956.42
2958,83,2026-06-04 19:06:30.196515,COMPLETED,5301.51
2959,779,2025-11-11 12:45:54.851073,SHIPPED,2761.66
2960,664,2025-07-08 09:15:44.782221,PAID,5068.89
2961,181,2025-07-25 05:34:31.025292,CANCELLED,5859.39
2962,41,2026-06-02 14:56:08.666811,COMPLETED,11955.56
2963,677,2026-09-19 04:27:33.026133,PAID,7018.32
2964,307,2026-01-12 18:17:05.710155,COMPLETED,1425.57
2965,918,2025-03-29 10:41:47.048733,PENDING,1146.86
2966,646,2025-07-23 12:52:35.920832,SHIPPED,1784.16
2967,499,2026-04-22 16:36:54.774181,PENDING,797.16
2968,907,2026-09-07 04:00:34.600909,COMPLETED,4813.43
2969,753,2025-06-29 14:34:16.519460,PAID,3228.58
2970,144,2025-07-02 00:43:01.700816,PENDING,8709.65
2971,198,2025-07-30 03:25:51.057293,PENDING,828.78
2972,738,2025-11-24 19:13:28.745528,CANCELLED,174.36
2973,245,2025-03-21 08:08:05.370599,COMPLETED,7929.78
2974,399,2025-01-11 09:25:56.041505,PENDING,10820.26
2975,812,2025-12-24 22:56:51.769688,CANCELLED,6918.26
2976,659,2026-04-04 07:37:27.129590,SHIPPED,10171.71
2977,512,2026-01-15 18:21:37.016094,CANCELLED,7090.5
2978,989,2025-08-10 22:26:38.969161,COMPLETED,642.53
2979,990,2025-08-12 13:11:12.184594,PENDING,3786.18
2980,38,2025-05-15 20:21:55.241235,SHIPPED,3981.02
2981,58,2026-07-20 11:15:20.341398,SHIPPED,6616.86
2982,807,2026-06-24 06:44:50.477009,PENDING,373.59
2983,416,2026-05-02 05:06:27.739266,PENDING,11253.43
2984,217,2025-09-12 00:16:20.717409,CANCELLED,8201.98
2985,470,2025-09-17 02:53:00.858344,CANCELLED,1192.11
2986,153,2026-07-08 02:49:39.357285,CANCELLED,5449.89
2987,239,2026-01-16 23:04:13.083823,PENDING,11229.65
2988,38,2026-03-14 13:24:35.248879,PAID,6340.36
2989,501,2025-04-06 07:44:10.276584,PENDING,4133.94
2990,483,2025-11-11 17:46:07.194280,CANCELLED,4571.44
2991,47,2025-11-12 20:04:35.168073,PAID,5260.77
2992,101011,2025-07-20 21:42:28.301269,PAID,4720.11
2993,15,2025-09-17 22:07:39.031771,PAID,5788.88
2994,648,2025-01-08 16:50:25.841034,PENDING,11833.94
2995,927,2026-09-11 13:05:54.133008,SHIPPED,7445.33
2996,841,2025-09-18 13:14:57.592938,PENDING,2194.32
2997,468,2026-06-02 07:53:21.851151,CANCELLED,6308.76
2998,175,2026-06-21 03:32:16.956399,CANCELLED,3188.42
2999,66,2025-07-17 12:32:53.081645,PENDING,12243.09
3000,117,2025-09-27 21:51:06.167524,COMPLETED,7531.55
