order_item_id,order_id,product_id,quantity,unit_price
1,1,158,2,289.85
2,1,57,3,42.39
3,1,17,3,1426.24
4,1,52,2,606.33
5,1,110,2,1603.51
6,2,176,3,263.89
7,3,36,3,1949.22
8,3,83,1,173.24
9,3,55,2,1067.5
10,3,196,1,124.53
11,3,12,1,899.31
12,4,37,1,1858.52
13,4,194,3,1913.52
14,4,107,2,738.84
15,5,43,1,685.09
16,5,113,1,172.33
17,5,63,3,1179.8
18,5,149,3,1455.53
19,5,11,2,844.82
20,6,5,1,1549.87
21,6,125,1,1553.46
22,7,46,1,167.76
23,8,73,3,635.7
24,8,107,1,738.84
25,8,178,1,824.54
26,8,198,1,1723.66
27,8,122,3,1232.62
28,9,134,1,511.03
29,9,116,1,1861.29
30,9,106,3,1070.35
31,10,153,1,1381.08
32,11,157,2,1603.19
33,11,23,2,905.85
34,11,161,1,311.11
35,11,78,3,1190.19
36,12,50,3,1335.93
37,12,31,1,107.63
38,13,93,2,1120.05
39,13,195,3,815.15
40,13,139,3,368.64
41,13,130,1,708.87
42,13,57,2,42.39
43,14,50,1,1335.93
44,15,176,2,263.89
45,15,122,1,1232.62
46,16,172,1,1703.47
47,16,12,3,899.31
48,17,73,2,635.7
49,17,54,2,1495.29
50,17,112,3,1868.92
51,18,12,3,899.31
52,18,27,1,1846.36
53,18,190,1,87.18
54,18,14,1,1567.54
55,19,132,3,1907.04
56,19,30,2,248.85
57,19,19,3,553.66
58,19,61,3,922.89
59,20,108,3,1540.03
60,20,51,2,1968.97
61,20,192,1,425.56
62,21,84,1,499.25
63,22,61,3,922.89
64,23,52,2,606.33
65,23,97,3,1895.6
66,23,57,2,42.39
67,23,19,1,553.66
68,24,38,1,364.93
69,24,56,2,797.16
70,24,157,2,1603.19
71,24,117,1,1006.5
72,25,185,2,1895.23
73,25,50,1,1335.93
74,25,162,2,890.66
75,25,92,1,1192.11
76,26,178,3,824.54
77,27,72,1,1848.69
78,28,120,2,279.51
79,29,44,2,652.14
80,29,195,3,815.15
81,29,88,1,662.73
82,29,57,3,42.39
83,30,44,2,652.14
84,30,148,3,997.56
85,30,142,2,634.61
86,30,59,1,1282.08
87,30,23,3,905.85
88,31,119,2,1679.16
89,31,72,3,1848.69
90,31,4,1,435.82
91,31,187,1,1251.92
92,32,112,3,1868.92
93,32,149,1,1455.53
94,32,57,3,42.39
95,33,107,1,738.84
96,34,121,3,1663.07
97,35,9,3,1581.02
98,35,109,1,1057.28
99,35,136,2,1471.7
100,35,101,2,756.56
101,35,123,1,515.57
102,36,143,1,949.43
103,37,56,1,797.16
104,37,34,3,1691.52
105,37,92,1,1192.11
106,37,76,1,926.18
107,38,172,2,1703.47
108,38,79,3,1110.86
109,38,42,3,1063.31
110,38,181,3,1756.53
111,39,117,2,1006.5
112,40,181,1,1756.53
113,40,104,2,1440.57
114,41,181,1,1756.53
115,41,163,2,737.07
116,41,1,3,1327.22
117,41,161,2,311.11
118,42,9,3,1581.02
119,42,76,3,926.18
120,42,110,3,1603.51
121,42,193,3,1279.79
122,42,70,1,1902.83
123,43,159,2,256.83
124,44,132,3,1907.04
125,45,14,2,1567.54
126,45,29,2,1114.96
127,45,99,3,1689.63
128,46,94,2,1341.88
129,47,166,3,1551.05
130,47,144,1,717.16
131,48,182,1,868.07
132,48,199,3,265.88
133,48,53,1,582.45
134,48,36,3,1949.22
135,48,86,2,1836.28
136,49,180,1,934.34
137,49,54,2,1495.29
138,49,193,2,1279.79
139,49,191,2,95.7
140,49,195,3,815.15
141,50,71,2,1510.12
142,50,14,2,1567.54
143,50,17,2,1426.24
144,50,96,3,728.38
145,51,32,3,211.68
146,51,121,2,1663.07
147,51,182,2,868.07
148,51,137,3,707.84
149,51,174,2,477.29
150,52,49,2,226.23
151,53,21,2,1013.57
152,54,74,1,887.21
153,54,20,1,1989.28
154,55,29,2,1114.96
155,55,179,1,1944.9
156,55,38,1,364.93
157,56,161,3,311.11
158,56,6,1,1717.52
159,56,76,2,926.18
160,56,107,2,738.84
161,56,175,2,1110.27
162,57,189,1,1319.17
163,57,166,1,1551.05
164,57,6,1,1717.52
165,57,75,1,117.06
166,58,166,3,1551.05
167,58,86,3,1836.28
168,58,106,2,1070.35
169,58,149,2,1455.53
170,58,88,3,662.73
171,59,141,1,407.17
172,59,114,2,1811.09
173,59,118,1,752.95
174,59,78,2,1190.19
175,59,146,1,1779.53
176,60,96,1,728.38
177,60,74,2,887.21
178,60,198,2,1723.66
179,60,13,2,1010.16
180,61,159,3,256.83
181,61,42,3,1063.31
182,62,47,3,1216.12
183,62,45,3,315.38
184,62,182,1,868.07
185,63,61,1,922.89
186,63,30,2,248.85
187,64,33,1,1315.19
188,64,113,3,172.33
189,64,67,3,705.44
190,64,95,1,1342.56
191,64,48,3,1511.11
192,65,89,2,507.73
193,65,38,3,364.93
194,65,96,1,728.38
195,66,78,1,1190.19
196,66,32,2,211.68
197,66,7,2,505.06
198,66,104,1,1440.57
199,66,128,1,1074.43
200,67,130,2,708.87
201,67,85,2,1047.88
202,67,166,3,1551.05
203,67,181,3,1756.53
204,67,76,1,926.18
205,68,187,3,1251.92
206,68,114,2,1811.09
207,68,87,1,1359.4
208,68,177,1,622.03
209,68,29,3,1114.96
210,69,30,1,248.85
211,69,79,2,1110.86
212,69,7,2,505.06
213,69,103,1,878.16
214,69,159,2,256.83
215,70,156,3,1344.01
216,71,150,1,1990.22
217,71,135,2,692.88
218,72,6,3,1717.52
219,72,22,2,233.26
220,73,132,2,1907.04
221,74,126,3,100.26
222,74,82,3,903.79
223,75,15,3,1288.46
224,75,171,2,698.11
225,75,93,2,1120.05
226,75,102,2,1543.34
227,75,38,2,364.93
228,76,73,2,635.7
229,77,79,1,1110.86
230,77,115,1,1893.09
231,77,144,3,717.16
232,78,190,1,87.18
233,78,107,3,738.84
234,78,114,2,1811.09
235,78,74,3,887.21
236,79,36,1,1949.22
237,79,151,1,209.68
238,79,154,2,1454.99
239,79,23,2,905.85
240,80,86,1,1836.28
241,80,17,1,1426.24
242,80,152,2,894.6
243,80,194,3,1913.52
244,80,97,2,1895.6
245,81,45,3,315.38
246,81,143,1,949.43
247,81,119,1,1679.16
248,81,182,1,868.07
249,82,75,2,117.06
250,82,142,3,634.61
251,82,126,2,100.26
252,82,11,2,844.82
253,83,190,1,87.18
254,83,119,2,1679.16
255,83,58,2,1153.64
256,83,7,3,505.06
257,83,1,3,1327.22
258,84,32,2,211.68
259,84,168,1,249.66
260,84,171,2,698.11
261,84,74,3,887.21
262,85,8,2,1733.56
263,85,31,2,107.63
264,86,154,3,1454.99
265,87,149,2,1455.53
266,87,124,2,1880.75
267,87,145,3,667.19
268,88,178,3,824.54
269,88,31,3,107.63
270,88,96,1,728.38
271,88,132,2,1907.04
272,89,149,1,1455.53
273,89,15,2,1288.46
274,90,178,1,824.54
275,90,35,2,1150.33
276,90,92,2,1192.11
277,90,42,2,1063.31
278,91,13,3,1010.16
279,91,75,1,117.06
280,91,136,3,1471.7
281,92,197,1,931.56
282,92,161,1,311.11
283,93,193,3,1279.79
284,93,43,2,685.09
285,93,140,2,1553.5
286,93,83,3,173.24
287,93,81,3,1211.99
288,94,25,2,194.7
289,94,137,1,707.84
290,94,149,1,1455.53
291,95,133,2,1747.3
292,95,73,2,635.7
293,96,88,1,662.73
294,96,42,3,1063.31
295,96,27,1,1846.36
296,96,56,1,797.16
297,97,158,3,289.85
298,97,177,3,622.03
299,97,135,1,692.88
300,97,137,2,707.84
301,97,183,2,1038.61
302,98,30,1,248.85
303,99,123,2,515.57
304,100,177,2,622.03
305,100,93,3,1120.05
306,100,36,3,1949.22
307,101,45,1,315.38
308,101,182,3,868.07
309,101,78,1,1190.19
310,102,33,1,1315.19
311,102,178,3,824.54
312,103,79,1,1110.86
313,103,33,1,1315.19
314,104,109,3,1057.28
315,105,20,1,1989.28
316,106,194,1,1913.52
317,106,111,1,1284.15
318,106,11,3,844.82
319,106,51,3,1968.97
320,107,16,1,1695.36
321,107,121,2,1663.07
322,107,31,3,107.63
323,107,65,1,669.47
324,107,12,1,899.31
325,108,155,1,1996.31
326,109,52,1,606.33
327,109,48,1,1511.11
328,109,172,3,1703.47
329,109,90,2,167.6
330,109,8,3,1733.56
331,110,91,3,623.91
332,110,42,3,1063.31
333,110,129,1,291.44
334,111,146,1,1779.53
335,111,18,3,647.61
336,111,26,1,513.51
337,111,149,3,1455.53
338,111,196,1,124.53
339,112,44,1,652.14
340,112,194,3,1913.52
341,112,138,1,931.92
342,113,130,2,708.87
343,113,182,2,868.07
344,114,48,2,1511.11
345,114,113,2,172.33
346,114,173,2,1019.97
347,114,28,1,190.99
348,114,47,3,1216.12
349,115,105,2,573.43
350,115,29,1,1114.96
351,116,29,2,1114.96
352,116,134,3,511.03
353,116,35,2,1150.33
354,116,127,3,226.16
355,117,22,2,233.26
356,118,30,3,248.85
357,118,99,3,1689.63
358,118,73,2,635.7
359,118,117,3,1006.5
360,119,58,2,1153.64
361,119,142,1,634.61
362,119,105,1,573.43
363,119,75,2,117.06
364,120,46,2,167.76
365,120,4,3,435.82
366,120,173,1,1019.97
367,121,113,1,172.33
368,121,134,1,511.03
369,121,169,1,349.45
370,121,174,2,477.29
371,122,178,1,824.54
372,122,152,1,894.6
373,122,27,2,1846.36
374,122,190,1,87.18
375,123,52,1,606.33
376,123,153,1,1381.08
377,123,104,2,1440.57
378,124,72,3,1848.69
379,124,196,3,124.53
380,124,183,2,1038.61
381,124,197,3,931.56
382,125,92,2,1192.11
383,125,122,2,1232.62
384,125,171,3,698.11
385,125,155,2,1996.31
386,126,197,1,931.56
387,126,117,1,1006.5
388,127,126,3,100.26
389,127,128,1,1074.43
390,127,60,1,46.61
391,128,189,1,1319.17
392,129,128,3,1074.43
393,130,46,2,167.76
394,131,174,3,477.29
395,131,84,1,499.25
396,131,40,1,1316.4
397,131,78,3,1190.19
398,131,160,3,768.79
399,132,120,2,279.51
400,132,52,2,606.33
401,132,76,3,926.18
402,132,170,2,1621.97
403,133,88,1,662.73
404,133,139,2,368.64
405,133,140,1,1553.5
406,133,5,2,1549.87
407,133,196,2,124.53
408,134,97,1,1895.6
409,134,114,1,1811.09
410,134,118,1,752.95
411,135,169,2,349.45
412,135,200,2,487.27
413,135,78,1,1190.19
414,135,181,2,1756.53
415,135,43,3,685.09
416,136,125,3,1553.46
417,136,196,2,124.53
418,136,29,3,1114.96
419,136,146,3,1779.53
420,137,147,3,681.38
421,137,121,1,1663.07
422,137,122,2,1232.62
423,137,144,2,717.16
424,137,41,2,1268.18
425,138,97,2,1895.6
426,138,158,2,289.85
427,138,174,1,477.29
428,138,91,1,623.91
429,138,197,3,931.56
430,139,33,2,1315.19
431,140,190,3,87.18
432,140,150,2,1990.22
433,140,7,2,505.06
434,141,110,2,1603.51
435,142,106,3,1070.35
436,142,90,1,167.6
437,142,15,1,1288.46
438,143,166,3,1551.05
439,143,80,1,1818.55
440,144,79,1,1110.86
441,145,44,2,652.14
442,145,6,1,1717.52
443,145,138,2,931.92
444,146,146,1,1779.53
445,146,132,3,1907.04
446,146,108,2,1540.03
447,146,69,3,1206.79
448,147,82,2,903.79
449,148,100,1,676.84
450,148,83,3,173.24
451,148,147,3,681.38
452,148,26,1,513.51
453,148,126,2,100.26
454,149,129,1,291.44
455,149,196,3,124.53
456,149,171,2,698.11
457,149,87,2,1359.4
458,150,52,3,606.33
459,150,128,1,1074.43
460,150,163,2,737.07
461,150,20,2,1989.28
462,151,77,3,1664.23
463,152,58,3,1153.64
464,152,160,3,768.79
465,152,191,1,95.7
466,152,24,3,1655.7
467,153,70,3,1902.83
468,153,18,2,647.61
469,153,146,2,1779.53
470,154,89,3,507.73
471,154,20,2,1989.28
472,155,77,1,1664.23
473,155,111,2,1284.15
474,155,170,2,1621.97
475,155,139,2,368.64
476,155,81,3,1211.99
477,156,117,1,1006.5
478,156,172,3,1703.47
479,156,196,3,124.53
480,156,141,3,407.17
481,156,47,1,1216.12
482,157,128,2,1074.43
483,157,55,3,1067.5
484,157,170,3,1621.97
485,157,191,3,95.7
486,157,120,2,279.51
487,158,187,2,1251.92
488,158,161,2,311.11
489,158,16,1,1695.36
490,158,134,1,511.03
491,158,52,1,606.33
492,159,112,1,1868.92
493,159,106,3,1070.35
494,159,82,1,903.79
495,160,69,2,1206.79
496,160,74,3,887.21
497,160,166,3,1551.05
498,160,42,1,1063.31
499,161,62,1,876.24
500,161,30,1,248.85
501,161,39,2,705.29
502,161,50,2,1335.93
503,162,144,1,717.16
504,162,112,1,1868.92
505,162,109,1,1057.28
506,162,166,2,1551.05
507,163,8,2,1733.56
508,163,67,3,705.44
509,164,46,1,167.76
510,164,165,1,1037.9
511,164,11,1,844.82
512,164,185,2,1895.23
513,164,125,3,1553.46
514,165,17,3,1426.24
515,165,105,3,573.43
516,165,94,1,1341.88
517,166,186,3,504.96
518,166,36,3,1949.22
519,166,61,3,922.89
520,166,29,1,1114.96
521,167,171,2,698.11
522,167,149,1,1455.53
523,167,199,1,265.88
524,167,135,3,692.88
525,167,65,1,669.47
526,168,85,2,1047.88
527,168,150,3,1990.22
528,168,189,3,1319.17
529,169,109,1,1057.28
530,169,56,1,797.16
531,170,55,2,1067.5
532,170,71,2,1510.12
533,171,151,3,209.68
534,171,15,2,1288.46
535,171,126,3,100.26
536,172,82,3,903.79
537,173,122,1,1232.62
538,173,175,2,1110.27
539,173,64,2,1741.7
540,173,72,3,1848.69
541,174,79,3,1110.86
542,174,6,1,1717.52
543,174,166,3,1551.05
544,175,177,3,622.03
545,176,65,2,669.47
546,176,142,2,634.61
547,177,176,1,263.89
548,177,32,2,211.68
549,177,137,2,707.84
550,178,101,2,756.56
551,179,24,2,1655.7
552,179,194,1,1913.52
553,179,61,1,922.89
554,180,162,2,890.66
555,180,82,1,903.79
556,180,197,2,931.56
557,180,165,1,1037.9
558,181,121,3,1663.07
559,181,189,2,1319.17
560,181,106,1,1070.35
561,181,86,1,1836.28
562,182,130,2,708.87
563,182,17,3,1426.24
564,182,91,3,623.91
565,183,189,1,1319.17
566,183,84,3,499.25
567,183,117,3,1006.5
568,183,178,1,824.54
569,183,8,3,1733.56
570,184,165,1,1037.9
571,184,35,3,1150.33
572,184,1,2,1327.22
573,184,103,2,878.16
574,185,22,3,233.26
575,185,29,3,1114.96
576,185,41,1,1268.18
577,185,64,3,1741.7
578,185,133,3,1747.3
579,186,82,1,903.79
580,186,116,2,1861.29
581,186,123,1,515.57
582,186,189,3,1319.17
583,187,84,2,499.25
584,187,73,1,635.7
585,187,51,2,1968.97
586,187,22,2,233.26
587,187,107,3,738.84
588,188,6,3,1717.52
589,188,143,3,949.43
590,189,23,1,905.85
591,189,119,2,1679.16
592,190,13,3,1010.16
593,190,103,2,878.16
594,191,67,3,705.44
595,191,39,1,705.29
596,191,23,1,905.85
597,191,95,3,1342.56
598,191,44,3,652.14
599,192,198,1,1723.66
600,192,117,1,1006.5
601,192,173,3,1019.97
602,192,127,1,226.16
603,193,69,3,1206.79
604,193,74,2,887.21
605,194,34,1,1691.52
606,194,111,2,1284.15
607,194,53,3,582.45
608,194,154,3,1454.99
609,195,108,2,1540.03
610,195,47,1,1216.12
611,196,75,2,117.06
612,197,159,1,256.83
613,197,116,2,1861.29
614,198,176,2,263.89
615,198,166,1,1551.05
616,198,118,2,752.95
617,198,22,3,233.26
618,198,3,2,414.39
619,199,183,3,1038.61
620,199,99,2,1689.63
621,200,66,1,1268.28
622,200,19,2,553.66
623,200,25,1,194.7
624,200,143,2,949.43
625,200,16,2,1695.36
626,201,172,1,1703.47
627,201,154,2,1454.99
628,201,182,3,868.07
629,201,192,3,425.56
630,201,12,2,899.31
631,202,102,1,1543.34
632,202,172,3,1703.47
633,202,95,1,1342.56
634,203,46,2,167.76
635,203,67,2,705.44
636,203,44,1,652.14
637,203,129,1,291.44
638,203,127,2,226.16
639,204,111,1,1284.15
640,204,37,1,1858.52
641,204,67,2,705.44
642,204,30,2,248.85
643,204,81,3,1211.99
644,205,111,3,1284.15
645,205,73,2,635.7
646,205,68,3,210.1
647,206,112,3,1868.92
648,206,43,2,685.09
649,206,81,1,1211.99
650,207,169,1,349.45
651,207,163,1,737.07
652,207,113,1,172.33
653,207,14,1,1567.54
654,207,49,1,226.23
655,208,67,2,705.44
656,208,42,1,1063.31
657,208,181,2,1756.53
658,208,120,1,279.51
659,209,92,2,1192.11
660,209,182,2,868.07
661,209,144,1,717.16
662,209,125,3,1553.46
663,210,32,1,211.68
664,210,90,1,167.6
665,211,47,3,1216.12
666,211,44,2,652.14
667,211,192,3,425.56
668,212,55,3,1067.5
669,212,150,1,1990.22
670,212,2,2,1574.66
671,212,135,1,692.88
672,212,197,1,931.56
673,213,174,2,477.29
674,213,25,3,194.7
675,213,85,3,1047.88
676,213,7,1,505.06
677,214,96,1,728.38
678,214,152,1,894.6
679,214,28,1,190.99
680,214,83,2,173.24
681,215,117,3,1006.5
682,215,161,1,311.11
683,215,69,2,1206.79
684,215,153,1,1381.08
685,216,116,1,1861.29
686,216,84,1,499.25
687,216,188,3,1283.77
688,216,146,2,1779.53
689,216,34,2,1691.52
690,217,191,1,95.7
691,218,155,1,1996.31
692,218,98,1,1999.95
693,218,24,2,1655.7
694,218,103,1,878.16
695,218,66,1,1268.28
696,219,42,2,1063.31
697,219,100,2,676.84
698,220,31,2,107.63
699,220,77,2,1664.23
700,221,176,2,263.89
701,221,155,3,1996.31
702,221,34,1,1691.52
703,222,132,2,1907.04
704,222,52,2,606.33
705,222,126,2,100.26
706,223,145,1,667.19
707,223,154,2,1454.99
708,223,109,2,1057.28
709,224,48,1,1511.11
710,224,112,3,1868.92
711,224,162,2,890.66
712,224,110,2,1603.51
713,224,24,3,1655.7
714,225,166,3,1551.05
715,225,176,1,263.89
716,226,135,2,692.88
717,226,162,2,890.66
718,226,166,2,1551.05
719,226,22,1,233.26
720,227,77,2,1664.23
721,227,39,1,705.29
722,227,33,3,1315.19
723,227,176,2,263.89
724,228,146,1,1779.53
725,228,13,1,1010.16
726,228,142,3,634.61
727,229,131,2,1330.42
728,230,25,3,194.7
729,230,119,2,1679.16
730,230,170,2,1621.97
731,230,185,2,1895.23
732,231,21,3,1013.57
733,231,197,3,931.56
734,231,129,2,291.44
735,231,5,1,1549.87
736,231,30,1,248.85
737,232,12,2,899.31
738,232,22,2,233.26
739,232,107,3,738.84
740,232,181,3,1756.53
741,233,194,2,1913.52
742,233,172,2,1703.47
743,233,116,1,1861.29
744,233,160,1,768.79
745,234,21,3,1013.57
746,234,192,2,425.56
747,235,112,3,1868.92
748,236,2,2,1574.66
749,237,4,1,435.82
750,238,118,3,752.95
751,238,178,3,824.54
752,238,104,3,1440.57
753,238,169,2,349.45
754,239,159,3,256.83
755,239,158,3,289.85
756,239,93,3,1120.05
757,240,78,1,1190.19
758,240,23,1,905.85
759,240,33,1,1315.19
760,240,35,1,1150.33
761,241,7,2,505.06
762,241,54,3,1495.29
763,242,167,2,1992.75
764,242,62,3,876.24
765,243,49,1,226.23
766,243,23,2,905.85
767,243,78,2,1190.19
768,243,198,1,1723.66
769,243,119,1,1679.16
770,244,40,3,1316.4
771,244,190,2,87.18
772,245,121,1,1663.07
773,245,6,1,1717.52
774,245,116,2,1861.29
775,245,150,3,1990.22
776,246,14,3,1567.54
777,246,86,3,1836.28
778,246,3,2,414.39
779,246,27,2,1846.36
780,247,189,3,1319.17
781,247,149,2,1455.53
782,247,153,1,1381.08
783,247,188,2,1283.77
784,248,125,3,1553.46
785,248,132,3,1907.04
786,248,152,2,894.6
787,248,186,1,504.96
788,249,136,1,1471.7
789,250,148,2,997.56
790,250,81,3,1211.99
791,250,142,2,634.61
792,250,17,2,1426.24
793,251,127,3,226.16
794,252,115,1,1893.09
795,252,179,1,1944.9
796,252,112,2,1868.92
797,253,121,2,1663.07
798,253,89,1,507.73
799,254,57,3,42.39
800,254,151,3,209.68
801,254,176,2,263.89
802,254,87,1,1359.4
803,254,155,2,1996.31
804,255,107,2,738.84
805,255,173,2,1019.97
806,255,168,1,249.66
807,255,189,3,1319.17
808,256,73,3,635.7
809,256,177,1,622.03
810,257,34,3,1691.52
811,257,45,2,315.38
812,257,52,1,606.33
813,257,41,2,1268.18
814,258,78,1,1190.19
815,258,61,1,922.89
816,258,54,2,1495.29
817,258,143,2,949.43
818,259,174,3,477.29
819,259,41,1,1268.18
820,259,45,1,315.38
821,260,111,1,1284.15
822,260,30,1,248.85
823,260,159,3,256.83
824,261,125,2,1553.46
825,261,67,2,705.44
826,262,198,3,1723.66
827,263,39,3,705.29
828,263,177,3,622.03
829,263,132,1,1907.04
830,264,113,2,172.33
831,265,28,3,190.99
832,266,27,3,1846.36
833,266,144,1,717.16
834,266,11,1,844.82
835,266,130,2,708.87
836,266,43,1,685.09
837,267,182,3,868.07
838,267,114,2,1811.09
839,267,196,3,124.53
840,268,40,3,1316.4
841,269,86,1,1836.28
842,269,36,2,1949.22
843,269,32,2,211.68
844,270,63,2,1179.8
845,271,74,1,887.21
846,271,130,2,708.87
847,271,44,2,652.14
848,272,93,1,1120.05
849,272,162,3,890.66
850,272,171,2,698.11
851,272,63,1,1179.8
852,273,110,2,1603.51
853,273,106,2,1070.35
854,274,175,1,1110.27
855,274,93,3,1120.05
856,274,8,3,1733.56
857,274,114,1,1811.09
858,274,38,1,364.93
859,275,81,1,1211.99
860,275,103,2,878.16
861,275,198,1,1723.66
862,276,195,1,815.15
863,276,10,3,352.62
864,276,170,1,1621.97
865,276,165,3,1037.9
866,277,76,3,926.18
867,277,108,2,1540.03
868,277,103,3,878.16
869,277,175,3,1110.27
870,277,180,2,934.34
871,278,3,3,414.39
872,278,72,1,1848.69
873,278,136,3,1471.7
874,279,115,3,1893.09
875,279,165,3,1037.9
876,279,53,3,582.45
877,279,140,2,1553.5
878,280,167,1,1992.75
879,280,104,2,1440.57
880,280,199,1,265.88
881,281,138,2,931.92
882,282,186,3,504.96
883,282,185,3,1895.23
884,282,190,2,87.18
885,282,33,1,1315.19
886,283,131,3,1330.42
887,284,134,3,511.03
888,284,88,1,662.73
889,284,194,1,1913.52
890,285,139,3,368.64
891,286,62,3,876.24
892,286,199,2,265.88
893,286,78,3,1190.19
894,287,188,1,1283.77
895,288,67,2,705.44
896,288,161,1,311.11
897,288,130,1,708.87
898,289,115,2,1893.09
899,290,189,3,1319.17
900,290,2,3,1574.66
901,290,117,3,1006.5
902,290,87,3,1359.4
903,290,61,3,922.89
904,291,153,3,1381.08
905,291,60,3,46.61
906,291,90,3,167.6
907,291,77,3,1664.23
908,291,73,1,635.7
909,292,134,2,511.03
910,292,189,3,1319.17
911,292,64,3,1741.7
912,292,27,1,1846.36
913,293,117,3,1006.5
914,293,26,2,513.51
915,293,38,2,364.93
916,294,24,1,1655.7
917,295,34,1,1691.52
918,295,122,2,1232.62
919,295,55,3,1067.5
920,295,115,3,1893.09
921,296,151,2,209.68
922,296,144,2,717.16
923,296,133,3,1747.3
924,296,200,2,487.27
925,297,113,2,172.33
926,297,177,1,622.03
927,297,126,1,100.26
928,297,188,3,1283.77
929,298,125,2,1553.46
930,298,183,1,1038.61
931,299,136,2,1471.7
932,299,31,1,107.63
933,299,178,3,824.54
934,299,55,1,1067.5
935,299,117,3,1006.5
936,300,31,1,107.63
937,300,155,1,1996.31
938,300,105,2,573.43
939,301,75,2,117.06
940,301,11,2,844.82
941,301,134,2,511.03
942,301,40,2,1316.4
943,301,31,2,107.63
944,302,8,1,1733.56
945,302,37,2,1858.52
946,302,151,2,209.68
947,302,108,1,1540.03
948,303,190,1,87.18
949,303,126,1,100.26
950,304,90,3,167.6
951,304,18,2,647.61
952,304,12,3,899.31
953,304,107,2,738.84
954,304,124,2,1880.75
955,305,122,1,1232.62
956,305,185,3,1895.23
957,305,156,3,1344.01
958,305,34,2,1691.52
959,306,171,2,698.11
960,306,115,1,1893.09
961,306,39,3,705.29
962,306,187,3,1251.92
963,307,105,3,573.43
964,307,100,1,676.84
965,307,60,3,46.61
966,307,102,2,1543.34
967,307,87,3,1359.4
968,308,166,3,1551.05
969,308,23,1,905.85
970,308,43,3,685.09
971,309,144,3,717.16
972,309,166,3,1551.05
973,309,32,1,211.68
974,310,159,3,256.83
975,310,139,1,368.64
976,311,134,1,511.03
977,311,49,1,226.23
978,311,193,3,1279.79
979,311,122,3,1232.62
980,311,129,1,291.44
981,312,71,1,1510.12
982,313,181,2,1756.53
983,313,149,1,1455.53
984,314,156,2,1344.01
985,314,83,1,173.24
986,314,103,2,878.16
987,314,151,2,209.68
988,314,12,1,899.31
989,315,7,2,505.06
990,315,136,1,1471.7
991,315,82,1,903.79
992,315,98,1,1999.95
993,316,44,1,652.14
994,316,74,1,887.21
995,316,37,2,1858.52
996,316,47,2,1216.12
997,316,66,3,1268.28
998,317,16,2,1695.36
999,317,158,1,289.85
1000,318,183,1,1038.61
1001,319,100,1,676.84
1002,319,26,2,513.51
1003,319,82,2,903.79
1004,320,97,1,1895.6
1005,320,31,1,107.63
1006,320,14,3,1567.54
1007,321,61,2,922.89
1008,321,127,1,226.16
1009,321,131,2,1330.42
1010,321,193,1,1279.79
1011,321,130,2,708.87
1012,322,142,1,634.61
1013,322,105,2,573.43
1014,322,17,3,1426.24
1015,322,124,1,1880.75
1016,323,69,3,1206.79
1017,324,173,3,1019.97
1018,324,26,1,513.51
1019,324,64,2,1741.7
1020,324,196,3,124.53
1021,324,143,2,949.43
1022,325,22,1,233.26
1023,325,163,2,737.07
1024,325,129,3,291.44
1025,325,53,1,582.45
1026,326,138,3,931.92
1027,326,109,2,1057.28
1028,327,1,2,1327.22
1029,328,75,2,117.06
1030,328,168,2,249.66
1031,328,43,3,685.09
1032,328,1,2,1327.22
1033,328,16,3,1695.36
1034,329,90,3,167.6
1035,329,162,2,890.66
1036,329,55,1,1067.5
1037,329,150,1,1990.22
1038,330,145,3,667.19
1039,330,18,1,647.61
1040,330,77,1,1664.23
1041,330,23,3,905.85
1042,330,102,3,1543.34
1043,331,111,3,1284.15
1044,331,54,2,1495.29
1045,331,157,3,1603.19
1046,332,163,3,737.07
1047,332,67,2,705.44
1048,332,193,2,1279.79
1049,333,170,2,1621.97
1050,333,83,1,173.24
1051,334,154,1,1454.99
1052,334,85,3,1047.88
1053,334,5,1,1549.87
1054,334,178,3,824.54
1055,335,2,2,1574.66
1056,335,3,3,414.39
1057,335,173,3,1019.97
1058,335,45,3,315.38
1059,336,196,3,124.53
1060,336,101,3,756.56
1061,336,138,1,931.92
1062,336,21,3,1013.57
1063,337,172,2,1703.47
1064,338,91,2,623.91
1065,339,92,1,1192.11
1066,339,100,1,676.84
1067,339,46,2,167.76
1068,339,197,2,931.56
1069,339,179,1,1944.9
1070,340,3,2,414.39
1071,340,57,3,42.39
1072,340,191,3,95.7
1073,340,6,2,1717.52
1074,341,24,3,1655.7
1075,341,158,2,289.85
1076,342,60,2,46.61
1077,342,127,1,226.16
1078,343,127,1,226.16
1079,343,181,1,1756.53
1080,343,156,1,1344.01
1081,344,29,2,1114.96
1082,344,72,1,1848.69
1083,344,146,3,1779.53
1084,344,129,1,291.44
1085,345,173,1,1019.97
1086,345,175,3,1110.27
1087,345,155,1,1996.31
1088,345,145,3,667.19
1089,345,45,1,315.38
1090,346,67,1,705.44
1091,346,146,3,1779.53
1092,347,50,3,1335.93
1093,347,174,3,477.29
1094,347,6,3,1717.52
1095,348,65,2,669.47
1096,348,175,3,1110.27
1097,348,144,3,717.16
1098,348,117,3,1006.5
1099,348,1,1,1327.22
1100,349,111,1,1284.15
1101,349,105,3,573.43
1102,349,71,3,1510.12
1103,350,127,1,226.16
1104,350,93,3,1120.05
1105,350,133,1,1747.3
1106,350,195,1,815.15
1107,351,108,2,1540.03
1108,351,137,1,707.84
1109,351,115,2,1893.09
1110,352,86,3,1836.28
1111,352,21,1,1013.57
1112,353,177,1,622.03
1113,353,109,1,1057.28
1114,354,43,2,685.09
1115,354,85,1,1047.88
1116,355,8,2,1733.56
1117,356,7,2,505.06
1118,356,152,1,894.6
1119,356,161,1,311.11
1120,356,86,2,1836.28
1121,357,88,2,662.73
1122,357,14,3,1567.54
1123,358,19,3,553.66
1124,358,199,3,265.88
1125,359,196,3,124.53
1126,359,25,1,194.7
1127,359,161,1,311.11
1128,359,115,1,1893.09
1129,360,97,2,1895.6
1130,361,33,1,1315.19
1131,362,15,2,1288.46
1132,362,78,1,1190.19
1133,362,157,1,1603.19
1134,362,161,3,311.11
1135,363,144,1,717.16
1136,364,98,3,1999.95
1137,364,103,2,878.16
1138,364,25,1,194.7
1139,365,169,2,349.45
1140,365,160,2,768.79
1141,365,3,3,414.39
1142,365,117,3,1006.5
1143,365,99,1,1689.63
1144,366,167,2,1992.75
1145,366,173,3,1019.97
1146,366,7,2,505.06
1147,367,50,3,1335.93
1148,367,28,1,190.99
1149,367,27,3,1846.36
1150,367,4,1,435.82
1151,367,153,3,1381.08
1152,368,164,2,1921.24
1153,368,131,2,1330.42
1154,369,124,1,1880.75
1155,369,186,1,504.96
1156,369,159,1,256.83
1157,369,114,1,1811.09
1158,370,33,2,1315.19
1159,371,112,2,1868.92
1160,371,132,3,1907.04
1161,371,167,3,1992.75
1162,371,194,1,1913.52
1163,371,92,1,1192.11
1164,372,80,2,1818.55
1165,372,155,1,1996.31
1166,372,88,3,662.73
1167,372,75,3,117.06
1168,373,15,3,1288.46
1169,373,61,3,922.89
1170,374,109,2,1057.28
1171,375,52,1,606.33
1172,375,164,1,1921.24
1173,376,49,3,226.23
1174,376,171,3,698.11
1175,376,122,2,1232.62
1176,377,178,3,824.54
1177,377,85,2,1047.88
1178,377,149,2,1455.53
1179,377,145,2,667.19
1180,377,86,1,1836.28
1181,378,117,1,1006.5
1182,379,57,3,42.39
1183,379,1,1,1327.22
1184,379,164,2,1921.24
1185,379,58,3,1153.64
1186,380,62,3,876.24
1187,380,124,2,1880.75
1188,381,53,2,582.45
1189,381,103,1,878.16
1190,381,48,1,1511.11
1191,381,2,2,1574.66
1192,382,143,1,949.43
1193,383,75,1,117.06
1194,383,113,3,172.33
1195,384,196,1,124.53
1196,384,93,2,1120.05
1197,384,12,1,899.31
1198,384,8,1,1733.56
1199,384,51,2,1968.97
1200,385,87,1,1359.4
1201,385,142,1,634.61
1202,386,6,2,1717.52
1203,386,46,1,167.76
1204,387,174,1,477.29
1205,388,168,2,249.66
1206,388,29,2,1114.96
1207,388,87,1,1359.4
1208,388,54,2,1495.29
1209,389,170,3,1621.97
1210,389,44,2,652.14
1211,389,135,3,692.88
1212,390,31,1,107.63
1213,391,49,3,226.23
1214,391,50,2,1335.93
1215,392,82,3,903.79
1216,392,154,1,1454.99
1217,392,110,1,1603.51
1218,393,151,2,209.68
1219,393,49,1,226.23
1220,393,138,1,931.92
1221,393,76,3,926.18
1222,393,39,2,705.29
1223,394,131,2,1330.42
1224,394,150,1,1990.22
1225,395,121,3,1663.07
1226,396,17,3,1426.24
1227,396,43,3,685.09
1228,396,131,2,1330.42
1229,396,100,2,676.84
1230,396,193,3,1279.79
1231,397,46,3,167.76
1232,397,83,3,173.24
1233,397,183,2,1038.61
1234,397,96,3,728.38
1235,398,122,3,1232.62
1236,398,69,3,1206.79
1237,398,149,3,1455.53
1238,398,103,1,878.16
1239,399,57,2,42.39
1240,399,52,1,606.33
1241,400,56,3,797.16
1242,400,79,1,1110.86
1243,400,109,2,1057.28
1244,400,97,2,1895.6
1245,401,22,3,233.26
1246,401,35,2,1150.33
1247,401,193,1,1279.79
1248,401,76,3,926.18
1249,401,114,1,1811.09
1250,402,132,2,1907.04
1251,402,160,2,768.79
1252,402,87,2,1359.4
1253,402,110,2,1603.51
1254,403,128,2,1074.43
1255,403,82,1,903.79
1256,403,70,1,1902.83
1257,404,60,2,46.61
1258,404,68,1,210.1
1259,404,166,2,1551.05
1260,404,20,3,1989.28
1261,405,140,1,1553.5
1262,405,165,1,1037.9
1263,405,21,1,1013.57
1264,405,71,2,1510.12
1265,405,59,1,1282.08
1266,406,52,2,606.33
1267,406,86,2,1836.28
1268,406,51,3,1968.97
1269,406,173,3,1019.97
1270,406,85,2,1047.88
1271,407,181,1,1756.53
1272,407,155,3,1996.31
1273,408,67,2,705.44
1274,408,3,2,414.39
1275,408,198,2,1723.66
1276,408,77,3,1664.23
1277,408,73,3,635.7
1278,409,121,3,1663.07
1279,410,195,3,815.15
1280,410,39,1,705.29
1281,410,102,2,1543.34
1282,410,59,1,1282.08
1283,410,186,3,504.96
1284,411,142,2,634.61
1285,411,194,1,1913.52
1286,411,120,2,279.51
1287,411,185,1,1895.23
1288,411,119,2,1679.16
1289,412,54,1,1495.29
1290,412,113,2,172.33
1291,412,116,1,1861.29
1292,412,143,3,949.43
1293,413,79,1,1110.86
1294,413,189,2,1319.17
1295,414,87,2,1359.4
1296,414,58,3,1153.64
1297,414,108,2,1540.03
1298,415,77,1,1664.23
1299,415,84,1,499.25
1300,415,151,1,209.68
1301,415,6,2,1717.52
1302,415,146,3,1779.53
1303,416,156,2,1344.01
1304,416,147,1,681.38
1305,416,101,3,756.56
1306,416,98,2,1999.95
1307,416,53,1,582.45
1308,417,28,3,190.99
1309,417,85,2,1047.88
1310,417,146,1,1779.53
1311,417,116,1,1861.29
1312,418,173,3,1019.97
1313,419,9,3,1581.02
1314,419,177,2,622.03
1315,420,48,1,1511.11
1316,421,99,2,1689.63
1317,422,60,3,46.61
1318,422,75,3,117.06
1319,423,117,1,1006.5
1320,424,133,2,1747.3
1321,424,3,2,414.39
1322,424,44,2,652.14
1323,425,29,3,1114.96
1324,425,34,2,1691.52
1325,426,191,1,95.7
1326,426,18,1,647.61
1327,426,100,2,676.84
1328,426,53,2,582.45
1329,427,41,3,1268.18
1330,427,155,1,1996.31
1331,427,148,3,997.56
1332,427,80,3,1818.55
1333,428,71,2,1510.12
1334,428,52,1,606.33
1335,428,2,2,1574.66
1336,428,37,3,1858.52
1337,429,135,3,692.88
1338,429,85,2,1047.88
1339,430,119,1,1679.16
1340,430,148,2,997.56
1341,430,11,3,844.82
1342,430,189,2,1319.17
1343,431,180,2,934.34
1344,431,183,3,1038.61
1345,431,77,1,1664.23
1346,432,64,2,1741.7
1347,432,46,2,167.76
1348,432,159,2,256.83
1349,432,188,3,1283.77
1350,433,179,1,1944.9
1351,433,146,2,1779.53
1352,434,62,1,876.24
1353,435,161,3,311.11
1354,435,138,1,931.92
1355,435,75,3,117.06
1356,436,127,3,226.16
1357,436,106,1,1070.35
1358,437,20,3,1989.28
1359,437,194,2,1913.52
1360,437,27,2,1846.36
1361,438,43,1,685.09
1362,438,65,2,669.47
1363,438,54,1,1495.29
1364,438,130,1,708.87
1365,439,98,1,1999.95
1366,439,88,2,662.73
1367,439,191,1,95.7
1368,439,103,1,878.16
1369,440,30,2,248.85
1370,440,182,3,868.07
1371,440,35,3,1150.33
1372,441,125,3,1553.46
1373,441,119,3,1679.16
1374,441,18,1,647.61
1375,441,22,3,233.26
1376,442,36,1,1949.22
1377,442,121,1,1663.07
1378,442,72,3,1848.69
1379,442,42,1,1063.31
1380,443,76,3,926.18
1381,443,32,3,211.68
1382,444,44,1,652.14
1383,444,20,3,1989.28
1384,444,172,2,1703.47
1385,444,196,1,124.53
1386,445,92,1,1192.11
1387,445,46,3,167.76
1388,445,56,3,797.16
1389,445,183,1,1038.61
1390,446,179,3,1944.9
1391,446,13,3,1010.16
1392,446,163,3,737.07
1393,446,134,3,511.03
1394,447,100,3,676.84
1395,448,114,1,1811.09
1396,448,14,1,1567.54
1397,448,154,2,1454.99
1398,449,64,1,1741.7
1399,449,96,1,728.38
1400,450,5,2,1549.87
1401,451,4,2,435.82
1402,452,175,1,1110.27
1403,452,172,1,1703.47
1404,453,171,1,698.11
1405,454,12,3,899.31
1406,454,107,1,738.84
1407,455,83,1,173.24
1408,455,144,3,717.16
1409,455,161,1,311.11
1410,456,102,1,1543.34
1411,456,110,2,1603.51
1412,456,31,2,107.63
1413,456,60,1,46.61
1414,456,55,1,1067.5
1415,457,168,1,249.66
1416,457,81,2,1211.99
1417,457,4,1,435.82
1418,457,100,1,676.84
1419,458,167,1,1992.75
1420,458,160,1,768.79
1421,458,95,1,1342.56
1422,459,78,1,1190.19
1423,459,197,3,931.56
1424,459,154,3,1454.99
1425,459,128,3,1074.43
1426,460,65,3,669.47
1427,460,25,2,194.7
1428,461,174,2,477.29
1429,461,198,1,1723.66
1430,461,178,3,824.54
1431,461,35,3,1150.33
1432,462,171,2,698.11
1433,462,124,1,1880.75
1434,462,18,3,647.61
1435,463,115,1,1893.09
1436,463,98,3,1999.95
1437,463,131,3,1330.42
1438,463,164,3,1921.24
1439,463,190,1,87.18
1440,464,6,1,1717.52
1441,464,158,2,289.85
1442,465,189,1,1319.17
1443,465,110,3,1603.51
1444,466,16,1,1695.36
1445,467,128,1,1074.43
1446,467,76,2,926.18
1447,467,52,1,606.33
1448,468,61,3,922.89
1449,469,114,2,1811.09
1450,469,190,3,87.18
1451,469,85,1,1047.88
1452,469,35,3,1150.33
1453,469,72,2,1848.69
1454,470,193,3,1279.79
1455,470,7,2,505.06
1456,470,59,2,1282.08
1457,471,53,1,582.45
1458,471,139,3,368.64
1459,472,176,3,263.89
1460,472,179,1,1944.9
1461,473,98,3,1999.95
1462,473,134,1,511.03
1463,473,83,1,173.24
1464,473,47,2,1216.12
1465,473,114,1,1811.09
1466,474,14,1,1567.54
1467,474,163,1,737.07
1468,475,24,3,1655.7
1469,475,45,3,315.38
1470,476,61,1,922.89
1471,476,130,2,708.87
1472,477,80,1,1818.55
1473,477,43,2,685.09
1474,477,185,1,1895.23
1475,477,51,3,1968.97
1476,478,78,3,1190.19
1477,478,74,2,887.21
1478,479,70,1,1902.83
1479,479,124,2,1880.75
1480,480,97,2,1895.6
1481,480,43,3,685.09
1482,480,121,3,1663.07
1483,480,113,3,172.33
1484,481,195,2,815.15
1485,481,40,2,1316.4
1486,481,124,1,1880.75
1487,481,6,2,1717.52
1488,482,138,2,931.92
1489,482,40,2,1316.4
1490,482,142,2,634.61
1491,482,187,2,1251.92
1492,482,45,2,315.38
1493,483,97,2,1895.6
1494,483,144,1,717.16
1495,483,156,2,1344.01
1496,484,184,1,648.71
1497,484,121,1,1663.07
1498,485,2,3,1574.66
1499,485,4,3,435.82
1500,486,126,2,100.26
1501,486,104,3,1440.57
1502,486,107,2,738.84
1503,487,126,1,100.26
1504,487,79,2,1110.86
1505,487,165,1,1037.9
1506,487,151,1,209.68
1507,488,145,2,667.19
1508,488,42,2,1063.31
1509,488,50,3,1335.93
1510,488,196,2,124.53
1511,489,182,3,868.07
1512,489,126,1,100.26
1513,489,163,3,737.07
1514,489,177,2,622.03
1515,489,95,2,1342.56
1516,490,63,1,1179.8
1517,490,123,2,515.57
1518,491,179,3,1944.9
1519,492,67,2,705.44
1520,492,155,3,1996.31
1521,493,66,3,1268.28
1522,493,64,3,1741.7
1523,494,4,1,435.82
1524,494,30,3,248.85
1525,495,102,3,1543.34
1526,495,181,1,1756.53
1527,495,151,2,209.68
1528,495,21,1,1013.57
1529,496,65,3,669.47
1530,496,178,3,824.54
1531,496,78,2,1190.19
1532,496,129,3,291.44
1533,497,188,3,1283.77
1534,497,106,1,1070.35
1535,497,193,1,1279.79
1536,498,199,1,265.88
1537,498,89,3,507.73
1538,498,37,2,1858.52
1539,498,69,3,1206.79
1540,498,192,2,425.56
1541,499,44,2,652.14
1542,500,25,1,194.7
1543,501,135,3,692.88
1544,501,107,2,738.84
1545,501,168,1,249.66
1546,501,74,1,887.21
1547,502,48,1,1511.11
1548,502,181,2,1756.53
1549,502,35,1,1150.33
1550,503,29,1,1114.96
1551,503,116,1,1861.29
1552,503,146,3,1779.53
1553,503,55,1,1067.5
1554,503,48,1,1511.11
1555,504,105,3,573.43
1556,504,113,1,172.33
1557,504,161,3,311.11
1558,505,21,1,1013.57
1559,505,76,2,926.18
1560,506,71,1,1510.12
1561,507,8,2,1733.56
1562,507,150,2,1990.22
1563,507,61,3,922.89
1564,508,3,1,414.39
1565,509,193,3,1279.79
1566,509,2,1,1574.66
1567,509,171,1,698.11
1568,510,134,2,511.03
1569,510,2,3,1574.66
1570,511,195,2,815.15
1571,511,69,3,1206.79
1572,511,125,2,1553.46
1573,511,122,2,1232.62
1574,511,194,2,1913.52
1575,512,81,3,1211.99
1576,512,62,2,876.24
1577,512,93,2,1120.05
1578,513,15,2,1288.46
1579,513,92,3,1192.11
1580,513,85,2,1047.88
1581,513,26,3,513.51
1582,513,1,1,1327.22
1583,514,155,1,1996.31
1584,515,72,2,1848.69
1585,515,180,3,934.34
1586,515,193,3,1279.79
1587,515,64,3,1741.7
1588,515,95,2,1342.56
1589,516,106,2,1070.35
1590,516,170,1,1621.97
1591,516,49,3,226.23
1592,516,1,2,1327.22
1593,516,164,1,1921.24
1594,517,174,3,477.29
1595,517,114,2,1811.09
1596,517,60,2,46.61
1597,518,21,3,1013.57
1598,518,90,1,167.6
1599,518,110,3,1603.51
1600,518,122,2,1232.62
1601,518,169,2,349.45
1602,519,50,3,1335.93
1603,519,183,3,1038.61
1604,519,37,1,1858.52
1605,519,134,1,511.03
1606,519,147,2,681.38
1607,520,78,3,1190.19
1608,521,120,3,279.51
1609,521,44,3,652.14
1610,521,115,1,1893.09
1611,521,30,1,248.85
1612,521,124,1,1880.75
1613,522,193,3,1279.79
1614,522,169,1,349.45
1615,523,112,3,1868.92
1616,524,42,2,1063.31
1617,525,197,2,931.56
1618,525,72,3,1848.69
1619,525,57,2,42.39
1620,525,185,3,1895.23
1621,526,171,1,698.11
1622,527,163,2,737.07
1623,527,186,1,504.96
1624,527,126,3,100.26
1625,527,24,3,1655.7
1626,527,178,1,824.54
1627,528,97,3,1895.6
1628,528,184,3,648.71
1629,528,191,2,95.7
1630,529,112,2,1868.92
1631,529,60,1,46.61
1632,529,58,1,1153.64
1633,529,67,1,705.44
1634,529,30,2,248.85
1635,530,49,1,226.23
1636,530,191,2,95.7
1637,530,30,2,248.85
1638,530,147,3,681.38
1639,530,95,3,1342.56
1640,531,80,1,1818.55
1641,532,138,2,931.92
1642,532,49,3,226.23
1643,532,100,1,676.84
1644,532,109,3,1057.28
1645,532,82,3,903.79
1646,533,152,3,894.6
1647,533,57,2,42.39
1648,533,28,2,190.99
1649,533,102,1,1543.34
1650,533,3,2,414.39
1651,534,128,2,1074.43
1652,534,175,1,1110.27
1653,535,73,1,635.7
1654,535,38,3,364.93
1655,535,192,2,425.56
1656,535,171,2,698.11
1657,535,180,3,934.34
1658,536,71,3,1510.12
1659,537,123,3,515.57
1660,537,162,2,890.66
1661,537,56,1,797.16
1662,537,127,2,226.16
1663,537,75,1,117.06
1664,538,188,3,1283.77
1665,538,58,3,1153.64
1666,539,199,1,265.88
1667,540,187,1,1251.92
1668,540,101,1,756.56
1669,540,77,3,1664.23
1670,540,169,2,349.45
1671,541,109,2,1057.28
1672,541,174,2,477.29
1673,541,122,2,1232.62
1674,542,136,3,1471.7
1675,543,73,3,635.7
1676,543,179,3,1944.9
1677,543,50,2,1335.93
1678,544,34,2,1691.52
1679,545,14,1,1567.54
1680,545,182,3,868.07
1681,545,78,1,1190.19
1682,545,118,2,752.95
1683,545,168,3,249.66
1684,546,75,3,117.06
1685,546,38,1,364.93
1686,546,54,3,1495.29
1687,546,56,3,797.16
1688,547,93,3,1120.05
1689,548,27,3,1846.36
1690,548,174,1,477.29
1691,548,38,1,364.93
1692,548,97,1,1895.6
1693,548,110,2,1603.51
1694,549,46,3,167.76
1695,549,14,2,1567.54
1696,549,31,3,107.63
1697,549,132,2,1907.04
1698,550,161,2,311.11
1699,550,185,1,1895.23
1700,551,31,1,107.63
1701,552,126,1,100.26
1702,552,78,3,1190.19
1703,552,177,3,622.03
1704,552,153,2,1381.08
1705,553,200,2,487.27
1706,554,71,2,1510.12
1707,554,162,1,890.66
1708,554,168,1,249.66
1709,554,114,1,1811.09
1710,555,32,2,211.68
1711,556,58,2,1153.64
1712,556,6,3,1717.52
1713,556,151,3,209.68
1714,556,147,1,681.38
1715,556,123,3,515.57
1716,557,99,3,1689.63
1717,557,124,3,1880.75
1718,558,77,2,1664.23
1719,558,147,1,681.38
1720,558,33,3,1315.19
1721,558,26,3,513.51
1722,559,104,1,1440.57
1723,559,180,2,934.34
1724,560,138,3,931.92
1725,560,136,3,1471.7
1726,560,126,3,100.26
1727,560,17,3,1426.24
1728,560,133,1,1747.3
1729,561,169,1,349.45
1730,561,31,3,107.63
1731,562,2,2,1574.66
1732,562,143,2,949.43
1733,563,11,1,844.82
1734,564,53,2,582.45
1735,564,168,1,249.66
1736,564,42,1,1063.31
1737,564,23,1,905.85
1738,564,144,3,717.16
1739,565,94,2,1341.88
1740,565,140,3,1553.5
1741,565,44,1,652.14
1742,566,77,3,1664.23
1743,566,12,2,899.31
1744,567,114,2,1811.09
1745,567,36,3,1949.22
1746,567,148,2,997.56
1747,567,126,3,100.26
1748,567,178,3,824.54
1749,568,54,1,1495.29
1750,568,177,1,622.03
1751,568,26,1,513.51
1752,568,170,1,1621.97
1753,568,12,2,899.31
1754,569,35,3,1150.33
1755,569,155,1,1996.31
1756,570,92,2,1192.11
1757,570,72,1,1848.69
1758,570,33,3,1315.19
1759,570,187,2,1251.92
1760,570,160,2,768.79
1761,571,167,1,1992.75
1762,571,42,2,1063.31
1763,571,103,3,878.16
1764,571,117,2,1006.5
1765,572,138,1,931.92
1766,572,53,3,582.45
1767,573,163,1,737.07
1768,573,179,3,1944.9
1769,573,166,2,1551.05
1770,574,169,2,349.45
1771,574,166,1,1551.05
1772,574,131,2,1330.42
1773,574,155,2,1996.31
1774,574,42,2,1063.31
1775,575,155,1,1996.31
1776,576,70,1,1902.83
1777,577,29,2,1114.96
1778,577,176,3,263.89
1779,577,141,1,407.17
1780,577,105,2,573.43
1781,577,17,2,1426.24
1782,578,38,1,364.93
1783,578,58,1,1153.64
1784,578,71,2,1510.12
1785,579,97,1,1895.6
1786,579,27,1,1846.36
1787,580,187,3,1251.92
1788,580,79,2,1110.86
1789,580,151,3,209.68
1790,580,126,3,100.26
1791,580,25,2,194.7
1792,581,70,2,1902.83
1793,581,156,2,1344.01
1794,581,26,1,513.51
1795,581,13,2,1010.16
1796,581,44,3,652.14
1797,582,142,1,634.61
1798,582,153,2,1381.08
1799,582,104,1,1440.57
1800,582,123,3,515.57
1801,582,152,3,894.6
1802,583,169,1,349.45
1803,583,33,2,1315.19
1804,584,189,2,1319.17
1805,584,69,3,1206.79
1806,584,14,1,1567.54
1807,584,186,3,504.96
1808,584,164,3,1921.24
1809,585,181,2,1756.53
1810,585,118,2,752.95
1811,585,47,3,1216.12
1812,585,113,2,172.33
1813,586,110,1,1603.51
1814,586,134,2,511.03
1815,586,184,3,648.71
1816,587,79,2,1110.86
1817,588,24,1,1655.7
1818,588,163,3,737.07
1819,588,21,1,1013.57
1820,589,43,3,685.09
1821,590,22,3,233.26
1822,591,142,2,634.61
1823,591,127,3,226.16
1824,591,3,3,414.39
1825,592,123,3,515.57
1826,592,128,3,1074.43
1827,593,179,1,1944.9
1828,593,32,3,211.68
1829,593,104,1,1440.57
1830,593,4,3,435.82
1831,593,158,2,289.85
1832,594,192,3,425.56
1833,594,89,3,507.73
1834,594,63,3,1179.8
1835,594,190,1,87.18
1836,594,170,3,1621.97
1837,595,44,1,652.14
1838,595,173,1,1019.97
1839,595,196,1,124.53
1840,595,135,2,692.88
1841,596,132,1,1907.04
1842,596,91,2,623.91
1843,597,98,2,1999.95
1844,597,44,3,652.14
1845,597,96,1,728.38
1846,597,29,3,1114.96
1847,598,75,2,117.06
1848,599,76,3,926.18
1849,599,68,3,210.1
1850,599,55,3,1067.5
1851,599,1,2,1327.22
1852,600,79,3,1110.86
1853,600,165,1,1037.9
1854,601,159,1,256.83
1855,601,125,3,1553.46
1856,601,15,2,1288.46
1857,601,92,2,1192.11
1858,602,91,2,623.91
1859,602,28,3,190.99
1860,602,2,1,1574.66
1861,603,91,2,623.91
1862,603,3,1,414.39
1863,603,26,1,513.51
1864,603,111,3,1284.15
1865,604,40,1,1316.4
1866,604,106,3,1070.35
1867,604,32,2,211.68
1868,604,125,1,1553.46
1869,604,2,2,1574.66
1870,605,96,1,728.38
1871,605,77,3,1664.23
1872,605,94,2,1341.88
1873,605,110,1,1603.51
1874,606,169,2,349.45
1875,606,113,3,172.33
1876,606,42,2,1063.31
1877,606,36,1,1949.22
1878,607,182,1,868.07
1879,607,51,2,1968.97
1880,607,29,1,1114.96
1881,608,102,3,1543.34
1882,608,108,2,1540.03
1883,609,42,3,1063.31
1884,610,123,2,515.57
1885,610,171,1,698.11
1886,611,126,3,100.26
1887,611,141,1,407.17
1888,611,127,2,226.16
1889,611,175,2,1110.27
1890,612,186,1,504.96
1891,612,190,1,87.18
1892,612,100,1,676.84
1893,612,34,1,1691.52
1894,612,29,2,1114.96
1895,613,4,3,435.82
1896,613,197,2,931.56
1897,613,176,2,263.89
1898,613,61,3,922.89
1899,613,14,3,1567.54
1900,614,112,2,1868.92
1901,615,73,2,635.7
1902,615,125,1,1553.46
1903,615,22,3,233.26
1904,616,187,1,1251.92
1905,616,131,1,1330.42
1906,617,197,3,931.56
1907,617,30,1,248.85
1908,617,68,3,210.1
1909,618,51,3,1968.97
1910,618,122,3,1232.62
1911,618,181,3,1756.53
1912,618,27,3,1846.36
1913,619,49,3,226.23
1914,619,152,3,894.6
1915,620,59,1,1282.08
1916,620,31,2,107.63
1917,621,71,1,1510.12
1918,622,110,3,1603.51
1919,622,5,1,1549.87
1920,623,14,2,1567.54
1921,624,135,1,692.88
1922,624,79,1,1110.86
1923,624,180,2,934.34
1924,624,163,2,737.07
1925,625,16,1,1695.36
1926,625,131,2,1330.42
1927,625,110,1,1603.51
1928,625,165,2,1037.9
1929,626,72,2,1848.69
1930,626,90,1,167.6
1931,626,183,2,1038.61
1932,627,47,1,1216.12
1933,628,14,3,1567.54
1934,629,55,2,1067.5
1935,629,74,3,887.21
1936,629,121,1,1663.07
1937,630,48,2,1511.11
1938,630,65,2,669.47
1939,630,126,1,100.26
1940,630,94,1,1341.88
1941,631,175,3,1110.27
1942,632,85,3,1047.88
1943,632,93,2,1120.05
1944,633,136,2,1471.7
1945,633,155,1,1996.31
1946,633,96,3,728.38
1947,633,61,2,922.89
1948,633,167,1,1992.75
1949,634,34,3,1691.52
1950,635,31,1,107.63
1951,635,11,3,844.82
1952,635,151,2,209.68
1953,635,168,1,249.66
1954,635,49,1,226.23
1955,636,159,1,256.83
1956,636,88,3,662.73
1957,636,78,3,1190.19
1958,636,186,1,504.96
1959,636,122,1,1232.62
1960,637,50,3,1335.93
1961,637,108,3,1540.03
1962,638,195,2,815.15
1963,638,144,2,717.16
1964,638,89,3,507.73
1965,639,112,1,1868.92
1966,640,108,1,1540.03
1967,640,135,3,692.88
1968,640,129,2,291.44
1969,640,6,3,1717.52
1970,641,75,3,117.06
1971,641,12,1,899.31
1972,642,190,2,87.18
1973,642,102,3,1543.34
1974,643,132,3,1907.04
1975,643,20,2,1989.28
1976,643,43,3,685.09
1977,643,113,2,172.33
1978,643,193,2,1279.79
1979,644,70,3,1902.83
1980,644,53,1,582.45
1981,644,48,3,1511.11
1982,644,1,3,1327.22
1983,644,41,1,1268.18
1984,645,117,2,1006.5
1985,645,129,2,291.44
1986,645,182,1,868.07
1987,645,185,2,1895.23
1988,645,135,3,692.88
1989,646,142,1,634.61
1990,646,31,1,107.63
1991,646,44,3,652.14
1992,647,75,3,117.06
1993,647,11,1,844.82
1994,648,35,3,1150.33
1995,648,70,1,1902.83
1996,648,14,1,1567.54
1997,649,30,3,248.85
1998,649,1,2,1327.22
1999,649,167,2,1992.75
2000,649,89,1,507.73
2001,649,162,3,890.66
2002,650,68,2,210.1
2003,650,185,2,1895.23
2004,650,35,1,1150.33
2005,650,105,3,573.43
2006,650,157,1,1603.19
2007,651,57,1,42.39
2008,651,188,2,1283.77
2009,651,72,1,1848.69
2010,652,169,3,349.45
2011,652,200,3,487.27
2012,652,150,2,1990.22
2013,652,28,3,190.99
2014,652,185,2,1895.23
2015,653,142,2,634.61
2016,653,53,1,582.45
2017,653,114,3,1811.09
2018,653,57,3,42.39
2019,653,84,2,499.25
2020,654,115,3,1893.09
2021,654,60,3,46.61
2022,655,95,2,1342.56
2023,655,38,1,364.93
2024,655,123,2,515.57
2025,655,24,1,1655.7
2026,656,49,2,226.23
2027,656,146,3,1779.53
2028,657,166,1,1551.05
2029,657,73,2,635.7
2030,658,46,3,167.76
2031,658,101,3,756.56
2032,659,18,1,647.61
2033,659,37,2,1858.52
2034,660,117,2,1006.5
2035,660,166,1,1551.05
2036,661,36,1,1949.22
2037,661,187,2,1251.92
2038,661,193,2,1279.79
2039,661,4,1,435.82
2040,661,155,1,1996.31
2041,662,196,3,124.53
2042,663,34,1,1691.52
2043,664,69,1,1206.79
2044,665,4,2,435.82
2045,665,3,3,414.39
2046,665,28,1,190.99
2047,665,139,1,368.64
2048,665,189,1,1319.17
2049,666,195,2,815.15
2050,666,145,2,667.19
2051,666,114,2,1811.09
2052,666,42,1,1063.31
2053,667,15,3,1288.46
2054,667,140,2,1553.5
2055,668,32,2,211.68
2056,668,6,1,1717.52
2057,668,12,3,899.31
2058,668,27,2,1846.36
2059,668,140,1,1553.5
2060,669,58,1,1153.64
2061,670,110,1,1603.51
2062,670,99,2,1689.63
2063,671,58,3,1153.64
2064,671,176,3,263.89
2065,671,99,1,1689.63
2066,672,44,2,652.14
2067,672,29,2,1114.96
2068,672,58,1,1153.64
2069,672,27,3,1846.36
2070,673,31,1,107.63
2071,673,93,3,1120.05
2072,673,22,1,233.26
2073,674,110,2,1603.51
2074,674,136,3,1471.7
2075,675,174,1,477.29
2076,675,109,3,1057.28
2077,676,160,1,768.79
2078,676,74,2,887.21
2079,676,90,2,167.6
2080,677,68,1,210.1
2081,677,183,1,1038.61
2082,677,20,3,1989.28
2083,678,82,2,903.79
2084,678,38,2,364.93
2085,679,18,3,647.61
2086,679,29,2,1114.96
2087,679,148,1,997.56
2088,679,110,1,1603.51
2089,680,33,2,1315.19
2090,680,47,2,1216.12
2091,680,197,2,931.56
2092,681,109,3,1057.28
2093,681,124,3,1880.75
2094,681,178,2,824.54
2095,681,106,1,1070.35
2096,682,99,3,1689.63
2097,682,108,2,1540.03
2098,683,137,1,707.84
2099,683,127,3,226.16
2100,683,138,3,931.92
2101,683,59,2,1282.08
2102,683,99,3,1689.63
2103,684,199,1,265.88
2104,684,178,1,824.54
2105,684,192,2,425.56
2106,684,57,1,42.39
2107,684,180,1,934.34
2108,685,93,3,1120.05
2109,686,35,2,1150.33
2110,686,29,1,1114.96
2111,686,16,2,1695.36
2112,686,90,2,167.6
2113,687,142,1,634.61
2114,687,108,1,1540.03
2115,688,15,1,1288.46
2116,688,192,1,425.56
2117,689,97,1,1895.6
2118,689,188,3,1283.77
2119,690,96,3,728.38
2120,690,14,3,1567.54
2121,690,180,1,934.34
2122,690,28,2,190.99
2123,691,41,1,1268.18
2124,691,8,1,1733.56
2125,691,38,1,364.93
2126,691,94,1,1341.88
2127,691,37,3,1858.52
2128,692,39,3,705.29
2129,692,196,1,124.53
2130,692,47,3,1216.12
2131,692,121,3,1663.07
2132,693,121,2,1663.07
2133,693,106,2,1070.35
2134,693,185,3,1895.23
2135,694,74,1,887.21
2136,695,16,1,1695.36
2137,695,165,3,1037.9
2138,696,129,1,291.44
2139,696,42,2,1063.31
2140,697,175,2,1110.27
2141,697,117,3,1006.5
2142,697,142,3,634.61
2143,697,183,2,1038.61
2144,698,109,2,1057.28
2145,698,41,1,1268.18
2146,699,97,3,1895.6
2147,699,33,1,1315.19
2148,699,191,1,95.7
2149,699,55,2,1067.5
2150,699,103,1,878.16
2151,700,155,2,1996.31
2152,700,20,3,1989.28
2153,700,178,3,824.54
2154,700,120,2,279.51
2155,700,123,2,515.57
2156,701,14,3,1567.54
2157,701,96,2,728.38
2158,702,70,1,1902.83
2159,702,28,1,190.99
2160,703,155,1,1996.31
2161,703,200,1,487.27
2162,703,86,2,1836.28
2163,704,139,1,368.64
2164,704,28,1,190.99
2165,705,3,1,414.39
2166,705,194,3,1913.52
2167,705,80,1,1818.55
2168,705,49,1,226.23
2169,705,142,2,634.61
2170,706,146,3,1779.53
2171,707,145,2,667.19
2172,708,13,2,1010.16
2173,709,80,1,1818.55
2174,710,193,3,1279.79
2175,710,73,1,635.7
2176,710,102,2,1543.34
2177,711,186,3,504.96
2178,711,92,1,1192.11
2179,711,34,2,1691.52
2180,711,180,2,934.34
2181,712,26,3,513.51
2182,712,129,2,291.44
2183,712,199,2,265.88
2184,712,39,3,705.29
2185,712,7,1,505.06
2186,713,42,2,1063.31
2187,713,39,1,705.29
2188,713,175,3,1110.27
2189,714,184,1,648.71
2190,715,175,1,1110.27
2191,715,168,3,249.66
2192,716,129,3,291.44
2193,716,133,3,1747.3
2194,717,197,2,931.56
2195,717,88,2,662.73
2196,717,115,3,1893.09
2197,717,34,2,1691.52
2198,717,87,1,1359.4
2199,718,62,1,876.24
2200,718,54,1,1495.29
2201,718,157,3,1603.19
2202,718,156,3,1344.01
2203,719,25,2,194.7
2204,719,4,3,435.82
2205,719,37,1,1858.52
2206,719,197,2,931.56
2207,720,117,2,1006.5
2208,721,76,1,926.18
2209,721,42,2,1063.31
2210,722,94,3,1341.88
2211,722,91,2,623.91
2212,722,23,2,905.85
2213,722,19,2,553.66
2214,722,46,2,167.76
2215,723,167,2,1992.75
2216,723,36,1,1949.22
2217,723,32,2,211.68
2218,723,146,2,1779.53
2219,724,105,2,573.43
2220,724,159,2,256.83
2221,724,175,3,1110.27
2222,724,34,3,1691.52
2223,725,96,2,728.38
2224,725,22,3,233.26
2225,725,175,2,1110.27
2226,726,175,3,1110.27
2227,726,11,1,844.82
2228,726,159,3,256.83
2229,727,180,1,934.34
2230,727,144,1,717.16
2231,728,75,2,117.06
2232,729,146,1,1779.53
2233,729,103,1,878.16
2234,730,119,2,1679.16
2235,730,172,2,1703.47
2236,730,24,3,1655.7
2237,730,90,3,167.6
2238,731,28,1,190.99
2239,731,22,2,233.26
2240,731,47,2,1216.12
2241,731,188,1,1283.77
2242,732,85,3,1047.88
2243,732,17,2,1426.24
2244,732,82,1,903.79
2245,732,88,3,662.73
2246,733,30,3,248.85
2247,733,72,1,1848.69
2248,733,117,2,1006.5
2249,733,10,1,352.62
2250,734,82,1,903.79
2251,734,146,3,1779.53
2252,735,16,1,1695.36
2253,735,93,1,1120.05
2254,735,111,1,1284.15
2255,735,122,1,1232.62
2256,736,70,1,1902.83
2257,736,65,1,669.47
2258,736,163,1,737.07
2259,736,46,2,167.76
2260,737,21,2,1013.57
2261,737,77,3,1664.23
2262,737,183,1,1038.61
2263,737,116,3,1861.29
2264,738,48,2,1511.11
2265,738,14,2,1567.54
2266,738,24,2,1655.7
2267,739,51,2,1968.97
2268,739,90,2,167.6
2269,740,138,2,931.92
2270,740,177,2,622.03
2271,740,42,3,1063.31
2272,740,179,3,1944.9
2273,741,3,1,414.39
2274,741,144,3,717.16
2275,741,153,3,1381.08
2276,741,51,3,1968.97
2277,742,38,3,364.93
2278,742,83,3,173.24
2279,742,171,2,698.11
2280,742,188,1,1283.77
2281,742,191,1,95.7
2282,743,38,3,364.93
2283,743,128,2,1074.43
2284,743,82,2,903.79
2285,743,30,3,248.85
2286,744,116,1,1861.29
2287,745,164,1,1921.24
2288,745,149,3,1455.53
2289,745,25,1,194.7
2290,745,10,2,352.62
2291,746,199,2,265.88
2292,746,43,1,685.09
2293,746,154,1,1454.99
2294,746,97,3,1895.6
2295,746,56,3,797.16
2296,747,95,2,1342.56
2297,748,78,2,1190.19
2298,749,32,2,211.68
2299,749,180,2,934.34
2300,749,128,2,1074.43
2301,749,167,2,1992.75
2302,749,117,3,1006.5
2303,750,134,1,511.03
2304,750,196,2,124.53
2305,750,86,2,1836.28
2306,750,30,2,248.85
2307,751,142,1,634.61
2308,751,153,3,1381.08
2309,752,98,3,1999.95
2310,752,73,2,635.7
2311,752,169,3,349.45
2312,752,177,2,622.03
2313,753,26,3,513.51
2314,753,23,2,905.85
2315,753,27,1,1846.36
2316,753,167,2,1992.75
2317,753,5,3,1549.87
2318,754,140,3,1553.5
2319,754,26,1,513.51
2320,754,163,3,737.07
2321,754,114,2,1811.09
2322,754,129,2,291.44
2323,755,58,2,1153.64
2324,755,199,3,265.88
2325,756,30,2,248.85
2326,756,51,2,1968.97
2327,756,121,2,1663.07
2328,756,32,3,211.68
2329,757,2,2,1574.66
2330,757,96,2,728.38
2331,757,58,3,1153.64
2332,757,130,2,708.87
2333,758,107,1,738.84
2334,758,173,2,1019.97
2335,758,62,1,876.24
2336,759,7,1,505.06
2337,760,133,2,1747.3
2338,760,190,2,87.18
2339,760,154,1,1454.99
2340,761,111,3,1284.15
2341,761,62,3,876.24
2342,761,143,2,949.43
2343,761,101,1,756.56
2344,761,50,3,1335.93
2345,762,33,1,1315.19
2346,762,163,2,737.07
2347,762,100,2,676.84
2348,762,187,3,1251.92
2349,763,112,1,1868.92
2350,763,60,3,46.61
2351,764,130,3,708.87
2352,764,31,3,107.63
2353,765,196,1,124.53
2354,765,161,2,311.11
2355,765,67,1,705.44
2356,765,142,1,634.61
2357,766,7,2,505.06
2358,767,161,3,311.11
2359,768,8,3,1733.56
2360,768,159,3,256.83
2361,769,147,2,681.38
2362,770,191,3,95.7
2363,771,117,3,1006.5
2364,771,163,2,737.07
2365,772,62,1,876.24
2366,772,168,2,249.66
2367,773,138,3,931.92
2368,773,63,2,1179.8
2369,774,169,1,349.45
2370,774,14,1,1567.54
2371,774,71,3,1510.12
2372,775,164,3,1921.24
2373,776,29,2,1114.96
2374,777,32,1,211.68
2375,777,28,1,190.99
2376,777,37,1,1858.52
2377,777,73,2,635.7
2378,777,68,2,210.1
2379,778,101,2,756.56
2380,778,26,1,513.51
2381,779,19,1,553.66
2382,779,125,3,1553.46
2383,779,161,2,311.11
2384,779,20,2,1989.28
2385,780,163,1,737.07
2386,780,116,2,1861.29
2387,780,42,1,1063.31
2388,781,169,3,349.45
2389,781,146,3,1779.53
2390,782,31,2,107.63
2391,783,124,3,1880.75
2392,783,158,1,289.85
2393,783,154,1,1454.99
2394,784,190,1,87.18
2395,784,66,3,1268.28
2396,784,32,1,211.68
2397,784,50,3,1335.93
2398,784,156,3,1344.01
2399,785,56,1,797.16
2400,785,94,1,1341.88
2401,786,84,1,499.25
2402,787,22,3,233.26
2403,787,187,1,1251.92
2404,788,71,1,1510.12
2405,788,124,2,1880.75
2406,788,52,3,606.33
2407,789,167,2,1992.75
2408,789,76,3,926.18
2409,789,120,2,279.51
2410,789,191,1,95.7
2411,789,127,2,226.16
2412,790,51,3,1968.97
2413,790,176,2,263.89
2414,791,27,2,1846.36
2415,791,150,1,1990.22
2416,791,197,1,931.56
2417,791,151,3,209.68
2418,792,111,3,1284.15
2419,792,115,2,1893.09
2420,792,109,2,1057.28
2421,792,153,3,1381.08
2422,793,156,2,1344.01
2423,794,52,3,606.33
2424,794,146,1,1779.53
2425,794,91,2,623.91
2426,794,96,1,728.38
2427,795,131,2,1330.42
2428,796,105,2,573.43
2429,796,76,2,926.18
2430,796,155,1,1996.31
2431,796,166,1,1551.05
2432,796,136,1,1471.7
2433,797,110,1,1603.51
2434,797,48,1,1511.11
2435,797,92,1,1192.11
2436,798,96,2,728.38
2437,798,38,1,364.93
2438,798,200,1,487.27
2439,799,177,2,622.03
2440,799,3,1,414.39
2441,799,184,2,648.71
2442,800,83,2,173.24
2443,800,60,3,46.61
2444,800,144,1,717.16
2445,800,17,3,1426.24
2446,800,99,1,1689.63
2447,801,144,2,717.16
2448,802,172,3,1703.47
2449,802,20,2,1989.28
2450,802,147,2,681.38
2451,802,166,2,1551.05
2452,802,108,1,1540.03
2453,803,13,2,1010.16
2454,803,127,1,226.16
2455,804,108,2,1540.03
2456,804,31,1,107.63
2457,804,32,3,211.68
2458,805,152,3,894.6
2459,805,99,1,1689.63
2460,805,61,2,922.89
2461,806,165,3,1037.9
2462,807,119,2,1679.16
2463,808,104,3,1440.57
2464,808,10,3,352.62
2465,809,87,3,1359.4
2466,810,18,2,647.61
2467,811,107,3,738.84
2468,812,71,2,1510.12
2469,812,82,2,903.79
2470,812,193,1,1279.79
2471,813,199,2,265.88
2472,813,81,2,1211.99
2473,813,127,3,226.16
2474,813,157,2,1603.19
2475,813,13,2,1010.16
2476,814,96,3,728.38
2477,815,8,1,1733.56
2478,816,3,1,414.39
2479,817,83,3,173.24
2480,818,58,3,1153.64
2481,818,44,2,652.14
2482,818,23,3,905.85
2483,818,49,1,226.23
2484,819,67,1,705.44
2485,820,13,2,1010.16
2486,821,68,2,210.1
2487,822,98,3,1999.95
2488,822,70,2,1902.83
2489,822,179,1,1944.9
2490,822,44,1,652.14
2491,822,36,2,1949.22
2492,823,193,2,1279.79
2493,823,150,3,1990.22
2494,824,172,1,1703.47
2495,824,32,3,211.68
2496,824,134,2,511.03
2497,824,136,3,1471.7
2498,825,72,2,1848.69
2499,825,83,1,173.24
2500,825,198,1,1723.66
2501,825,188,2,1283.77
2502,826,183,3,1038.61
2503,826,22,1,233.26
2504,826,91,3,623.91
2505,827,178,1,824.54
2506,827,20,2,1989.28
2507,828,55,1,1067.5
2508,829,120,1,279.51
2509,829,99,2,1689.63
2510,830,88,1,662.73
2511,831,195,3,815.15
2512,831,136,2,1471.7
2513,831,132,3,1907.04
2514,831,81,1,1211.99
2515,831,80,3,1818.55
2516,832,34,1,1691.52
2517,833,99,3,1689.63
2518,833,116,1,1861.29
2519,833,159,2,256.83
2520,834,18,2,647.61
2521,834,72,1,1848.69
2522,835,148,1,997.56
2523,835,166,2,1551.05
2524,835,27,1,1846.36
2525,836,62,1,876.24
2526,837,48,3,1511.11
2527,837,69,3,1206.79
2528,837,8,2,1733.56
2529,837,122,2,1232.62
2530,838,31,2,107.63
2531,838,141,2,407.17
2532,838,22,1,233.26
2533,839,102,2,1543.34
2534,839,129,3,291.44
2535,840,14,2,1567.54
2536,840,113,1,172.33
2537,840,70,1,1902.83
2538,841,188,1,1283.77
2539,841,109,2,1057.28
2540,841,50,1,1335.93
2541,841,76,3,926.18
2542,842,136,3,1471.7
2543,842,156,2,1344.01
2544,842,127,1,226.16
2545,843,166,1,1551.05
2546,844,57,1,42.39
2547,845,10,3,352.62
2548,846,62,1,876.24
2549,846,17,2,1426.24
2550,846,137,1,707.84
2551,847,180,1,934.34
2552,847,184,3,648.71
2553,847,104,3,1440.57
2554,847,101,2,756.56
2555,847,26,2,513.51
2556,848,44,2,652.14
2557,848,53,3,582.45
2558,849,181,3,1756.53
2559,849,153,1,1381.08
2560,849,74,1,887.21
2561,850,129,3,291.44
2562,850,180,2,934.34
2563,851,177,2,622.03
2564,851,62,3,876.24
2565,851,44,1,652.14
2566,852,48,2,1511.11
2567,852,86,1,1836.28
2568,853,171,2,698.11
2569,854,86,1,1836.28
2570,854,6,1,1717.52
2571,854,46,3,167.76
2572,854,68,1,210.1
2573,855,91,1,623.91
2574,855,122,2,1232.62
2575,855,150,1,1990.22
2576,855,1,1,1327.22
2577,855,126,1,100.26
2578,856,175,1,1110.27
2579,856,75,1,117.06
2580,856,59,1,1282.08
2581,856,135,1,692.88
2582,856,129,2,291.44
2583,857,116,2,1861.29
2584,857,126,3,100.26
2585,857,189,2,1319.17
2586,858,65,2,669.47
2587,858,94,2,1341.88
2588,858,118,3,752.95
2589,858,4,2,435.82
2590,859,199,2,265.88
2591,859,170,3,1621.97
2592,859,153,3,1381.08
2593,859,124,3,1880.75
2594,859,29,3,1114.96
2595,860,38,2,364.93
2596,861,169,2,349.45
2597,861,37,2,1858.52
2598,862,63,3,1179.8
2599,863,93,1,1120.05
2600,863,53,2,582.45
2601,863,191,3,95.7
2602,863,23,1,905.85
2603,864,161,2,311.11
2604,864,174,3,477.29
2605,864,140,1,1553.5
2606,865,174,2,477.29
2607,865,90,3,167.6
2608,865,85,2,1047.88
2609,866,80,3,1818.55
2610,866,49,3,226.23
2611,866,11,3,844.82
2612,867,157,2,1603.19
2613,867,32,3,211.68
2614,867,111,2,1284.15
2615,868,29,3,1114.96
2616,868,3,1,414.39
2617,868,128,2,1074.43
2618,869,134,3,511.03
2619,869,75,3,117.06
2620,870,78,2,1190.19
2621,870,125,1,1553.46
2622,871,4,1,435.82
2623,871,117,2,1006.5
2624,871,11,3,844.82
2625,872,14,2,1567.54
2626,873,2,3,1574.66
2627,873,111,1,1284.15
2628,873,91,1,623.91
2629,874,36,3,1949.22
2630,874,90,3,167.6
2631,874,73,3,635.7
2632,875,23,2,905.85
2633,875,183,1,1038.61
2634,876,111,1,1284.15
2635,876,150,2,1990.22
2636,877,9,2,1581.02
2637,877,122,1,1232.62
2638,878,109,2,1057.28
2639,878,103,3,878.16
2640,878,26,2,513.51
2641,878,67,1,705.44
2642,879,112,3,1868.92
2643,879,174,1,477.29
2644,879,83,2,173.24
2645,879,149,1,1455.53
2646,879,36,2,1949.22
2647,880,52,3,606.33
2648,880,78,3,1190.19
2649,880,79,2,1110.86
2650,880,22,3,233.26
2651,880,77,1,1664.23
2652,881,112,2,1868.92
2653,881,25,3,194.7
2654,881,36,2,1949.22
2655,881,135,3,692.88
2656,882,120,2,279.51
2657,882,91,2,623.91
2658,882,110,2,1603.51
2659,883,8,2,1733.56
2660,883,144,1,717.16
2661,883,7,1,505.06
2662,883,197,3,931.56
2663,884,63,2,1179.8
2664,884,149,1,1455.53
2665,884,132,3,1907.04
2666,885,145,1,667.19
2667,885,76,2,926.18
2668,885,14,3,1567.54
2669,885,194,1,1913.52
2670,885,101,2,756.56
2671,886,118,3,752.95
2672,886,14,1,1567.54
2673,886,22,2,233.26
2674,886,15,3,1288.46
2675,886,70,1,1902.83
2676,887,145,2,667.19
2677,887,124,1,1880.75
2678,887,177,1,622.03
2679,888,173,3,1019.97
2680,888,131,1,1330.42
2681,888,190,3,87.18
2682,888,184,1,648.71
2683,888,14,3,1567.54
2684,889,35,1,1150.33
2685,889,58,2,1153.64
2686,889,173,3,1019.97
2687,889,164,2,1921.24
2688,890,125,3,1553.46
2689,891,30,1,248.85
2690,891,18,1,647.61
2691,892,31,1,107.63
2692,892,134,2,511.03
2693,892,25,1,194.7
2694,892,64,3,1741.7
2695,892,53,2,582.45
2696,893,15,2,1288.46
2697,893,32,1,211.68
2698,893,77,1,1664.23
2699,893,104,3,1440.57
2700,894,157,3,1603.19
2701,894,175,3,1110.27
2702,894,113,1,172.33
2703,895,38,1,364.93
2704,895,163,3,737.07
2705,895,6,3,1717.52
2706,895,48,1,1511.11
2707,896,131,3,1330.42
2708,896,190,3,87.18
2709,897,122,2,1232.62
2710,897,123,2,515.57
2711,898,151,2,209.68
2712,899,171,2,698.11
2713,899,71,3,1510.12
2714,899,101,1,756.56
2715,900,107,2,738.84
2716,900,109,2,1057.28
2717,900,38,1,364.93
2718,900,8,3,1733.56
2719,901,3,3,414.39
2720,901,149,3,1455.53
2721,901,78,3,1190.19
2722,901,9,3,1581.02
2723,902,11,3,844.82
2724,902,91,2,623.91
2725,902,36,2,1949.22
2726,902,120,1,279.51
2727,903,92,3,1192.11
2728,903,129,1,291.44
2729,904,181,3,1756.53
2730,904,135,1,692.88
2731,904,100,1,676.84
2732,905,91,3,623.91
2733,905,168,3,249.66
2734,906,118,2,752.95
2735,906,184,3,648.71
2736,906,36,2,1949.22
2737,907,18,2,647.61
2738,907,166,3,1551.05
2739,907,124,3,1880.75
2740,907,97,1,1895.6
2741,908,182,2,868.07
2742,908,130,1,708.87
2743,908,199,3,265.88
2744,908,169,2,349.45
2745,908,135,3,692.88
2746,909,90,1,167.6
2747,909,150,1,1990.22
2748,909,159,3,256.83
2749,909,104,1,1440.57
2750,909,18,1,647.61
2751,910,171,1,698.11
2752,911,174,1,477.29
2753,911,122,3,1232.62
2754,911,83,1,173.24
2755,911,195,1,815.15
2756,912,187,2,1251.92
2757,912,99,1,1689.63
2758,913,157,2,1603.19
2759,914,10,3,352.62
2760,915,114,2,1811.09
2761,916,162,3,890.66
2762,916,8,2,1733.56
2763,916,45,2,315.38
2764,916,83,1,173.24
2765,916,28,3,190.99
2766,917,143,2,949.43
2767,917,52,3,606.33
2768,917,51,2,1968.97
2769,917,65,1,669.47
2770,917,126,1,100.26
2771,918,112,1,1868.92
2772,918,136,1,1471.7
2773,919,7,1,505.06
2774,919,162,1,890.66
2775,919,172,1,1703.47
2776,919,25,2,194.7
2777,919,53,2,582.45
2778,920,140,3,1553.5
2779,920,19,3,553.66
2780,920,88,3,662.73
2781,920,48,3,1511.11
2782,920,175,2,1110.27
2783,921,54,2,1495.29
2784,921,147,3,681.38
2785,922,92,1,1192.11
2786,922,159,1,256.83
2787,922,144,2,717.16
2788,923,161,1,311.11
2789,923,97,1,1895.6
2790,923,19,3,553.66
2791,923,146,2,1779.53
2792,924,31,2,107.63
2793,925,14,3,1567.54
2794,925,154,2,1454.99
2795,926,58,2,1153.64
2796,927,100,1,676.84
2797,927,181,1,1756.53
2798,927,92,2,1192.11
2799,928,137,3,707.84
2800,929,133,3,1747.3
2801,929,157,2,1603.19
2802,930,159,1,256.83
2803,930,15,3,1288.46
2804,930,140,2,1553.5
2805,930,179,2,1944.9
2806,931,9,2,1581.02
2807,932,67,1,705.44
2808,932,52,1,606.33
2809,932,86,1,1836.28
2810,932,196,3,124.53
2811,933,194,1,1913.52
2812,933,170,2,1621.97
2813,933,16,1,1695.36
2814,934,157,1,1603.19
2815,934,180,2,934.34
2816,934,196,3,124.53
2817,934,10,3,352.62
2818,934,89,3,507.73
2819,935,142,2,634.61
2820,936,70,1,1902.83
2821,936,186,1,504.96
2822,937,128,3,1074.43
2823,938,167,2,1992.75
2824,938,90,2,167.6
2825,939,59,1,1282.08
2826,939,6,1,1717.52
2827,939,15,3,1288.46
2828,940,98,3,1999.95
2829,940,175,2,1110.27
2830,940,176,1,263.89
2831,940,189,2,1319.17
2832,940,5,2,1549.87
2833,941,111,2,1284.15
2834,941,180,3,934.34
2835,942,30,1,248.85
2836,942,113,3,172.33
2837,943,91,2,623.91
2838,943,50,1,1335.93
2839,943,88,1,662.73
2840,944,24,1,1655.7
2841,944,151,1,209.68
2842,945,192,1,425.56
2843,945,193,1,1279.79
2844,945,138,3,931.92
2845,945,146,1,1779.53
2846,946,20,1,1989.28
2847,947,113,2,172.33
2848,947,47,1,1216.12
2849,948,90,1,167.6
2850,948,155,2,1996.31
2851,948,168,1,249.66
2852,949,102,1,1543.34
2853,949,123,2,515.57
2854,949,169,3,349.45
2855,949,32,1,211.68
2856,949,20,2,1989.28
2857,950,57,2,42.39
2858,950,114,2,1811.09
2859,950,183,3,1038.61
2860,951,168,2,249.66
2861,951,63,2,1179.8
2862,951,135,3,692.88
2863,952,129,3,291.44
2864,952,27,3,1846.36
2865,952,14,2,1567.54
2866,952,89,2,507.73
2867,952,106,1,1070.35
2868,953,36,1,1949.22
2869,953,134,2,511.03
2870,954,54,1,1495.29
2871,954,32,1,211.68
2872,954,96,3,728.38
2873,954,186,2,504.96
2874,954,37,3,1858.52
2875,955,30,2,248.85
2876,955,6,2,1717.52
2877,955,128,3,1074.43
2878,955,9,2,1581.02
2879,956,22,3,233.26
2880,956,16,2,1695.36
2881,956,72,2,1848.69
2882,957,98,2,1999.95
2883,958,12,1,899.31
2884,958,58,3,1153.64
2885,958,53,2,582.45
2886,958,98,3,1999.95
2887,959,170,2,1621.97
2888,960,139,2,368.64
2889,961,156,2,1344.01
2890,962,193,1,1279.79
2891,962,152,2,894.6
2892,962,56,3,797.16
2893,963,112,1,1868.92
2894,963,110,1,1603.51
2895,963,187,3,1251.92
2896,963,189,2,1319.17
2897,963,193,3,1279.79
2898,964,137,3,707.84
2899,964,119,3,1679.16
2900,964,109,3,1057.28
2901,965,67,1,705.44
2902,965,42,1,1063.31
2903,965,98,1,1999.95
2904,965,120,2,279.51
2905,965,191,3,95.7
2906,966,22,3,233.26
2907,966,64,2,1741.7
2908,966,198,2,1723.66
2909,967,102,2,1543.34
2910,967,10,3,352.62
2911,967,158,2,289.85
2912,967,71,3,1510.12
2913,967,93,3,1120.05
2914,968,32,2,211.68
2915,969,170,2,1621.97
2916,969,83,1,173.24
2917,969,68,2,210.1
2918,969,46,1,167.76
2919,969,114,2,1811.09
2920,970,92,2,1192.11
2921,971,56,2,797.16
2922,971,105,3,573.43
2923,971,15,3,1288.46
2924,971,149,2,1455.53
2925,971,21,1,1013.57
2926,972,47,2,1216.12
2927,972,67,2,705.44
2928,972,197,1,931.56
2929,972,71,1,1510.12
2930,973,38,3,364.93
2931,973,159,1,256.83
2932,974,30,1,248.85
2933,974,168,1,249.66
2934,975,113,3,172.33
2935,975,149,1,1455.53
2936,975,82,1,903.79
2937,975,11,3,844.82
2938,975,142,2,634.61
2939,976,5,3,1549.87
2940,976,174,3,477.29
2941,976,91,1,623.91
2942,977,61,2,922.89
2943,977,90,1,167.6
2944,977,28,3,190.99
2945,977,20,1,1989.28
2946,977,130,1,708.87
2947,978,84,2,499.25
2948,978,147,3,681.38
2949,979,19,1,553.66
2950,979,165,1,1037.9
2951,979,110,2,1603.51
2952,979,73,3,635.7
2953,980,86,2,1836.28
2954,980,105,2,573.43
2955,980,167,2,1992.75
2956,981,8,1,1733.56
2957,981,42,3,1063.31
2958,981,95,1,1342.56
2959,981,12,1,899.31
2960,981,75,3,117.06
2961,982,81,3,1211.99
2962,982,131,3,1330.42
2963,983,149,3,1455.53
2964,983,183,1,1038.61
2965,983,89,3,507.73
2966,983,56,3,797.16
2967,983,97,1,1895.6
2968,984,196,1,124.53
2969,984,167,3,1992.75
2970,984,21,3,1013.57
2971,984,20,3,1989.28
2972,985,188,1,1283.77
2973,985,108,3,1540.03
2974,985,138,2,931.92
2975,985,32,3,211.68
2976,985,136,3,1471.7
2977,986,113,2,172.33
2978,986,82,1,903.79
2979,986,69,2,1206.79
2980,986,50,1,1335.93
2981,986,148,2,997.56
2982,987,117,3,1006.5
2983,987,81,1,1211.99
2984,988,114,2,1811.09
2985,988,188,2,1283.77
2986,989,91,3,623.91
2987,990,20,1,1989.28
2988,990,93,2,1120.05
2989,990,168,2,249.66
2990,990,124,1,1880.75
2991,990,155,3,1996.31
2992,991,138,2,931.92
2993,991,63,3,1179.8
2994,992,171,2,698.11
2995,992,36,2,1949.22
2996,992,156,1,1344.01
2997,992,67,1,705.44
2998,992,74,2,887.21
2999,993,130,3,708.87
3000,993,38,1,364.93
3001,993,148,1,997.56
3002,993,127,2,226.16
3003,994,43,1,685.09
3004,995,68,2,210.1
3005,995,196,3,124.53
3006,995,142,1,634.61
3007,995,183,1,1038.61
3008,996,111,1,1284.15
3009,997,19,3,553.66
3010,997,34,3,1691.52
3011,998,109,3,1057.28
3012,998,91,3,623.91
3013,998,33,1,1315.19
3014,998,103,3,878.16
3015,999,31,3,107.63
3016,999,87,3,1359.4
3017,999,152,1,894.6
3018,1000,19,3,553.66
3019,1001,115,2,1893.09
3020,1001,105,3,573.43
3021,1001,162,2,890.66
3022,1002,194,1,1913.52
3023,1002,123,3,515.57
3024,1002,180,1,934.34
3025,1003,131,3,1330.42
3026,1003,22,2,233.26
3027,1003,39,3,705.29
3028,1003,2,3,1574.66
3029,1003,152,2,894.6
3030,1004,83,3,173.24
3031,1004,113,3,172.33
3032,1004,46,2,167.76
3033,1004,131,1,1330.42
3034,1005,77,2,1664.23
3035,1005,127,1,226.16
3036,1006,133,2,1747.3
3037,1006,135,2,692.88
3038,1006,149,2,1455.53
3039,1006,131,2,1330.42
3040,1006,110,1,1603.51
3041,1007,11,3,844.82
3042,1007,189,1,1319.17
3043,1008,133,2,1747.3
3044,1008,72,1,1848.69
3045,1008,148,2,997.56
3046,1008,158,2,289.85
3047,1009,31,2,107.63
3048,1009,74,2,887.21
3049,1010,58,3,1153.64
3050,1010,44,1,652.14
3051,1010,74,1,887.21
3052,1010,67,3,705.44
3053,1011,37,3,1858.52
3054,1011,25,3,194.7
3055,1011,53,1,582.45
3056,1012,154,1,1454.99
3057,1013,138,2,931.92
3058,1013,50,1,1335.93
3059,1013,2,2,1574.66
3060,1013,126,3,100.26
3061,1013,7,2,505.06
3062,1014,134,1,511.03
3063,1014,33,3,1315.19
3064,1014,117,3,1006.5
3065,1014,76,1,926.18
3066,1015,111,1,1284.15
3067,1015,127,2,226.16
3068,1015,68,3,210.1
3069,1015,23,3,905.85
3070,1016,91,1,623.91
3071,1017,187,2,1251.92
3072,1017,20,1,1989.28
3073,1018,86,3,1836.28
3074,1018,71,3,1510.12
3075,1018,117,1,1006.5
3076,1018,162,3,890.66
3077,1018,189,3,1319.17
3078,1019,10,3,352.62
3079,1019,111,3,1284.15
3080,1019,26,2,513.51
3081,1020,143,3,949.43
3082,1020,170,1,1621.97
3083,1021,63,1,1179.8
3084,1022,97,2,1895.6
3085,1022,57,1,42.39
3086,1022,173,2,1019.97
3087,1022,51,1,1968.97
3088,1022,68,3,210.1
3089,1023,73,1,635.7
3090,1023,34,3,1691.52
3091,1023,51,3,1968.97
3092,1023,163,3,737.07
3093,1024,1,1,1327.22
3094,1024,112,2,1868.92
3095,1025,157,2,1603.19
3096,1025,54,3,1495.29
3097,1025,182,2,868.07
3098,1025,46,3,167.76
3099,1025,10,2,352.62
3100,1026,61,3,922.89
3101,1026,164,1,1921.24
3102,1026,90,2,167.6
3103,1026,124,1,1880.75
3104,1026,136,2,1471.7
3105,1027,126,2,100.26
3106,1027,162,3,890.66
3107,1027,101,2,756.56
3108,1027,154,2,1454.99
3109,1028,57,1,42.39
3110,1029,108,1,1540.03
3111,1029,115,3,1893.09
3112,1029,84,2,499.25
3113,1030,46,2,167.76
3114,1031,170,3,1621.97
3115,1031,30,2,248.85
3116,1031,89,3,507.73
3117,1032,199,2,265.88
3118,1032,124,3,1880.75
3119,1033,176,2,263.89
3120,1033,61,3,922.89
3121,1033,8,1,1733.56
3122,1033,75,2,117.06
3123,1034,144,2,717.16
3124,1035,173,2,1019.97
3125,1035,82,2,903.79
3126,1035,106,2,1070.35
3127,1036,67,3,705.44
3128,1036,14,1,1567.54
3129,1036,69,2,1206.79
3130,1036,125,3,1553.46
3131,1037,79,2,1110.86
3132,1038,57,1,42.39
3133,1038,147,3,681.38
3134,1038,43,1,685.09
3135,1038,138,3,931.92
3136,1039,85,3,1047.88
3137,1039,34,1,1691.52
3138,1039,155,2,1996.31
3139,1039,139,1,368.64
3140,1039,6,3,1717.52
3141,1040,91,1,623.91
3142,1040,197,3,931.56
3143,1040,142,1,634.61
3144,1041,54,3,1495.29
3145,1041,93,2,1120.05
3146,1041,138,3,931.92
3147,1041,51,1,1968.97
3148,1041,41,2,1268.18
3149,1042,96,2,728.38
3150,1042,85,1,1047.88
3151,1043,188,3,1283.77
3152,1043,64,1,1741.7
3153,1043,4,3,435.82
3154,1043,10,2,352.62
3155,1043,6,2,1717.52
3156,1044,41,2,1268.18
3157,1045,7,3,505.06
3158,1045,59,1,1282.08
3159,1045,162,1,890.66
3160,1046,192,3,425.56
3161,1046,32,2,211.68
3162,1046,97,1,1895.6
3163,1047,22,3,233.26
3164,1047,20,3,1989.28
3165,1047,19,3,553.66
3166,1048,6,3,1717.52
3167,1048,4,1,435.82
3168,1048,191,1,95.7
3169,1048,139,3,368.64
3170,1049,101,2,756.56
3171,1049,50,3,1335.93
3172,1049,156,3,1344.01
3173,1049,80,1,1818.55
3174,1049,83,2,173.24
3175,1050,118,2,752.95
3176,1050,52,3,606.33
3177,1050,26,3,513.51
3178,1051,97,1,1895.6
3179,1051,75,2,117.06
3180,1051,110,3,1603.51
3181,1051,24,2,1655.7
3182,1052,73,1,635.7
3183,1052,180,2,934.34
3184,1052,137,1,707.84
3185,1052,130,2,708.87
3186,1053,96,1,728.38
3187,1053,196,2,124.53
3188,1053,140,1,1553.5
3189,1053,183,3,1038.61
3190,1054,102,1,1543.34
3191,1055,95,3,1342.56
3192,1055,123,2,515.57
3193,1055,145,2,667.19
3194,1055,28,1,190.99
3195,1056,25,3,194.7
3196,1057,54,3,1495.29
3197,1057,126,1,100.26
3198,1058,37,2,1858.52
3199,1059,122,1,1232.62
3200,1059,134,1,511.03
3201,1059,186,2,504.96
3202,1059,146,2,1779.53
3203,1059,195,2,815.15
3204,1060,190,1,87.18
3205,1060,87,2,1359.4
3206,1060,39,3,705.29
3207,1061,154,1,1454.99
3208,1061,105,3,573.43
3209,1061,2,2,1574.66
3210,1061,69,3,1206.79
3211,1061,177,2,622.03
3212,1062,167,2,1992.75
3213,1062,61,3,922.89
3214,1062,83,2,173.24
3215,1063,143,2,949.43
3216,1063,190,3,87.18
3217,1063,188,1,1283.77
3218,1063,21,2,1013.57
3219,1063,27,1,1846.36
3220,1064,42,3,1063.31
3221,1065,43,1,685.09
3222,1066,30,1,248.85
3223,1066,10,3,352.62
3224,1066,109,3,1057.28
3225,1066,127,2,226.16
3226,1067,192,2,425.56
3227,1067,141,2,407.17
3228,1068,76,1,926.18
3229,1069,76,3,926.18
3230,1069,185,2,1895.23
3231,1069,174,3,477.29
3232,1069,70,2,1902.83
3233,1070,167,3,1992.75
3234,1070,43,1,685.09
3235,1070,37,3,1858.52
3236,1070,75,3,117.06
3237,1070,134,2,511.03
3238,1071,155,2,1996.31
3239,1071,65,3,669.47
3240,1071,121,3,1663.07
3241,1071,119,1,1679.16
3242,1071,54,1,1495.29
3243,1072,184,1,648.71
3244,1072,122,1,1232.62
3245,1072,3,2,414.39
3246,1072,82,1,903.79
3247,1072,107,1,738.84
3248,1073,180,3,934.34
3249,1073,49,1,226.23
3250,1073,52,3,606.33
3251,1074,85,2,1047.88
3252,1074,25,3,194.7
3253,1074,16,1,1695.36
3254,1074,160,1,768.79
3255,1075,163,2,737.07
3256,1075,144,3,717.16
3257,1075,58,1,1153.64
3258,1076,71,2,1510.12
3259,1076,73,3,635.7
3260,1077,95,2,1342.56
3261,1077,160,2,768.79
3262,1077,197,3,931.56
3263,1078,165,1,1037.9
3264,1078,169,1,349.45
3265,1078,52,3,606.33
3266,1078,20,1,1989.28
3267,1078,152,2,894.6
3268,1079,68,1,210.1
3269,1079,145,1,667.19
3270,1080,151,3,209.68
3271,1080,166,3,1551.05
3272,1080,197,3,931.56
3273,1080,99,2,1689.63
3274,1080,85,3,1047.88
3275,1081,172,1,1703.47
3276,1081,122,1,1232.62
3277,1081,54,1,1495.29
3278,1081,44,3,652.14
3279,1081,1,1,1327.22
3280,1082,43,1,685.09
3281,1082,122,2,1232.62
3282,1083,14,1,1567.54
3283,1084,113,2,172.33
3284,1084,109,3,1057.28
3285,1084,171,1,698.11
3286,1084,121,1,1663.07
3287,1084,84,3,499.25
3288,1085,97,2,1895.6
3289,1085,199,2,265.88
3290,1085,99,2,1689.63
3291,1085,181,3,1756.53
3292,1086,136,1,1471.7
3293,1086,21,1,1013.57
3294,1086,155,3,1996.31
3295,1087,183,3,1038.61
3296,1087,37,2,1858.52
3297,1087,112,2,1868.92
3298,1088,176,2,263.89
3299,1088,31,3,107.63
3300,1088,143,2,949.43
3301,1089,7,2,505.06
3302,1089,94,3,1341.88
3303,1090,187,3,1251.92
3304,1090,109,3,1057.28
3305,1090,55,1,1067.5
3306,1091,96,1,728.38
3307,1091,46,2,167.76
3308,1091,192,2,425.56
3309,1091,3,3,414.39
3310,1092,2,2,1574.66
3311,1092,151,2,209.68
3312,1093,95,2,1342.56
3313,1094,4,2,435.82
3314,1094,156,3,1344.01
3315,1094,70,2,1902.83
3316,1094,9,2,1581.02
3317,1094,166,1,1551.05
3318,1095,71,3,1510.12
3319,1095,161,1,311.11
3320,1095,15,3,1288.46
3321,1096,156,1,1344.01
3322,1096,162,2,890.66
3323,1096,117,3,1006.5
3324,1096,126,3,100.26
3325,1097,27,3,1846.36
3326,1097,10,1,352.62
3327,1097,95,3,1342.56
3328,1097,8,3,1733.56
3329,1097,157,1,1603.19
3330,1098,22,1,233.26
3331,1098,108,1,1540.03
3332,1099,164,1,1921.24
3333,1099,182,3,868.07
3334,1099,16,2,1695.36
3335,1099,81,1,1211.99
3336,1100,189,3,1319.17
3337,1100,5,1,1549.87
3338,1100,86,3,1836.28
3339,1100,173,3,1019.97
3340,1100,82,2,903.79
3341,1101,4,1,435.82
3342,1101,171,1,698.11
3343,1101,104,1,1440.57
3344,1101,107,3,738.84
3345,1101,172,1,1703.47
3346,1102,22,1,233.26
3347,1102,45,2,315.38
3348,1102,114,3,1811.09
3349,1103,177,2,622.03
3350,1103,130,1,708.87
3351,1104,80,2,1818.55
3352,1105,90,3,167.6
3353,1105,31,1,107.63
3354,1105,88,3,662.73
3355,1105,120,2,279.51
3356,1105,146,1,1779.53
3357,1106,24,1,1655.7
3358,1107,48,2,1511.11
3359,1108,161,1,311.11
3360,1108,6,3,1717.52
3361,1108,197,2,931.56
3362,1108,44,2,652.14
3363,1108,3,1,414.39
3364,1109,79,3,1110.86
3365,1109,175,1,1110.27
3366,1110,80,2,1818.55
3367,1110,14,3,1567.54
3368,1111,46,3,167.76
3369,1111,72,2,1848.69
3370,1111,36,2,1949.22
3371,1112,49,1,226.23
3372,1112,70,1,1902.83
3373,1113,67,2,705.44
3374,1113,179,1,1944.9
3375,1113,113,2,172.33
3376,1114,149,3,1455.53
3377,1114,94,3,1341.88
3378,1114,90,2,167.6
3379,1115,10,2,352.62
3380,1115,150,1,1990.22
3381,1116,146,3,1779.53
3382,1116,54,3,1495.29
3383,1116,180,2,934.34
3384,1116,112,1,1868.92
3385,1116,89,2,507.73
3386,1117,142,1,634.61
3387,1117,191,2,95.7
3388,1117,69,1,1206.79
3389,1117,24,2,1655.7
3390,1117,132,2,1907.04
3391,1118,30,3,248.85
3392,1119,122,2,1232.62
3393,1119,36,3,1949.22
3394,1120,96,3,728.38
3395,1120,145,3,667.19
3396,1120,97,1,1895.6
3397,1121,180,2,934.34
3398,1121,27,1,1846.36
3399,1121,162,1,890.66
3400,1122,122,1,1232.62
3401,1122,86,1,1836.28
3402,1122,87,2,1359.4
3403,1122,166,2,1551.05
3404,1123,120,1,279.51
3405,1123,140,1,1553.5
3406,1124,158,3,289.85
3407,1124,117,2,1006.5
3408,1124,152,3,894.6
3409,1124,148,2,997.56
3410,1125,63,3,1179.8
3411,1125,65,2,669.47
3412,1125,186,2,504.96
3413,1125,96,3,728.38
3414,1126,77,3,1664.23
3415,1126,11,1,844.82
3416,1126,60,2,46.61
3417,1126,196,2,124.53
3418,1127,148,1,997.56
3419,1127,103,1,878.16
3420,1127,152,3,894.6
3421,1128,77,3,1664.23
3422,1128,153,3,1381.08
3423,1129,146,1,1779.53
3424,1129,193,1,1279.79
3425,1130,14,1,1567.54
3426,1130,24,2,1655.7
3427,1130,80,2,1818.55
3428,1131,43,1,685.09
3429,1131,118,1,752.95
3430,1131,1,1,1327.22
3431,1131,169,2,349.45
3432,1132,21,1,1013.57
3433,1132,48,2,1511.11
3434,1132,61,1,922.89
3435,1133,40,3,1316.4
3436,1133,176,2,263.89
3437,1134,123,1,515.57
3438,1135,26,3,513.51
3439,1135,121,2,1663.07
3440,1135,141,3,407.17
3441,1136,121,2,1663.07
3442,1136,172,2,1703.47
3443,1137,196,2,124.53
3444,1137,25,1,194.7
3445,1138,196,2,124.53
3446,1138,35,2,1150.33
3447,1138,103,3,878.16
3448,1139,153,2,1381.08
3449,1139,101,2,756.56
3450,1139,137,3,707.84
3451,1139,19,3,553.66
3452,1140,7,1,505.06
3453,1140,57,2,42.39
3454,1140,156,2,1344.01
3455,1140,46,2,167.76
3456,1140,197,3,931.56
3457,1141,157,3,1603.19
3458,1142,20,2,1989.28
3459,1142,166,1,1551.05
3460,1142,59,1,1282.08
3461,1142,36,1,1949.22
3462,1143,112,2,1868.92
3463,1143,24,3,1655.7
3464,1143,87,1,1359.4
3465,1144,39,3,705.29
3466,1144,73,2,635.7
3467,1144,80,1,1818.55
3468,1144,100,2,676.84
3469,1145,46,3,167.76
3470,1145,42,1,1063.31
3471,1145,102,2,1543.34
3472,1145,175,1,1110.27
3473,1146,176,3,263.89
3474,1146,188,2,1283.77
3475,1146,26,1,513.51
3476,1147,82,3,903.79
3477,1147,33,3,1315.19
3478,1148,176,3,263.89
3479,1148,117,3,1006.5
3480,1148,3,2,414.39
3481,1148,125,2,1553.46
3482,1149,78,2,1190.19
3483,1150,190,3,87.18
3484,1150,163,2,737.07
3485,1150,30,3,248.85
3486,1151,200,2,487.27
3487,1151,122,3,1232.62
3488,1151,183,2,1038.61
3489,1152,46,2,167.76
3490,1153,195,1,815.15
3491,1153,99,2,1689.63
3492,1153,173,3,1019.97
3493,1153,21,3,1013.57
3494,1153,39,2,705.29
3495,1154,132,3,1907.04
3496,1154,158,2,289.85
3497,1155,13,1,1010.16
3498,1155,119,2,1679.16
3499,1155,73,2,635.7
3500,1155,11,2,844.82
3501,1156,154,3,1454.99
3502,1157,65,3,669.47
3503,1157,109,2,1057.28
3504,1157,87,1,1359.4
3505,1158,69,1,1206.79
3506,1158,46,2,167.76
3507,1158,76,2,926.18
3508,1158,92,2,1192.11
3509,1158,107,3,738.84
3510,1159,153,1,1381.08
3511,1160,188,3,1283.77
3512,1160,10,2,352.62
3513,1160,137,1,707.84
3514,1161,22,1,233.26
3515,1161,137,1,707.84
3516,1162,163,2,737.07
3517,1162,127,2,226.16
3518,1163,118,1,752.95
3519,1163,177,3,622.03
3520,1163,159,3,256.83
3521,1164,118,1,752.95
3522,1164,11,1,844.82
3523,1164,20,3,1989.28
3524,1164,84,3,499.25
3525,1164,96,3,728.38
3526,1165,98,3,1999.95
3527,1166,87,3,1359.4
3528,1167,109,1,1057.28
3529,1167,103,3,878.16
3530,1167,6,2,1717.52
3531,1168,111,1,1284.15
3532,1169,147,2,681.38
3533,1169,67,3,705.44
3534,1170,139,3,368.64
3535,1170,63,2,1179.8
3536,1170,178,1,824.54
3537,1170,13,2,1010.16
3538,1170,96,2,728.38
3539,1171,71,3,1510.12
3540,1171,129,1,291.44
3541,1172,103,1,878.16
3542,1172,47,2,1216.12
3543,1172,174,1,477.29
3544,1172,73,1,635.7
3545,1172,70,2,1902.83
3546,1173,71,2,1510.12
3547,1173,69,3,1206.79
3548,1174,25,1,194.7
3549,1174,57,3,42.39
3550,1174,58,2,1153.64
3551,1175,17,2,1426.24
3552,1175,157,3,1603.19
3553,1176,118,2,752.95
3554,1176,151,3,209.68
3555,1176,108,2,1540.03
3556,1176,163,2,737.07
3557,1176,153,3,1381.08
3558,1177,88,2,662.73
3559,1178,89,2,507.73
3560,1178,114,3,1811.09
3561,1178,39,2,705.29
3562,1179,137,1,707.84
3563,1179,179,3,1944.9
3564,1180,66,3,1268.28
3565,1180,104,1,1440.57
3566,1180,9,3,1581.02
3567,1180,170,2,1621.97
3568,1181,89,2,507.73
3569,1181,22,2,233.26
3570,1181,54,2,1495.29
3571,1181,192,2,425.56
3572,1181,136,2,1471.7
3573,1182,8,1,1733.56
3574,1182,40,3,1316.4
3575,1182,160,2,768.79
3576,1182,150,3,1990.22
3577,1183,107,2,738.84
3578,1183,196,3,124.53
3579,1183,6,3,1717.52
3580,1183,193,2,1279.79
3581,1184,97,1,1895.6
3582,1184,138,2,931.92
3583,1185,32,1,211.68
3584,1185,25,3,194.7
3585,1185,102,2,1543.34
3586,1185,56,1,797.16
3587,1185,55,1,1067.5
3588,1186,141,1,407.17
3589,1186,105,2,573.43
3590,1186,91,3,623.91
3591,1186,193,2,1279.79
3592,1187,198,1,1723.66
3593,1187,93,3,1120.05
3594,1187,162,3,890.66
3595,1188,129,2,291.44
3596,1188,138,1,931.92
3597,1188,137,2,707.84
3598,1189,194,1,1913.52
3599,1189,119,1,1679.16
3600,1189,74,2,887.21
3601,1189,116,2,1861.29
3602,1190,137,2,707.84
3603,1191,168,2,249.66
3604,1191,45,3,315.38
3605,1191,175,3,1110.27
3606,1191,26,2,513.51
3607,1192,106,3,1070.35
3608,1192,49,1,226.23
3609,1192,163,1,737.07
3610,1192,8,3,1733.56
3611,1193,129,2,291.44
3612,1193,21,1,1013.57
3613,1193,154,2,1454.99
3614,1193,147,3,681.38
3615,1193,188,1,1283.77
3616,1194,146,2,1779.53
3617,1194,161,3,311.11
3618,1195,95,1,1342.56
3619,1196,168,1,249.66
3620,1196,100,2,676.84
3621,1196,142,2,634.61
3622,1196,131,3,1330.42
3623,1196,50,1,1335.93
3624,1197,121,1,1663.07
3625,1197,183,2,1038.61
3626,1198,76,1,926.18
3627,1198,17,1,1426.24
3628,1199,119,2,1679.16
3629,1199,118,1,752.95
3630,1199,63,1,1179.8
3631,1199,176,2,263.89
3632,1199,155,3,1996.31
3633,1200,155,2,1996.31
3634,1201,63,3,1179.8
3635,1201,119,1,1679.16
3636,1202,192,1,425.56
3637,1203,134,2,511.03
3638,1203,121,2,1663.07
3639,1203,99,3,1689.63
3640,1203,19,3,553.66
3641,1204,184,3,648.71
3642,1205,183,1,1038.61
3643,1205,7,2,505.06
3644,1205,113,2,172.33
3645,1205,124,3,1880.75
3646,1205,186,1,504.96
3647,1206,103,3,878.16
3648,1206,184,3,648.71
3649,1206,131,2,1330.42
3650,1207,32,3,211.68
3651,1207,27,1,1846.36
3652,1207,38,3,364.93
3653,1207,68,1,210.1
3654,1208,106,1,1070.35
3655,1208,169,1,349.45
3656,1208,87,2,1359.4
3657,1209,68,2,210.1
3658,1209,25,3,194.7
3659,1210,118,3,752.95
3660,1211,193,2,1279.79
3661,1211,63,2,1179.8
3662,1211,194,3,1913.52
3663,1211,67,2,705.44
3664,1212,116,3,1861.29
3665,1212,180,2,934.34
3666,1212,67,3,705.44
3667,1213,195,1,815.15
3668,1214,134,1,511.03
3669,1214,74,1,887.21
3670,1215,145,2,667.19
3671,1215,93,2,1120.05
3672,1215,183,3,1038.61
3673,1216,146,2,1779.53
3674,1216,163,2,737.07
3675,1217,173,3,1019.97
3676,1217,76,1,926.18
3677,1217,40,1,1316.4
3678,1217,191,3,95.7
3679,1218,99,1,1689.63
3680,1218,66,1,1268.28
3681,1218,164,1,1921.24
3682,1219,78,2,1190.19
3683,1219,38,3,364.93
3684,1219,150,3,1990.22
3685,1219,4,3,435.82
3686,1219,67,3,705.44
3687,1220,123,3,515.57
3688,1220,159,1,256.83
3689,1220,44,3,652.14
3690,1220,89,3,507.73
3691,1221,134,2,511.03
3692,1221,96,3,728.38
3693,1221,97,1,1895.6
3694,1222,124,1,1880.75
3695,1222,45,2,315.38
3696,1222,98,1,1999.95
3697,1222,4,2,435.82
3698,1222,172,1,1703.47
3699,1223,39,3,705.29
3700,1223,72,3,1848.69
3701,1224,167,1,1992.75
3702,1225,128,3,1074.43
3703,1225,118,1,752.95
3704,1225,146,3,1779.53
3705,1226,59,1,1282.08
3706,1226,190,2,87.18
3707,1226,52,3,606.33
3708,1226,94,1,1341.88
3709,1226,171,2,698.11
3710,1227,18,3,647.61
3711,1227,70,1,1902.83
3712,1227,142,1,634.61
3713,1227,137,2,707.84
3714,1227,190,3,87.18
3715,1228,64,3,1741.7
3716,1228,63,3,1179.8
3717,1228,66,1,1268.28
3718,1228,190,1,87.18
3719,1228,47,3,1216.12
3720,1229,46,3,167.76
3721,1229,11,2,844.82
3722,1229,156,1,1344.01
3723,1229,69,3,1206.79
3724,1230,188,1,1283.77
3725,1230,17,3,1426.24
3726,1231,16,1,1695.36
3727,1231,54,3,1495.29
3728,1231,59,3,1282.08
3729,1232,119,2,1679.16
3730,1232,26,3,513.51
3731,1232,138,1,931.92
3732,1232,14,1,1567.54
3733,1233,30,1,248.85
3734,1233,114,1,1811.09
3735,1233,22,3,233.26
3736,1233,122,3,1232.62
3737,1234,154,2,1454.99
3738,1234,125,3,1553.46
3739,1235,149,2,1455.53
3740,1236,185,2,1895.23
3741,1237,151,3,209.68
3742,1237,163,2,737.07
3743,1238,65,2,669.47
3744,1239,70,3,1902.83
3745,1239,127,2,226.16
3746,1239,162,3,890.66
3747,1239,46,2,167.76
3748,1239,85,3,1047.88
3749,1240,68,2,210.1
3750,1240,137,2,707.84
3751,1240,64,3,1741.7
3752,1241,129,1,291.44
3753,1241,80,2,1818.55
3754,1241,161,1,311.11
3755,1241,113,2,172.33
3756,1241,29,3,1114.96
3757,1242,127,2,226.16
3758,1242,42,3,1063.31
3759,1242,46,2,167.76
3760,1242,17,1,1426.24
3761,1243,88,1,662.73
3762,1243,164,1,1921.24
3763,1243,176,1,263.89
3764,1243,138,1,931.92
3765,1244,79,2,1110.86
3766,1244,129,2,291.44
3767,1245,121,1,1663.07
3768,1245,27,3,1846.36
3769,1245,176,3,263.89
3770,1245,77,1,1664.23
3771,1245,157,2,1603.19
3772,1246,50,2,1335.93
3773,1246,197,1,931.56
3774,1247,157,1,1603.19
3775,1247,170,2,1621.97
3776,1248,122,3,1232.62
3777,1248,168,2,249.66
3778,1248,153,1,1381.08
3779,1248,107,2,738.84
3780,1248,200,2,487.27
3781,1249,95,2,1342.56
3782,1249,38,3,364.93
3783,1249,79,2,1110.86
3784,1250,116,3,1861.29
3785,1250,79,2,1110.86
3786,1250,109,2,1057.28
3787,1251,196,2,124.53
3788,1252,105,2,573.43
3789,1253,117,2,1006.5
3790,1253,197,1,931.56
3791,1254,54,3,1495.29
3792,1254,170,2,1621.97
3793,1255,96,2,728.38
3794,1255,7,2,505.06
3795,1255,83,2,173.24
3796,1256,144,3,717.16
3797,1256,190,2,87.18
3798,1256,52,2,606.33
3799,1256,56,1,797.16
3800,1256,159,1,256.83
3801,1257,42,3,1063.31
3802,1257,84,2,499.25
3803,1258,121,3,1663.07
3804,1258,12,3,899.31
3805,1258,200,2,487.27
3806,1258,169,1,349.45
3807,1258,100,2,676.84
3808,1259,151,3,209.68
3809,1259,97,2,1895.6
3810,1259,16,2,1695.36
3811,1259,26,3,513.51
3812,1259,15,2,1288.46
3813,1260,73,3,635.7
3814,1260,29,1,1114.96
3815,1260,121,2,1663.07
3816,1260,35,3,1150.33
3817,1261,39,1,705.29
3818,1261,151,3,209.68
3819,1261,77,1,1664.23
3820,1261,147,2,681.38
3821,1262,84,3,499.25
3822,1262,147,3,681.38
3823,1263,143,3,949.43
3824,1263,136,1,1471.7
3825,1263,75,1,117.06
3826,1264,180,3,934.34
3827,1265,93,3,1120.05
3828,1265,198,1,1723.66
3829,1265,115,1,1893.09
3830,1266,120,2,279.51
3831,1266,59,2,1282.08
3832,1266,118,1,752.95
3833,1267,66,1,1268.28
3834,1267,155,1,1996.31
3835,1267,192,1,425.56
3836,1268,110,3,1603.51
3837,1268,102,1,1543.34
3838,1268,125,3,1553.46
3839,1268,13,2,1010.16
3840,1269,145,2,667.19
3841,1270,130,2,708.87
3842,1271,126,1,100.26
3843,1271,73,3,635.7
3844,1271,148,1,997.56
3845,1271,86,3,1836.28
3846,1271,163,1,737.07
3847,1272,200,1,487.27
3848,1272,29,3,1114.96
3849,1272,137,2,707.84
3850,1272,41,3,1268.18
3851,1272,132,3,1907.04
3852,1273,193,3,1279.79
3853,1273,19,2,553.66
3854,1274,120,1,279.51
3855,1274,116,3,1861.29
3856,1274,190,2,87.18
3857,1275,47,3,1216.12
3858,1276,87,3,1359.4
3859,1276,117,2,1006.5
3860,1276,136,1,1471.7
3861,1276,200,2,487.27
3862,1276,178,3,824.54
3863,1277,2,1,1574.66
3864,1277,160,1,768.79
3865,1277,100,1,676.84
3866,1278,110,1,1603.51
3867,1278,39,3,705.29
3868,1278,67,3,705.44
3869,1279,137,3,707.84
3870,1279,118,1,752.95
3871,1279,168,3,249.66
3872,1280,184,1,648.71
3873,1280,148,1,997.56
3874,1280,40,1,1316.4
3875,1281,47,3,1216.12
3876,1281,26,3,513.51
3877,1281,7,1,505.06
3878,1282,139,1,368.64
3879,1282,90,2,167.6
3880,1283,59,1,1282.08
3881,1283,169,2,349.45
3882,1283,54,1,1495.29
3883,1284,70,2,1902.83
3884,1284,60,1,46.61
3885,1284,56,1,797.16
3886,1284,198,2,1723.66
3887,1285,97,1,1895.6
3888,1286,191,1,95.7
3889,1286,190,2,87.18
3890,1286,54,2,1495.29
3891,1286,98,2,1999.95
3892,1287,53,2,582.45
3893,1287,198,3,1723.66
3894,1288,24,1,1655.7
3895,1289,149,1,1455.53
3896,1289,186,1,504.96
3897,1289,133,2,1747.3
3898,1289,32,3,211.68
3899,1289,42,3,1063.31
3900,1290,192,1,425.56
3901,1290,82,1,903.79
3902,1290,107,1,738.84
3903,1291,93,2,1120.05
3904,1291,123,1,515.57
3905,1291,66,1,1268.28
3906,1291,131,2,1330.42
3907,1291,29,2,1114.96
3908,1292,26,1,513.51
3909,1292,91,2,623.91
3910,1292,93,3,1120.05
3911,1292,80,2,1818.55
3912,1293,180,3,934.34
3913,1293,22,3,233.26
3914,1294,121,3,1663.07
3915,1294,5,2,1549.87
3916,1294,71,1,1510.12
3917,1294,187,1,1251.92
3918,1295,46,1,167.76
3919,1295,145,1,667.19
3920,1296,40,1,1316.4
3921,1296,36,1,1949.22
3922,1296,178,3,824.54
3923,1296,121,1,1663.07
3924,1296,196,3,124.53
3925,1297,96,1,728.38
3926,1297,159,2,256.83
3927,1297,107,1,738.84
3928,1298,133,3,1747.3
3929,1298,39,3,705.29
3930,1299,94,1,1341.88
3931,1299,29,1,1114.96
3932,1300,53,2,582.45
3933,1300,79,2,1110.86
3934,1300,104,3,1440.57
3935,1300,161,2,311.11
3936,1301,7,2,505.06
3937,1302,121,1,1663.07
3938,1303,105,3,573.43
3939,1303,12,2,899.31
3940,1304,185,1,1895.23
3941,1304,135,2,692.88
3942,1304,44,1,652.14
3943,1304,41,1,1268.18
3944,1304,26,2,513.51
3945,1305,29,2,1114.96
3946,1306,107,3,738.84
3947,1306,138,3,931.92
3948,1306,113,1,172.33
3949,1306,35,2,1150.33
3950,1307,121,3,1663.07
3951,1307,66,3,1268.28
3952,1307,33,2,1315.19
3953,1307,83,3,173.24
3954,1308,123,2,515.57
3955,1309,51,1,1968.97
3956,1309,33,1,1315.19
3957,1309,57,3,42.39
3958,1309,132,1,1907.04
3959,1309,34,3,1691.52
3960,1310,184,2,648.71
3961,1311,158,1,289.85
3962,1311,27,2,1846.36
3963,1311,64,1,1741.7
3964,1312,85,3,1047.88
3965,1312,182,3,868.07
3966,1312,119,3,1679.16
3967,1313,148,2,997.56
3968,1313,69,2,1206.79
3969,1313,195,3,815.15
3970,1313,34,1,1691.52
3971,1313,84,3,499.25
3972,1314,192,2,425.56
3973,1315,51,1,1968.97
3974,1316,37,3,1858.52
3975,1317,61,1,922.89
3976,1318,83,2,173.24
3977,1318,3,2,414.39
3978,1318,147,1,681.38
3979,1318,124,3,1880.75
3980,1319,104,2,1440.57
3981,1319,116,3,1861.29
3982,1319,55,2,1067.5
3983,1319,117,1,1006.5
3984,1319,160,3,768.79
3985,1320,168,2,249.66
3986,1320,197,2,931.56
3987,1320,132,1,1907.04
3988,1321,88,3,662.73
3989,1321,125,2,1553.46
3990,1321,198,3,1723.66
3991,1322,172,2,1703.47
3992,1323,68,1,210.1
3993,1323,17,3,1426.24
3994,1323,94,1,1341.88
3995,1323,110,1,1603.51
3996,1323,165,1,1037.9
3997,1324,29,2,1114.96
3998,1324,31,1,107.63
3999,1324,141,2,407.17
4000,1324,183,2,1038.61
4001,1325,112,1,1868.92
4002,1325,142,2,634.61
4003,1325,22,3,233.26
4004,1325,130,1,708.87
4005,1326,175,1,1110.27
4006,1326,57,1,42.39
4007,1327,135,1,692.88
4008,1327,154,3,1454.99
4009,1327,200,3,487.27
4010,1328,13,3,1010.16
4011,1328,137,3,707.84
4012,1328,93,1,1120.05
4013,1328,139,2,368.64
4014,1328,59,1,1282.08
4015,1329,175,1,1110.27
4016,1330,58,3,1153.64
4017,1330,193,2,1279.79
4018,1330,184,1,648.71
4019,1330,39,2,705.29
4020,1330,139,1,368.64
4021,1331,76,2,926.18
4022,1331,100,2,676.84
4023,1331,134,2,511.03
4024,1331,108,1,1540.03
4025,1332,1,3,1327.22
4026,1332,20,3,1989.28
4027,1332,65,3,669.47
4028,1333,54,3,1495.29
4029,1333,188,1,1283.77
4030,1333,157,1,1603.19
4031,1334,36,1,1949.22
4032,1334,37,2,1858.52
4033,1334,124,1,1880.75
4034,1334,42,3,1063.31
4035,1335,101,2,756.56
4036,1335,152,1,894.6
4037,1335,50,1,1335.93
4038,1335,64,2,1741.7
4039,1336,103,3,878.16
4040,1336,32,3,211.68
4041,1337,173,3,1019.97
4042,1337,39,2,705.29
4043,1337,53,2,582.45
4044,1337,114,1,1811.09
4045,1337,37,3,1858.52
4046,1338,134,2,511.03
4047,1339,27,1,1846.36
4048,1339,198,3,1723.66
4049,1339,161,2,311.11
4050,1339,154,2,1454.99
4051,1339,121,1,1663.07
4052,1340,191,3,95.7
4053,1340,157,2,1603.19
4054,1340,117,2,1006.5
4055,1340,40,1,1316.4
4056,1340,19,2,553.66
4057,1341,29,2,1114.96
4058,1341,161,3,311.11
4059,1341,120,1,279.51
4060,1342,195,1,815.15
4061,1342,75,1,117.06
4062,1342,58,3,1153.64
4063,1342,134,3,511.03
4064,1343,93,2,1120.05
4065,1343,62,2,876.24
4066,1343,171,1,698.11
4067,1343,127,3,226.16
4068,1343,180,1,934.34
4069,1344,186,2,504.96
4070,1344,188,3,1283.77
4071,1344,71,3,1510.12
4072,1345,108,2,1540.03
4073,1345,171,1,698.11
4074,1345,65,1,669.47
4075,1346,183,2,1038.61
4076,1347,150,1,1990.22
4077,1347,127,3,226.16
4078,1348,171,3,698.11
4079,1348,69,2,1206.79
4080,1348,27,3,1846.36
4081,1348,200,3,487.27
4082,1349,97,1,1895.6
4083,1349,156,3,1344.01
4084,1349,133,1,1747.3
4085,1349,171,3,698.11
4086,1349,98,3,1999.95
4087,1350,148,1,997.56
4088,1351,196,1,124.53
4089,1352,149,3,1455.53
4090,1352,173,2,1019.97
4091,1352,182,2,868.07
4092,1353,89,3,507.73
4093,1354,118,2,752.95
4094,1354,147,3,681.38
4095,1354,134,3,511.03
4096,1354,10,2,352.62
4097,1355,56,3,797.16
4098,1356,7,2,505.06
4099,1356,162,1,890.66
4100,1357,106,2,1070.35
4101,1357,8,2,1733.56
4102,1357,187,2,1251.92
4103,1358,91,2,623.91
4104,1358,64,1,1741.7
4105,1358,71,2,1510.12
4106,1359,179,1,1944.9
4107,1359,163,1,737.07
4108,1359,68,3,210.1
4109,1359,197,3,931.56
4110,1360,190,2,87.18
4111,1360,103,1,878.16
4112,1360,193,2,1279.79
4113,1361,86,2,1836.28
4114,1362,138,1,931.92
4115,1362,190,3,87.18
4116,1362,59,1,1282.08
4117,1362,82,3,903.79
4118,1362,79,2,1110.86
4119,1363,160,1,768.79
4120,1363,128,2,1074.43
4121,1363,164,1,1921.24
4122,1364,182,2,868.07
4123,1364,125,2,1553.46
4124,1364,90,2,167.6
4125,1365,44,1,652.14
4126,1365,83,1,173.24
4127,1366,149,3,1455.53
4128,1366,80,3,1818.55
4129,1367,76,2,926.18
4130,1367,194,3,1913.52
4131,1367,144,3,717.16
4132,1367,138,1,931.92
4133,1367,46,1,167.76
4134,1368,24,3,1655.7
4135,1369,170,2,1621.97
4136,1369,104,3,1440.57
4137,1369,68,2,210.1
4138,1369,38,2,364.93
4139,1369,184,1,648.71
4140,1370,27,3,1846.36
4141,1370,189,1,1319.17
4142,1370,76,2,926.18
4143,1370,158,1,289.85
4144,1371,11,3,844.82
4145,1371,63,2,1179.8
4146,1371,141,1,407.17
4147,1371,40,2,1316.4
4148,1372,178,1,824.54
4149,1372,57,1,42.39
4150,1373,166,2,1551.05
4151,1373,56,1,797.16
4152,1373,38,1,364.93
4153,1373,4,3,435.82
4154,1374,113,3,172.33
4155,1374,107,1,738.84
4156,1374,143,2,949.43
4157,1374,142,1,634.61
4158,1375,149,3,1455.53
4159,1375,103,2,878.16
4160,1375,161,3,311.11
4161,1375,148,2,997.56
4162,1375,100,2,676.84
4163,1376,95,3,1342.56
4164,1376,94,2,1341.88
4165,1376,61,1,922.89
4166,1376,82,3,903.79
4167,1377,83,1,173.24
4168,1377,180,3,934.34
4169,1378,33,3,1315.19
4170,1378,25,2,194.7
4171,1378,130,1,708.87
4172,1378,182,3,868.07
4173,1378,122,1,1232.62
4174,1379,184,3,648.71
4175,1379,180,1,934.34
4176,1379,166,2,1551.05
4177,1380,148,3,997.56
4178,1380,14,2,1567.54
4179,1380,118,2,752.95
4180,1381,112,2,1868.92
4181,1381,17,3,1426.24
4182,1381,44,3,652.14
4183,1381,6,1,1717.52
4184,1381,144,2,717.16
4185,1382,181,2,1756.53
4186,1382,38,1,364.93
4187,1382,17,3,1426.24
4188,1382,175,2,1110.27
4189,1383,65,2,669.47
4190,1383,187,2,1251.92
4191,1383,8,3,1733.56
4192,1383,183,1,1038.61
4193,1383,154,2,1454.99
4194,1384,170,2,1621.97
4195,1384,116,3,1861.29
4196,1385,85,3,1047.88
4197,1385,60,2,46.61
4198,1385,146,1,1779.53
4199,1386,175,1,1110.27
4200,1386,151,3,209.68
4201,1386,81,2,1211.99
4202,1386,2,3,1574.66
4203,1386,157,1,1603.19
4204,1387,158,1,289.85
4205,1388,106,1,1070.35
4206,1388,187,3,1251.92
4207,1388,42,1,1063.31
4208,1388,188,1,1283.77
4209,1388,50,1,1335.93
4210,1389,187,1,1251.92
4211,1389,31,2,107.63
4212,1389,85,3,1047.88
4213,1389,23,3,905.85
4214,1390,105,1,573.43
4215,1390,98,2,1999.95
4216,1390,179,1,1944.9
4217,1390,122,1,1232.62
4218,1391,91,2,623.91
4219,1391,46,2,167.76
4220,1391,182,2,868.07
4221,1392,48,2,1511.11
4222,1393,52,3,606.33
4223,1393,59,1,1282.08
4224,1393,90,2,167.6
4225,1393,166,2,1551.05
4226,1394,135,2,692.88
4227,1395,156,1,1344.01
4228,1396,16,1,1695.36
4229,1396,175,3,1110.27
4230,1396,96,1,728.38
4231,1396,25,1,194.7
4232,1396,44,2,652.14
4233,1397,79,2,1110.86
4234,1397,8,1,1733.56
4235,1397,146,1,1779.53
4236,1397,145,1,667.19
4237,1398,128,1,1074.43
4238,1398,47,3,1216.12
4239,1398,138,1,931.92
4240,1398,56,3,797.16
4241,1398,89,2,507.73
4242,1399,46,1,167.76
4243,1399,113,2,172.33
4244,1399,181,1,1756.53
4245,1399,198,3,1723.66
4246,1399,130,1,708.87
4247,1400,31,3,107.63
4248,1400,80,1,1818.55
4249,1400,75,3,117.06
4250,1400,28,3,190.99
4251,1400,90,1,167.6
4252,1401,128,1,1074.43
4253,1402,40,3,1316.4
4254,1402,157,2,1603.19
4255,1402,87,2,1359.4
4256,1402,117,1,1006.5
4257,1402,169,3,349.45
4258,1403,17,1,1426.24
4259,1403,87,2,1359.4
4260,1403,64,1,1741.7
4261,1403,94,2,1341.88
4262,1403,37,1,1858.52
4263,1404,16,3,1695.36
4264,1404,123,3,515.57
4265,1404,169,1,349.45
4266,1405,24,3,1655.7
4267,1405,170,3,1621.97
4268,1405,168,3,249.66
4269,1405,83,3,173.24
4270,1405,135,3,692.88
4271,1406,194,2,1913.52
4272,1406,140,2,1553.5
4273,1406,165,1,1037.9
4274,1406,52,2,606.33
4275,1407,75,2,117.06
4276,1407,161,2,311.11
4277,1408,97,2,1895.6
4278,1408,22,1,233.26
4279,1408,126,2,100.26
4280,1408,7,3,505.06
4281,1409,157,2,1603.19
4282,1409,100,3,676.84
4283,1409,79,3,1110.86
4284,1409,128,1,1074.43
4285,1410,11,3,844.82
4286,1410,49,3,226.23
4287,1410,23,3,905.85
4288,1410,79,1,1110.86
4289,1410,151,3,209.68
4290,1411,190,1,87.18
4291,1411,13,1,1010.16
4292,1411,137,2,707.84
4293,1412,49,3,226.23
4294,1412,91,2,623.91
4295,1412,138,3,931.92
4296,1412,14,3,1567.54
4297,1413,46,1,167.76
4298,1413,131,1,1330.42
4299,1413,95,1,1342.56
4300,1413,175,2,1110.27
4301,1413,179,1,1944.9
4302,1414,183,1,1038.61
4303,1414,82,3,903.79
4304,1415,127,3,226.16
4305,1415,53,3,582.45
4306,1416,4,1,435.82
4307,1416,12,2,899.31
4308,1416,98,1,1999.95
4309,1416,53,1,582.45
4310,1416,177,3,622.03
4311,1417,46,2,167.76
4312,1417,100,2,676.84
4313,1417,59,1,1282.08
4314,1418,37,1,1858.52
4315,1418,154,3,1454.99
4316,1419,109,3,1057.28
4317,1419,175,3,1110.27
4318,1419,147,2,681.38
4319,1420,168,2,249.66
4320,1420,189,2,1319.17
4321,1421,107,2,738.84
4322,1422,72,2,1848.69
4323,1422,49,3,226.23
4324,1422,200,1,487.27
4325,1422,125,3,1553.46
4326,1423,11,1,844.82
4327,1423,179,3,1944.9
4328,1423,197,3,931.56
4329,1423,115,1,1893.09
4330,1424,164,1,1921.24
4331,1425,41,2,1268.18
4332,1426,47,3,1216.12
4333,1427,43,3,685.09
4334,1427,190,3,87.18
4335,1427,66,3,1268.28
4336,1428,73,2,635.7
4337,1428,138,1,931.92
4338,1428,74,1,887.21
4339,1428,146,2,1779.53
4340,1429,23,2,905.85
4341,1429,143,1,949.43
4342,1430,133,2,1747.3
4343,1430,10,2,352.62
4344,1431,29,1,1114.96
4345,1432,100,1,676.84
4346,1433,196,3,124.53
4347,1434,62,2,876.24
4348,1435,95,3,1342.56
4349,1435,113,1,172.33
4350,1435,190,3,87.18
4351,1435,37,3,1858.52
4352,1435,114,1,1811.09
4353,1436,186,1,504.96
4354,1436,82,3,903.79
4355,1437,40,2,1316.4
4356,1438,45,1,315.38
4357,1438,90,3,167.6
4358,1438,119,1,1679.16
4359,1439,98,1,1999.95
4360,1439,40,1,1316.4
4361,1439,75,1,117.06
4362,1439,130,3,708.87
4363,1440,86,3,1836.28
4364,1440,169,2,349.45
4365,1441,113,1,172.33
4366,1442,155,2,1996.31
4367,1442,136,3,1471.7
4368,1443,37,2,1858.52
4369,1443,141,1,407.17
4370,1444,176,1,263.89
4371,1445,133,3,1747.3
4372,1445,137,1,707.84
4373,1445,5,3,1549.87
4374,1445,159,2,256.83
4375,1446,10,3,352.62
4376,1446,37,1,1858.52
4377,1446,27,1,1846.36
4378,1447,1,3,1327.22
4379,1447,145,1,667.19
4380,1447,15,1,1288.46
4381,1447,100,3,676.84
4382,1448,145,3,667.19
4383,1449,6,3,1717.52
4384,1450,147,3,681.38
4385,1450,166,3,1551.05
4386,1450,99,2,1689.63
4387,1450,73,2,635.7
4388,1451,175,3,1110.27
4389,1451,126,2,100.26
4390,1452,163,1,737.07
4391,1452,117,2,1006.5
4392,1452,123,3,515.57
4393,1453,58,3,1153.64
4394,1453,37,3,1858.52
4395,1453,74,1,887.21
4396,1454,66,1,1268.28
4397,1454,42,2,1063.31
4398,1454,95,2,1342.56
4399,1454,190,1,87.18
4400,1455,118,2,752.95
4401,1456,59,1,1282.08
4402,1456,103,2,878.16
4403,1456,33,2,1315.19
4404,1456,161,2,311.11
4405,1456,91,2,623.91
4406,1457,114,2,1811.09
4407,1457,100,2,676.84
4408,1457,119,3,1679.16
4409,1457,94,2,1341.88
4410,1458,186,1,504.96
4411,1458,136,1,1471.7
4412,1459,183,3,1038.61
4413,1459,49,1,226.23
4414,1460,94,2,1341.88
4415,1460,119,3,1679.16
4416,1460,141,2,407.17
4417,1460,196,1,124.53
4418,1460,105,2,573.43
4419,1461,121,3,1663.07
4420,1461,28,3,190.99
4421,1462,77,1,1664.23
4422,1462,199,1,265.88
4423,1462,160,1,768.79
4424,1462,106,2,1070.35
4425,1463,41,1,1268.18
4426,1463,169,2,349.45
4427,1463,99,1,1689.63
4428,1463,133,3,1747.3
4429,1463,111,1,1284.15
4430,1464,146,3,1779.53
4431,1464,171,3,698.11
4432,1464,45,3,315.38
4433,1464,70,1,1902.83
4434,1465,148,2,997.56
4435,1465,51,2,1968.97
4436,1465,39,1,705.29
4437,1465,106,3,1070.35
4438,1466,196,2,124.53
4439,1466,125,3,1553.46
4440,1467,136,1,1471.7
4441,1467,189,1,1319.17
4442,1467,161,1,311.11
4443,1467,10,1,352.62
4444,1467,174,1,477.29
4445,1468,85,1,1047.88
4446,1469,92,1,1192.11
4447,1469,52,1,606.33
4448,1469,191,2,95.7
4449,1470,93,3,1120.05
4450,1471,150,2,1990.22
4451,1471,115,3,1893.09
4452,1471,122,1,1232.62
4453,1472,78,1,1190.19
4454,1472,26,1,513.51
4455,1472,144,1,717.16
4456,1473,31,1,107.63
4457,1473,137,3,707.84
4458,1473,159,3,256.83
4459,1473,105,3,573.43
4460,1474,180,1,934.34
4461,1474,72,3,1848.69
4462,1474,177,1,622.03
4463,1474,64,2,1741.7
4464,1475,194,1,1913.52
4465,1476,98,2,1999.95
4466,1476,122,2,1232.62
4467,1477,197,3,931.56
4468,1477,6,3,1717.52
4469,1478,113,1,172.33
4470,1478,150,2,1990.22
4471,1478,147,1,681.38
4472,1479,172,1,1703.47
4473,1479,146,2,1779.53
4474,1479,89,1,507.73
4475,1479,87,1,1359.4
4476,1480,160,3,768.79
4477,1480,77,2,1664.23
4478,1481,29,1,1114.96
4479,1481,172,3,1703.47
4480,1482,75,2,117.06
4481,1482,183,3,1038.61
4482,1482,22,2,233.26
4483,1483,160,3,768.79
4484,1484,44,3,652.14
4485,1484,94,2,1341.88
4486,1484,65,3,669.47
4487,1484,50,1,1335.93
4488,1485,82,1,903.79
4489,1485,43,3,685.09
4490,1485,14,2,1567.54
4491,1485,167,2,1992.75
4492,1486,111,3,1284.15
4493,1486,87,3,1359.4
4494,1486,11,2,844.82
4495,1486,70,3,1902.83
4496,1487,86,3,1836.28
4497,1488,34,3,1691.52
4498,1489,189,3,1319.17
4499,1490,78,2,1190.19
4500,1491,121,2,1663.07
4501,1491,98,1,1999.95
4502,1492,179,2,1944.9
4503,1492,97,3,1895.6
4504,1492,86,2,1836.28
4505,1493,182,3,868.07
4506,1493,88,2,662.73
4507,1493,34,3,1691.52
4508,1493,89,1,507.73
4509,1494,73,3,635.7
4510,1494,69,1,1206.79
4511,1494,22,3,233.26
4512,1494,116,2,1861.29
4513,1495,30,1,248.85
4514,1495,6,1,1717.52
4515,1495,33,1,1315.19
4516,1495,196,2,124.53
4517,1495,28,1,190.99
4518,1496,147,1,681.38
4519,1496,61,1,922.89
4520,1497,186,1,504.96
4521,1498,159,3,256.83
4522,1498,19,3,553.66
4523,1498,40,2,1316.4
4524,1499,171,1,698.11
4525,1499,28,1,190.99
4526,1499,157,3,1603.19
4527,1500,52,1,606.33
4528,1500,191,1,95.7
4529,1501,184,1,648.71
4530,1502,111,3,1284.15
4531,1503,54,3,1495.29
4532,1503,13,1,1010.16
4533,1504,83,2,173.24
4534,1504,161,1,311.11
4535,1504,136,3,1471.7
4536,1504,50,2,1335.93
4537,1505,181,3,1756.53
4538,1505,48,3,1511.11
4539,1505,121,1,1663.07
4540,1505,74,2,887.21
4541,1505,188,1,1283.77
4542,1506,2,1,1574.66
4543,1506,21,3,1013.57
4544,1506,46,3,167.76
4545,1506,51,1,1968.97
4546,1506,68,3,210.1
4547,1507,180,1,934.34
4548,1508,48,1,1511.11
4549,1508,83,1,173.24
4550,1509,163,2,737.07
4551,1509,152,3,894.6
4552,1509,76,3,926.18
4553,1509,154,2,1454.99
4554,1510,110,2,1603.51
4555,1510,65,3,669.47
4556,1511,136,3,1471.7
4557,1511,2,3,1574.66
4558,1512,73,1,635.7
4559,1512,194,1,1913.52
4560,1512,42,1,1063.31
4561,1513,89,2,507.73
4562,1513,188,1,1283.77
4563,1513,16,3,1695.36
4564,1513,159,3,256.83
4565,1514,4,2,435.82
4566,1514,191,3,95.7
4567,1514,173,2,1019.97
4568,1514,23,3,905.85
4569,1515,174,2,477.29
4570,1515,17,2,1426.24
4571,1515,146,2,1779.53
4572,1515,68,3,210.1
4573,1515,187,2,1251.92
4574,1516,128,2,1074.43
4575,1516,77,2,1664.23
4576,1516,196,3,124.53
4577,1517,59,1,1282.08
4578,1517,151,1,209.68
4579,1518,105,2,573.43
4580,1518,120,2,279.51
4581,1518,119,2,1679.16
4582,1519,116,2,1861.29
4583,1519,40,2,1316.4
4584,1519,37,1,1858.52
4585,1519,189,1,1319.17
4586,1520,98,2,1999.95
4587,1520,162,2,890.66
4588,1520,39,1,705.29
4589,1521,170,1,1621.97
4590,1521,45,1,315.38
4591,1521,39,1,705.29
4592,1521,152,1,894.6
4593,1522,121,1,1663.07
4594,1522,39,1,705.29
4595,1522,70,2,1902.83
4596,1522,87,2,1359.4
4597,1523,78,2,1190.19
4598,1523,141,1,407.17
4599,1524,125,3,1553.46
4600,1524,156,2,1344.01
4601,1525,112,1,1868.92
4602,1525,41,2,1268.18
4603,1525,125,1,1553.46
4604,1525,171,1,698.11
4605,1526,181,2,1756.53
4606,1526,123,1,515.57
4607,1526,156,1,1344.01
4608,1527,127,2,226.16
4609,1527,56,3,797.16
4610,1527,107,1,738.84
4611,1527,126,2,100.26
4612,1527,4,3,435.82
4613,1528,176,3,263.89
4614,1528,159,1,256.83
4615,1528,110,3,1603.51
4616,1529,136,2,1471.7
4617,1529,73,3,635.7
4618,1530,177,3,622.03
4619,1530,33,2,1315.19
4620,1530,95,1,1342.56
4621,1531,115,2,1893.09
4622,1532,64,1,1741.7
4623,1532,54,2,1495.29
4624,1532,84,3,499.25
4625,1532,177,2,622.03
4626,1533,143,2,949.43
4627,1533,88,3,662.73
4628,1533,148,1,997.56
4629,1534,83,3,173.24
4630,1534,162,1,890.66
4631,1535,157,2,1603.19
4632,1535,61,1,922.89
4633,1535,64,2,1741.7
4634,1535,126,3,100.26
4635,1535,145,1,667.19
4636,1536,193,1,1279.79
4637,1536,38,3,364.93
4638,1536,160,2,768.79
4639,1536,83,2,173.24
4640,1537,187,1,1251.92
4641,1537,69,2,1206.79
4642,1537,18,3,647.61
4643,1537,116,1,1861.29
4644,1537,100,2,676.84
4645,1538,122,1,1232.62
4646,1539,163,2,737.07
4647,1539,1,2,1327.22
4648,1540,124,2,1880.75
4649,1540,144,2,717.16
4650,1540,38,3,364.93
4651,1540,70,3,1902.83
4652,1540,82,1,903.79
4653,1541,153,1,1381.08
4654,1541,155,2,1996.31
4655,1542,189,1,1319.17
4656,1543,130,3,708.87
4657,1543,73,1,635.7
4658,1543,64,2,1741.7
4659,1543,97,2,1895.6
4660,1543,109,1,1057.28
4661,1544,76,1,926.18
4662,1544,7,3,505.06
4663,1545,21,1,1013.57
4664,1545,95,2,1342.56
4665,1545,120,3,279.51
4666,1545,199,2,265.88
4667,1546,41,1,1268.18
4668,1546,153,2,1381.08
4669,1546,114,2,1811.09
4670,1546,195,2,815.15
4671,1546,81,1,1211.99
4672,1547,117,2,1006.5
4673,1547,73,1,635.7
4674,1547,42,1,1063.31
4675,1547,151,1,209.68
4676,1547,33,2,1315.19
4677,1548,123,2,515.57
4678,1548,95,3,1342.56
4679,1548,37,1,1858.52
4680,1548,81,3,1211.99
4681,1548,185,2,1895.23
4682,1549,102,3,1543.34
4683,1549,46,1,167.76
4684,1549,84,3,499.25
4685,1550,83,3,173.24
4686,1550,145,1,667.19
4687,1550,194,3,1913.52
4688,1551,186,3,504.96
4689,1552,128,1,1074.43
4690,1552,17,1,1426.24
4691,1553,27,1,1846.36
4692,1553,134,3,511.03
4693,1554,24,2,1655.7
4694,1554,194,2,1913.52
4695,1555,21,1,1013.57
4696,1555,106,2,1070.35
4697,1555,88,2,662.73
4698,1556,16,3,1695.36
4699,1556,135,1,692.88
4700,1556,107,3,738.84
4701,1556,165,1,1037.9
4702,1556,102,1,1543.34
4703,1557,41,1,1268.18
4704,1557,30,1,248.85
4705,1557,196,1,124.53
4706,1557,67,3,705.44
4707,1558,7,2,505.06
4708,1558,14,1,1567.54
4709,1558,165,1,1037.9
4710,1558,179,1,1944.9
4711,1558,58,1,1153.64
4712,1559,36,2,1949.22
4713,1559,129,2,291.44
4714,1560,194,1,1913.52
4715,1560,163,3,737.07
4716,1560,172,2,1703.47
4717,1560,102,2,1543.34
4718,1561,172,3,1703.47
4719,1562,141,3,407.17
4720,1562,18,1,647.61
4721,1562,11,1,844.82
4722,1562,52,1,606.33
4723,1563,126,3,100.26
4724,1563,2,2,1574.66
4725,1563,90,3,167.6
4726,1563,180,1,934.34
4727,1563,21,2,1013.57
4728,1564,39,1,705.29
4729,1564,138,3,931.92
4730,1565,73,2,635.7
4731,1565,69,1,1206.79
4732,1565,143,1,949.43
4733,1565,96,3,728.38
4734,1565,131,2,1330.42
4735,1566,51,2,1968.97
4736,1566,84,1,499.25
4737,1566,67,3,705.44
4738,1567,116,3,1861.29
4739,1567,8,3,1733.56
4740,1567,115,3,1893.09
4741,1568,198,1,1723.66
4742,1568,104,2,1440.57
4743,1568,53,1,582.45
4744,1568,48,3,1511.11
4745,1568,29,1,1114.96
4746,1569,195,3,815.15
4747,1569,146,3,1779.53
4748,1570,177,3,622.03
4749,1570,173,2,1019.97
4750,1570,55,2,1067.5
4751,1571,14,3,1567.54
4752,1571,166,2,1551.05
4753,1571,161,1,311.11
4754,1571,59,3,1282.08
4755,1572,80,1,1818.55
4756,1573,47,1,1216.12
4757,1573,86,2,1836.28
4758,1574,185,3,1895.23
4759,1574,84,1,499.25
4760,1574,118,2,752.95
4761,1574,101,2,756.56
4762,1575,153,3,1381.08
4763,1575,74,1,887.21
4764,1575,171,1,698.11
4765,1575,64,1,1741.7
4766,1575,20,3,1989.28
4767,1576,3,2,414.39
4768,1577,78,2,1190.19
4769,1578,187,1,1251.92
4770,1578,146,2,1779.53
4771,1578,41,1,1268.18
4772,1578,25,3,194.7
4773,1579,109,2,1057.28
4774,1579,190,1,87.18
4775,1580,107,2,738.84
4776,1580,168,1,249.66
4777,1580,6,1,1717.52
4778,1581,37,1,1858.52
4779,1581,68,1,210.1
4780,1581,117,3,1006.5
4781,1582,122,1,1232.62
4782,1583,29,1,1114.96
4783,1584,117,3,1006.5
4784,1584,149,3,1455.53
4785,1585,70,3,1902.83
4786,1585,6,2,1717.52
4787,1585,180,1,934.34
4788,1586,56,2,797.16
4789,1586,17,3,1426.24
4790,1587,8,2,1733.56
4791,1587,10,2,352.62
4792,1587,128,1,1074.43
4793,1587,111,1,1284.15
4794,1588,12,3,899.31
4795,1588,169,2,349.45
4796,1588,17,3,1426.24
4797,1588,198,2,1723.66
4798,1588,72,1,1848.69
4799,1589,7,1,505.06
4800,1589,172,1,1703.47
4801,1589,70,3,1902.83
4802,1590,1,2,1327.22
4803,1590,167,3,1992.75
4804,1590,12,3,899.31
4805,1590,145,2,667.19
4806,1591,184,1,648.71
4807,1591,191,2,95.7
4808,1592,23,2,905.85
4809,1592,154,2,1454.99
4810,1592,95,3,1342.56
4811,1593,96,2,728.38
4812,1593,169,3,349.45
4813,1594,139,2,368.64
4814,1594,38,2,364.93
4815,1594,83,1,173.24
4816,1594,189,3,1319.17
4817,1594,164,2,1921.24
4818,1595,120,2,279.51
4819,1595,89,1,507.73
4820,1595,197,3,931.56
4821,1596,173,2,1019.97
4822,1596,139,1,368.64
4823,1596,105,3,573.43
4824,1596,93,2,1120.05
4825,1597,86,3,1836.28
4826,1597,92,2,1192.11
4827,1598,193,1,1279.79
4828,1598,139,2,368.64
4829,1598,175,3,1110.27
4830,1598,43,3,685.09
4831,1599,154,3,1454.99
4832,1599,88,3,662.73
4833,1600,147,1,681.38
4834,1600,36,3,1949.22
4835,1601,21,3,1013.57
4836,1601,108,1,1540.03
4837,1601,29,3,1114.96
4838,1601,129,1,291.44
4839,1602,2,3,1574.66
4840,1602,66,1,1268.28
4841,1602,141,3,407.17
4842,1602,171,3,698.11
4843,1602,43,2,685.09
4844,1603,30,3,248.85
4845,1603,84,2,499.25
4846,1603,188,3,1283.77
4847,1603,96,3,728.38
4848,1604,57,2,42.39
4849,1604,148,3,997.56
4850,1604,90,1,167.6
4851,1604,192,1,425.56
4852,1605,40,3,1316.4
4853,1605,178,1,824.54
4854,1605,193,3,1279.79
4855,1605,49,1,226.23
4856,1606,37,1,1858.52
4857,1606,19,2,553.66
4858,1606,178,2,824.54
4859,1606,79,1,1110.86
4860,1607,164,1,1921.24
4861,1607,25,2,194.7
4862,1607,49,1,226.23
4863,1607,7,1,505.06
4864,1607,5,1,1549.87
4865,1608,18,2,647.61
4866,1609,31,2,107.63
4867,1609,109,1,1057.28
4868,1609,92,3,1192.11
4869,1609,170,3,1621.97
4870,1610,88,1,662.73
4871,1610,100,2,676.84
4872,1610,96,2,728.38
4873,1611,151,1,209.68
4874,1611,123,3,515.57
4875,1611,163,2,737.07
4876,1611,158,1,289.85
4877,1611,152,2,894.6
4878,1612,90,3,167.6
4879,1612,8,2,1733.56
4880,1612,66,2,1268.28
4881,1613,198,3,1723.66
4882,1613,26,2,513.51
4883,1613,109,3,1057.28
4884,1613,177,2,622.03
4885,1613,151,1,209.68
4886,1614,10,2,352.62
4887,1614,125,2,1553.46
4888,1614,195,3,815.15
4889,1614,23,1,905.85
4890,1615,63,3,1179.8
4891,1616,117,2,1006.5
4892,1617,62,1,876.24
4893,1617,155,2,1996.31
4894,1617,121,2,1663.07
4895,1618,199,2,265.88
4896,1618,181,1,1756.53
4897,1618,116,1,1861.29
4898,1618,56,3,797.16
4899,1618,158,1,289.85
4900,1619,173,1,1019.97
4901,1619,200,3,487.27
4902,1619,8,1,1733.56
4903,1619,130,2,708.87
4904,1619,114,2,1811.09
4905,1620,100,2,676.84
4906,1620,138,3,931.92
4907,1620,168,1,249.66
4908,1620,186,3,504.96
4909,1620,13,3,1010.16
4910,1621,45,1,315.38
4911,1621,116,2,1861.29
4912,1621,76,3,926.18
4913,1621,42,2,1063.31
4914,1622,29,1,1114.96
4915,1622,176,2,263.89
4916,1622,40,2,1316.4
4917,1622,20,1,1989.28
4918,1623,100,3,676.84
4919,1624,198,1,1723.66
4920,1624,97,2,1895.6
4921,1625,58,3,1153.64
4922,1625,88,3,662.73
4923,1626,59,1,1282.08
4924,1626,183,1,1038.61
4925,1626,114,1,1811.09
4926,1626,180,1,934.34
4927,1627,190,3,87.18
4928,1627,155,1,1996.31
4929,1628,128,1,1074.43
4930,1628,94,3,1341.88
4931,1628,179,3,1944.9
4932,1628,111,3,1284.15
4933,1629,163,2,737.07
4934,1629,140,2,1553.5
4935,1629,28,1,190.99
4936,1630,112,2,1868.92
4937,1630,143,1,949.43
4938,1630,180,1,934.34
4939,1631,68,3,210.1
4940,1632,122,1,1232.62
4941,1632,103,1,878.16
4942,1632,130,1,708.87
4943,1633,42,1,1063.31
4944,1634,48,3,1511.11
4945,1634,171,2,698.11
4946,1634,51,3,1968.97
4947,1634,115,2,1893.09
4948,1634,169,2,349.45
4949,1635,169,1,349.45
4950,1636,106,1,1070.35
4951,1636,30,1,248.85
4952,1636,144,2,717.16
4953,1636,11,1,844.82
4954,1636,60,3,46.61
4955,1637,3,1,414.39
4956,1637,96,1,728.38
4957,1637,16,3,1695.36
4958,1637,131,3,1330.42
4959,1638,150,2,1990.22
4960,1638,136,1,1471.7
4961,1638,3,2,414.39
4962,1639,123,1,515.57
4963,1639,55,3,1067.5
4964,1640,123,2,515.57
4965,1640,55,3,1067.5
4966,1640,26,3,513.51
4967,1640,45,3,315.38
4968,1641,19,1,553.66
4969,1641,38,1,364.93
4970,1641,171,2,698.11
4971,1641,33,3,1315.19
4972,1641,131,1,1330.42
4973,1642,43,3,685.09
4974,1642,64,2,1741.7
4975,1642,161,1,311.11
4976,1642,193,2,1279.79
4977,1642,106,2,1070.35
4978,1643,193,2,1279.79
4979,1644,83,2,173.24
4980,1645,50,3,1335.93
4981,1646,101,1,756.56
4982,1646,116,3,1861.29
4983,1646,156,1,1344.01
4984,1647,158,3,289.85
4985,1647,131,1,1330.42
4986,1647,105,1,573.43
4987,1647,166,3,1551.05
4988,1648,74,3,887.21
4989,1648,128,1,1074.43
4990,1648,198,2,1723.66
4991,1648,20,1,1989.28
4992,1648,111,3,1284.15
4993,1649,181,1,1756.53
4994,1650,95,2,1342.56
4995,1651,72,2,1848.69
4996,1651,119,3,1679.16
4997,1651,167,3,1992.75
4998,1651,88,2,662.73
4999,1652,121,2,1663.07
5000,1652,131,3,1330.42
5001,1652,125,3,1553.46
5002,1653,175,1,1110.27
5003,1653,155,2,1996.31
5004,1653,154,2,1454.99
5005,1653,170,1,1621.97
5006,1653,147,3,681.38
5007,1654,88,3,662.73
5008,1654,137,1,707.84
5009,1654,133,2,1747.3
5010,1654,158,3,289.85
5011,1655,70,3,1902.83
5012,1655,74,1,887.21
5013,1655,153,2,1381.08
5014,1656,62,2,876.24
5015,1656,145,2,667.19
5016,1656,49,1,226.23
5017,1657,133,2,1747.3
5018,1657,174,2,477.29
5019,1657,106,3,1070.35
5020,1658,172,3,1703.47
5021,1658,169,1,349.45
5022,1658,49,3,226.23
5023,1658,197,2,931.56
5024,1659,176,3,263.89
5025,1659,93,3,1120.05
5026,1660,83,1,173.24
5027,1660,53,1,582.45
5028,1660,119,3,1679.16
5029,1660,149,3,1455.53
5030,1660,134,2,511.03
5031,1661,53,3,582.45
5032,1661,154,2,1454.99
5033,1662,166,2,1551.05
5034,1662,128,1,1074.43
5035,1663,124,2,1880.75
5036,1663,184,3,648.71
5037,1663,70,2,1902.83
5038,1663,146,1,1779.53
5039,1664,156,1,1344.01
5040,1664,19,2,553.66
5041,1664,65,3,669.47
5042,1665,1,2,1327.22
5043,1665,18,2,647.61
5044,1665,49,3,226.23
5045,1665,66,3,1268.28
5046,1666,131,1,1330.42
5047,1666,146,2,1779.53
5048,1666,108,1,1540.03
5049,1667,161,2,311.11
5050,1667,126,2,100.26
5051,1667,153,2,1381.08
5052,1667,28,2,190.99
5053,1668,36,1,1949.22
5054,1669,93,1,1120.05
5055,1670,18,2,647.61
5056,1671,141,3,407.17
5057,1672,33,3,1315.19
5058,1672,25,2,194.7
5059,1672,191,1,95.7
5060,1673,170,3,1621.97
5061,1674,3,1,414.39
5062,1675,160,2,768.79
5063,1675,185,2,1895.23
5064,1675,71,1,1510.12
5065,1676,57,3,42.39
5066,1676,159,3,256.83
5067,1677,142,1,634.61
5068,1677,91,1,623.91
5069,1677,61,3,922.89
5070,1678,82,1,903.79
5071,1678,196,3,124.53
5072,1678,57,3,42.39
5073,1678,44,1,652.14
5074,1678,99,1,1689.63
5075,1679,147,3,681.38
5076,1680,70,2,1902.83
5077,1680,125,1,1553.46
5078,1680,32,1,211.68
5079,1680,25,2,194.7
5080,1680,64,3,1741.7
5081,1681,45,2,315.38
5082,1681,57,1,42.39
5083,1682,62,3,876.24
5084,1683,112,2,1868.92
5085,1683,149,2,1455.53
5086,1683,154,1,1454.99
5087,1684,26,2,513.51
5088,1684,21,3,1013.57
5089,1685,114,3,1811.09
5090,1685,39,2,705.29
5091,1685,190,1,87.18
5092,1685,99,3,1689.63
5093,1686,53,2,582.45
5094,1686,173,3,1019.97
5095,1686,126,2,100.26
5096,1687,6,3,1717.52
5097,1687,128,2,1074.43
5098,1687,130,2,708.87
5099,1688,53,3,582.45
5100,1688,96,3,728.38
5101,1688,37,3,1858.52
5102,1688,181,2,1756.53
5103,1688,20,1,1989.28
5104,1689,54,2,1495.29
5105,1689,56,2,797.16
5106,1689,81,1,1211.99
5107,1689,91,3,623.91
5108,1690,60,2,46.61
5109,1690,98,1,1999.95
5110,1690,154,3,1454.99
5111,1691,63,3,1179.8
5112,1691,166,1,1551.05
5113,1691,179,2,1944.9
5114,1691,17,3,1426.24
5115,1691,116,2,1861.29
5116,1692,98,2,1999.95
5117,1692,6,3,1717.52
5118,1692,126,2,100.26
5119,1693,23,1,905.85
5120,1693,112,2,1868.92
5121,1693,66,2,1268.28
5122,1693,90,2,167.6
5123,1694,41,3,1268.18
5124,1694,44,3,652.14
5125,1694,57,3,42.39
5126,1694,150,3,1990.22
5127,1695,10,2,352.62
5128,1695,98,1,1999.95
5129,1696,24,1,1655.7
5130,1696,182,1,868.07
5131,1697,179,3,1944.9
5132,1697,142,2,634.61
5133,1697,13,2,1010.16
5134,1697,65,1,669.47
5135,1697,21,2,1013.57
5136,1698,112,1,1868.92
5137,1698,72,1,1848.69
5138,1699,80,1,1818.55
5139,1699,43,1,685.09
5140,1699,134,3,511.03
5141,1699,18,1,647.61
5142,1700,168,2,249.66
5143,1700,190,2,87.18
5144,1700,46,1,167.76
5145,1700,74,1,887.21
5146,1700,141,1,407.17
5147,1701,155,1,1996.31
5148,1701,183,1,1038.61
5149,1702,69,1,1206.79
5150,1703,32,2,211.68
5151,1703,200,3,487.27
5152,1703,119,1,1679.16
5153,1703,142,1,634.61
5154,1703,195,3,815.15
5155,1704,63,2,1179.8
5156,1704,3,1,414.39
5157,1705,132,3,1907.04
5158,1705,6,1,1717.52
5159,1705,129,2,291.44
5160,1706,43,2,685.09
5161,1706,13,1,1010.16
5162,1707,62,2,876.24
5163,1707,156,3,1344.01
5164,1708,119,1,1679.16
5165,1708,63,3,1179.8
5166,1708,117,1,1006.5
5167,1709,42,3,1063.31
5168,1709,164,1,1921.24
5169,1710,97,1,1895.6
5170,1711,74,2,887.21
5171,1712,126,3,100.26
5172,1712,174,3,477.29
5173,1712,194,2,1913.52
5174,1712,102,3,1543.34
5175,1712,141,2,407.17
5176,1713,91,2,623.91
5177,1713,156,2,1344.01
5178,1713,148,3,997.56
5179,1713,184,2,648.71
5180,1713,192,1,425.56
5181,1714,128,3,1074.43
5182,1714,33,2,1315.19
5183,1714,10,2,352.62
5184,1714,53,1,582.45
5185,1714,19,3,553.66
5186,1715,98,1,1999.95
5187,1715,97,2,1895.6
5188,1715,77,2,1664.23
5189,1715,96,1,728.38
5190,1716,56,2,797.16
5191,1717,116,3,1861.29
5192,1717,152,1,894.6
5193,1718,102,1,1543.34
5194,1718,63,1,1179.8
5195,1718,37,2,1858.52
5196,1719,125,3,1553.46
5197,1719,103,2,878.16
5198,1719,120,2,279.51
5199,1720,119,2,1679.16
5200,1720,34,1,1691.52
5201,1721,38,1,364.93
5202,1721,164,2,1921.24
5203,1722,14,2,1567.54
5204,1722,90,3,167.6
5205,1722,120,2,279.51
5206,1723,154,2,1454.99
5207,1724,132,1,1907.04
5208,1724,142,2,634.61
5209,1724,123,1,515.57
5210,1725,85,3,1047.88
5211,1725,50,1,1335.93
5212,1725,80,1,1818.55
5213,1726,38,3,364.93
5214,1727,70,3,1902.83
5215,1727,16,3,1695.36
5216,1727,7,2,505.06
5217,1727,131,1,1330.42
5218,1727,56,2,797.16
5219,1728,86,3,1836.28
5220,1728,157,2,1603.19
5221,1728,118,2,752.95
5222,1728,89,2,507.73
5223,1729,133,3,1747.3
5224,1730,113,2,172.33
5225,1731,196,3,124.53
5226,1731,132,3,1907.04
5227,1731,10,3,352.62
5228,1731,171,3,698.11
5229,1732,18,3,647.61
5230,1732,40,2,1316.4
5231,1732,97,3,1895.6
5232,1732,85,3,1047.88
5233,1732,170,3,1621.97
5234,1733,37,1,1858.52
5235,1733,196,3,124.53
5236,1733,51,2,1968.97
5237,1734,101,1,756.56
5238,1734,57,2,42.39
5239,1734,11,1,844.82
5240,1735,50,3,1335.93
5241,1735,108,1,1540.03
5242,1736,39,2,705.29
5243,1736,110,1,1603.51
5244,1736,141,1,407.17
5245,1736,146,1,1779.53
5246,1737,10,3,352.62
5247,1737,68,2,210.1
5248,1738,57,2,42.39
5249,1739,173,1,1019.97
5250,1739,127,1,226.16
5251,1740,88,2,662.73
5252,1740,158,2,289.85
5253,1740,187,3,1251.92
5254,1740,96,3,728.38
5255,1741,190,3,87.18
5256,1741,85,1,1047.88
5257,1741,162,3,890.66
5258,1741,171,3,698.11
5259,1741,84,3,499.25
5260,1742,134,1,511.03
5261,1742,175,1,1110.27
5262,1742,72,1,1848.69
5263,1742,153,2,1381.08
5264,1742,200,2,487.27
5265,1743,85,2,1047.88
5266,1743,131,3,1330.42
5267,1743,77,2,1664.23
5268,1744,152,2,894.6
5269,1745,28,1,190.99
5270,1745,38,1,364.93
5271,1745,143,1,949.43
5272,1746,40,3,1316.4
5273,1746,26,2,513.51
5274,1746,179,2,1944.9
5275,1746,139,3,368.64
5276,1747,108,1,1540.03
5277,1747,146,1,1779.53
5278,1747,85,1,1047.88
5279,1747,77,3,1664.23
5280,1748,170,1,1621.97
5281,1748,17,2,1426.24
5282,1748,199,2,265.88
5283,1748,81,2,1211.99
5284,1749,107,1,738.84
5285,1749,122,2,1232.62
5286,1750,31,2,107.63
5287,1750,79,2,1110.86
5288,1750,61,2,922.89
5289,1751,55,1,1067.5
5290,1751,104,3,1440.57
5291,1751,111,1,1284.15
5292,1751,61,2,922.89
5293,1751,74,1,887.21
5294,1752,84,1,499.25
5295,1752,152,1,894.6
5296,1752,97,3,1895.6
5297,1752,22,1,233.26
5298,1752,26,1,513.51
5299,1753,110,1,1603.51
5300,1753,127,1,226.16
5301,1753,24,1,1655.7
5302,1753,179,2,1944.9
5303,1753,166,1,1551.05
5304,1754,35,2,1150.33
5305,1755,174,2,477.29
5306,1755,176,3,263.89
5307,1755,180,3,934.34
5308,1756,11,1,844.82
5309,1757,85,3,1047.88
5310,1757,26,1,513.51
5311,1757,10,1,352.62
5312,1758,1,1,1327.22
5313,1758,50,2,1335.93
5314,1758,44,3,652.14
5315,1758,101,2,756.56
5316,1758,126,3,100.26
5317,1759,19,2,553.66
5318,1759,157,3,1603.19
5319,1759,73,2,635.7
5320,1759,36,1,1949.22
5321,1759,17,3,1426.24
5322,1760,25,2,194.7
5323,1760,128,1,1074.43
5324,1760,156,2,1344.01
5325,1760,58,2,1153.64
5326,1760,177,3,622.03
5327,1761,178,2,824.54
5328,1761,122,2,1232.62
5329,1762,79,2,1110.86
5330,1762,76,1,926.18
5331,1762,168,2,249.66
5332,1762,181,3,1756.53
5333,1762,103,2,878.16
5334,1763,62,1,876.24
5335,1763,119,3,1679.16
5336,1764,10,1,352.62
5337,1764,21,3,1013.57
5338,1765,38,1,364.93
5339,1766,33,2,1315.19
5340,1766,39,2,705.29
5341,1766,186,3,504.96
5342,1766,19,2,553.66
5343,1767,62,1,876.24
5344,1767,184,3,648.71
5345,1767,124,3,1880.75
5346,1767,112,3,1868.92
5347,1767,105,3,573.43
5348,1768,78,1,1190.19
5349,1768,182,2,868.07
5350,1768,54,1,1495.29
5351,1768,122,2,1232.62
5352,1768,168,1,249.66
5353,1769,17,2,1426.24
5354,1769,13,2,1010.16
5355,1769,9,1,1581.02
5356,1770,119,2,1679.16
5357,1770,169,2,349.45
5358,1770,102,1,1543.34
5359,1770,182,2,868.07
5360,1771,169,3,349.45
5361,1771,81,1,1211.99
5362,1771,193,1,1279.79
5363,1771,146,1,1779.53
5364,1772,107,2,738.84
5365,1772,24,1,1655.7
5366,1772,125,1,1553.46
5367,1773,62,3,876.24
5368,1773,132,2,1907.04
5369,1774,52,2,606.33
5370,1774,185,1,1895.23
5371,1774,47,1,1216.12
5372,1775,183,2,1038.61
5373,1775,88,2,662.73
5374,1775,158,1,289.85
5375,1776,124,3,1880.75
5376,1777,55,2,1067.5
5377,1777,38,3,364.93
5378,1778,71,3,1510.12
5379,1778,136,1,1471.7
5380,1778,101,2,756.56
5381,1778,152,3,894.6
5382,1778,157,1,1603.19
5383,1779,185,3,1895.23
5384,1779,152,2,894.6
5385,1779,141,1,407.17
5386,1779,75,2,117.06
5387,1780,5,3,1549.87
5388,1780,105,1,573.43
5389,1780,151,2,209.68
5390,1781,119,2,1679.16
5391,1781,156,3,1344.01
5392,1781,147,1,681.38
5393,1781,60,2,46.61
5394,1782,77,1,1664.23
5395,1782,167,3,1992.75
5396,1782,10,3,352.62
5397,1783,102,3,1543.34
5398,1783,68,1,210.1
5399,1783,2,1,1574.66
5400,1784,116,2,1861.29
5401,1784,62,1,876.24
5402,1785,13,3,1010.16
5403,1785,20,2,1989.28
5404,1785,71,1,1510.12
5405,1785,138,3,931.92
5406,1786,197,1,931.56
5407,1786,154,2,1454.99
5408,1786,170,3,1621.97
5409,1787,137,3,707.84
5410,1787,170,2,1621.97
5411,1788,61,2,922.89
5412,1789,186,1,504.96
5413,1789,85,1,1047.88
5414,1789,46,3,167.76
5415,1789,140,2,1553.5
5416,1789,168,1,249.66
5417,1790,166,1,1551.05
5418,1790,63,1,1179.8
5419,1790,123,1,515.57
5420,1791,44,3,652.14
5421,1791,169,2,349.45
5422,1791,75,2,117.06
5423,1792,110,3,1603.51
5424,1792,53,1,582.45
5425,1793,25,2,194.7
5426,1793,196,3,124.53
5427,1793,74,3,887.21
5428,1794,164,1,1921.24
5429,1794,18,1,647.61
5430,1794,20,1,1989.28
5431,1794,40,2,1316.4
5432,1794,32,1,211.68
5433,1795,196,2,124.53
5434,1796,32,3,211.68
5435,1796,129,2,291.44
5436,1796,197,3,931.56
5437,1797,124,3,1880.75
5438,1798,72,1,1848.69
5439,1798,22,2,233.26
5440,1798,92,1,1192.11
5441,1798,24,3,1655.7
5442,1798,91,2,623.91
5443,1799,159,1,256.83
5444,1800,42,1,1063.31
5445,1801,42,3,1063.31
5446,1801,134,1,511.03
5447,1801,177,2,622.03
5448,1802,8,2,1733.56
5449,1802,88,1,662.73
5450,1802,100,3,676.84
5451,1803,55,3,1067.5
5452,1803,43,2,685.09
5453,1803,49,3,226.23
5454,1803,159,3,256.83
5455,1804,191,1,95.7
5456,1805,143,2,949.43
5457,1805,198,3,1723.66
5458,1805,118,2,752.95
5459,1805,100,1,676.84
5460,1806,10,2,352.62
5461,1807,1,2,1327.22
5462,1807,147,1,681.38
5463,1808,167,3,1992.75
5464,1808,87,1,1359.4
5465,1808,107,2,738.84
5466,1809,22,3,233.26
5467,1809,35,3,1150.33
5468,1809,25,1,194.7
5469,1809,153,3,1381.08
5470,1810,122,3,1232.62
5471,1810,127,3,226.16
5472,1811,31,3,107.63
5473,1811,160,2,768.79
5474,1811,9,1,1581.02
5475,1812,138,1,931.92
5476,1812,109,1,1057.28
5477,1812,76,1,926.18
5478,1813,171,2,698.11
5479,1813,36,2,1949.22
5480,1813,179,1,1944.9
5481,1814,88,3,662.73
5482,1814,106,2,1070.35
5483,1814,20,1,1989.28
5484,1815,79,1,1110.86
5485,1815,190,1,87.18
5486,1815,77,2,1664.23
5487,1815,105,2,573.43
5488,1816,183,1,1038.61
5489,1816,24,3,1655.7
5490,1817,154,2,1454.99
5491,1817,26,2,513.51
5492,1817,93,2,1120.05
5493,1817,30,1,248.85
5494,1817,25,1,194.7
5495,1818,55,2,1067.5
5496,1818,150,2,1990.22
5497,1818,21,3,1013.57
5498,1818,60,3,46.61
5499,1818,13,1,1010.16
5500,1819,148,3,997.56
5501,1819,177,2,622.03
5502,1819,140,1,1553.5
5503,1819,77,2,1664.23
5504,1819,142,1,634.61
5505,1820,108,2,1540.03
5506,1820,24,2,1655.7
5507,1820,169,3,349.45
5508,1821,36,1,1949.22
5509,1822,151,1,209.68
5510,1823,123,1,515.57
5511,1824,93,2,1120.05
5512,1824,104,1,1440.57
5513,1824,139,3,368.64
5514,1824,28,3,190.99
5515,1825,21,1,1013.57
5516,1825,86,1,1836.28
5517,1826,180,1,934.34
5518,1826,27,3,1846.36
5519,1826,162,3,890.66
5520,1826,5,1,1549.87
5521,1826,121,1,1663.07
5522,1827,62,2,876.24
5523,1827,105,3,573.43
5524,1827,2,3,1574.66
5525,1827,175,1,1110.27
5526,1827,134,2,511.03
5527,1828,61,3,922.89
5528,1828,16,2,1695.36
5529,1828,111,1,1284.15
5530,1828,55,3,1067.5
5531,1828,157,2,1603.19
5532,1829,35,2,1150.33
5533,1829,104,3,1440.57
5534,1829,152,2,894.6
5535,1830,64,3,1741.7
5536,1830,158,2,289.85
5537,1830,32,2,211.68
5538,1831,128,1,1074.43
5539,1831,1,3,1327.22
5540,1831,30,2,248.85
5541,1831,104,3,1440.57
5542,1831,152,1,894.6
5543,1832,48,1,1511.11
5544,1832,165,1,1037.9
5545,1832,149,3,1455.53
5546,1832,31,1,107.63
5547,1832,172,1,1703.47
5548,1833,191,3,95.7
5549,1833,12,1,899.31
5550,1834,35,3,1150.33
5551,1834,56,1,797.16
5552,1834,71,3,1510.12
5553,1834,29,1,1114.96
5554,1835,179,1,1944.9
5555,1836,28,1,190.99
5556,1836,88,1,662.73
5557,1836,53,3,582.45
5558,1836,115,3,1893.09
5559,1837,95,2,1342.56
5560,1838,97,2,1895.6
5561,1838,169,2,349.45
5562,1838,133,3,1747.3
5563,1838,175,1,1110.27
5564,1839,53,2,582.45
5565,1839,100,1,676.84
5566,1840,126,2,100.26
5567,1840,71,1,1510.12
5568,1841,1,1,1327.22
5569,1841,111,1,1284.15
5570,1841,119,1,1679.16
5571,1842,135,1,692.88
5572,1842,75,2,117.06
5573,1842,53,1,582.45
5574,1842,106,2,1070.35
5575,1843,46,1,167.76
5576,1843,110,2,1603.51
5577,1843,197,3,931.56
5578,1844,151,2,209.68
5579,1845,78,2,1190.19
5580,1845,165,1,1037.9
5581,1845,58,3,1153.64
5582,1846,123,1,515.57
5583,1846,100,2,676.84
5584,1846,70,1,1902.83
5585,1847,35,3,1150.33
5586,1847,5,2,1549.87
5587,1847,200,2,487.27
5588,1847,61,1,922.89
5589,1848,131,3,1330.42
5590,1848,165,2,1037.9
5591,1848,38,3,364.93
5592,1848,29,2,1114.96
5593,1848,69,3,1206.79
5594,1849,70,3,1902.83
5595,1850,80,3,1818.55
5596,1850,192,1,425.56
5597,1850,104,1,1440.57
5598,1850,6,2,1717.52
5599,1850,17,2,1426.24
5600,1851,194,3,1913.52
5601,1851,172,3,1703.47
5602,1852,136,1,1471.7
5603,1852,47,1,1216.12
5604,1852,161,2,311.11
5605,1852,128,3,1074.43
5606,1852,1,3,1327.22
5607,1853,146,1,1779.53
5608,1853,88,1,662.73
5609,1853,1,1,1327.22
5610,1853,124,3,1880.75
5611,1854,185,2,1895.23
5612,1854,196,3,124.53
5613,1854,109,2,1057.28
5614,1855,52,3,606.33
5615,1855,161,3,311.11
5616,1855,103,2,878.16
5617,1855,172,1,1703.47
5618,1855,155,2,1996.31
5619,1856,160,1,768.79
5620,1856,51,2,1968.97
5621,1856,63,2,1179.8
5622,1856,84,2,499.25
5623,1857,137,2,707.84
5624,1857,86,1,1836.28
5625,1858,144,1,717.16
5626,1858,5,3,1549.87
5627,1858,177,1,622.03
5628,1858,20,1,1989.28
5629,1859,12,3,899.31
5630,1859,53,3,582.45
5631,1859,120,1,279.51
5632,1859,106,1,1070.35
5633,1860,113,1,172.33
5634,1860,184,1,648.71
5635,1860,35,2,1150.33
5636,1860,57,1,42.39
5637,1860,189,1,1319.17
5638,1861,3,1,414.39
5639,1861,151,2,209.68
5640,1861,105,3,573.43
5641,1862,116,3,1861.29
5642,1862,54,1,1495.29
5643,1862,24,1,1655.7
5644,1862,88,2,662.73
5645,1862,61,3,922.89
5646,1863,192,2,425.56
5647,1863,162,3,890.66
5648,1863,195,2,815.15
5649,1863,62,3,876.24
5650,1863,12,1,899.31
5651,1864,126,1,100.26
5652,1865,85,3,1047.88
5653,1865,26,1,513.51
5654,1865,23,3,905.85
5655,1865,129,2,291.44
5656,1866,110,3,1603.51
5657,1867,92,3,1192.11
5658,1867,193,3,1279.79
5659,1867,116,1,1861.29
5660,1868,190,1,87.18
5661,1869,6,1,1717.52
5662,1869,171,1,698.11
5663,1869,71,3,1510.12
5664,1869,50,1,1335.93
5665,1869,45,3,315.38
5666,1870,51,1,1968.97
5667,1870,54,1,1495.29
5668,1871,118,2,752.95
5669,1871,16,1,1695.36
5670,1871,170,3,1621.97
5671,1872,9,3,1581.02
5672,1872,31,3,107.63
5673,1873,94,2,1341.88
5674,1873,161,3,311.11
5675,1874,40,2,1316.4
5676,1874,177,2,622.03
5677,1874,17,1,1426.24
5678,1874,41,1,1268.18
5679,1875,9,3,1581.02
5680,1875,137,2,707.84
5681,1875,45,1,315.38
5682,1876,196,1,124.53
5683,1877,19,2,553.66
5684,1877,40,1,1316.4
5685,1878,59,3,1282.08
5686,1878,180,3,934.34
5687,1878,43,3,685.09
5688,1878,69,3,1206.79
5689,1879,152,3,894.6
5690,1879,150,3,1990.22
5691,1879,85,3,1047.88
5692,1879,116,3,1861.29
5693,1879,41,1,1268.18
5694,1880,109,2,1057.28
5695,1880,45,2,315.38
5696,1880,157,2,1603.19
5697,1880,114,3,1811.09
5698,1881,188,1,1283.77
5699,1881,198,1,1723.66
5700,1882,76,2,926.18
5701,1882,97,1,1895.6
5702,1882,198,3,1723.66
5703,1882,138,1,931.92
5704,1883,14,3,1567.54
5705,1883,59,3,1282.08
5706,1884,29,3,1114.96
5707,1884,144,3,717.16
5708,1884,123,3,515.57
5709,1884,102,1,1543.34
5710,1884,167,1,1992.75
5711,1885,47,1,1216.12
5712,1885,138,3,931.92
5713,1885,60,3,46.61
5714,1885,33,3,1315.19
5715,1885,62,1,876.24
5716,1886,138,1,931.92
5717,1886,142,2,634.61
5718,1887,138,1,931.92
5719,1887,24,1,1655.7
5720,1887,67,1,705.44
5721,1887,86,2,1836.28
5722,1887,141,2,407.17
5723,1888,36,3,1949.22
5724,1888,57,3,42.39
5725,1889,133,1,1747.3
5726,1890,114,3,1811.09
5727,1890,19,1,553.66
5728,1890,109,3,1057.28
5729,1890,185,2,1895.23
5730,1890,163,2,737.07
5731,1891,175,2,1110.27
5732,1891,71,1,1510.12
5733,1892,196,1,124.53
5734,1893,199,3,265.88
5735,1894,186,1,504.96
5736,1895,83,1,173.24
5737,1896,21,1,1013.57
5738,1896,22,2,233.26
5739,1896,177,3,622.03
5740,1896,49,3,226.23
5741,1896,124,2,1880.75
5742,1897,162,3,890.66
5743,1898,7,2,505.06
5744,1898,185,3,1895.23
5745,1898,39,1,705.29
5746,1898,91,3,623.91
5747,1898,81,3,1211.99
5748,1899,193,1,1279.79
5749,1899,75,1,117.06
5750,1899,67,3,705.44
5751,1900,154,3,1454.99
5752,1900,172,3,1703.47
5753,1901,74,1,887.21
5754,1901,126,1,100.26
5755,1901,134,1,511.03
5756,1901,197,2,931.56
5757,1902,160,1,768.79
5758,1902,11,3,844.82
5759,1902,81,2,1211.99
5760,1902,98,2,1999.95
5761,1902,121,1,1663.07
5762,1903,154,1,1454.99
5763,1904,170,2,1621.97
5764,1905,97,3,1895.6
5765,1905,89,2,507.73
5766,1906,93,3,1120.05
5767,1907,71,3,1510.12
5768,1907,136,1,1471.7
5769,1907,39,1,705.29
5770,1907,104,2,1440.57
5771,1907,97,1,1895.6
5772,1908,131,2,1330.42
5773,1908,59,3,1282.08
5774,1908,83,1,173.24
5775,1909,80,2,1818.55
5776,1909,44,3,652.14
5777,1909,148,1,997.56
5778,1910,183,2,1038.61
5779,1910,11,1,844.82
5780,1910,161,1,311.11
5781,1910,121,2,1663.07
5782,1910,14,3,1567.54
5783,1911,143,3,949.43
5784,1911,118,3,752.95
5785,1911,159,3,256.83
5786,1911,91,1,623.91
5787,1911,5,1,1549.87
5788,1912,16,2,1695.36
5789,1913,32,2,211.68
5790,1914,136,3,1471.7
5791,1914,32,3,211.68
5792,1914,143,1,949.43
5793,1915,161,3,311.11
5794,1915,188,1,1283.77
5795,1915,67,3,705.44
5796,1916,128,2,1074.43
5797,1916,64,3,1741.7
5798,1916,133,1,1747.3
5799,1916,50,3,1335.93
5800,1917,103,2,878.16
5801,1918,40,1,1316.4
5802,1918,173,1,1019.97
5803,1919,159,1,256.83
5804,1919,174,3,477.29
5805,1919,76,3,926.18
5806,1919,186,3,504.96
5807,1920,105,1,573.43
5808,1920,77,1,1664.23
5809,1920,41,2,1268.18
5810,1921,95,3,1342.56
5811,1921,185,3,1895.23
5812,1922,55,2,1067.5
5813,1922,27,1,1846.36
5814,1922,80,2,1818.55
5815,1922,200,1,487.27
5816,1923,75,2,117.06
5817,1923,162,2,890.66
5818,1923,100,2,676.84
5819,1923,41,1,1268.18
5820,1924,104,3,1440.57
5821,1924,59,3,1282.08
5822,1925,88,1,662.73
5823,1925,140,2,1553.5
5824,1925,175,1,1110.27
5825,1926,172,1,1703.47
5826,1927,97,2,1895.6
5827,1927,79,3,1110.86
5828,1927,106,3,1070.35
5829,1927,72,3,1848.69
5830,1928,6,2,1717.52
5831,1928,198,1,1723.66
5832,1928,58,3,1153.64
5833,1928,188,3,1283.77
5834,1928,28,3,190.99
5835,1929,46,2,167.76
5836,1929,71,3,1510.12
5837,1929,85,3,1047.88
5838,1929,186,1,504.96
5839,1929,35,3,1150.33
5840,1930,10,3,352.62
5841,1930,75,1,117.06
5842,1930,176,2,263.89
5843,1931,53,1,582.45
5844,1931,56,2,797.16
5845,1932,135,3,692.88
5846,1932,66,2,1268.28
5847,1933,102,3,1543.34
5848,1934,37,1,1858.52
5849,1934,27,1,1846.36
5850,1935,117,3,1006.5
5851,1935,135,1,692.88
5852,1935,120,3,279.51
5853,1935,185,1,1895.23
5854,1935,32,1,211.68
5855,1936,24,1,1655.7
5856,1936,162,1,890.66
5857,1936,174,2,477.29
5858,1936,51,3,1968.97
5859,1936,127,2,226.16
5860,1937,11,1,844.82
5861,1937,105,3,573.43
5862,1938,22,3,233.26
5863,1939,128,2,1074.43
5864,1939,195,3,815.15
5865,1939,84,2,499.25
5866,1939,100,3,676.84
5867,1939,25,3,194.7
5868,1940,3,3,414.39
5869,1940,48,1,1511.11
5870,1940,54,2,1495.29
5871,1940,7,2,505.06
5872,1940,8,1,1733.56
5873,1941,33,3,1315.19
5874,1941,153,2,1381.08
5875,1941,135,2,692.88
5876,1941,4,2,435.82
5877,1941,63,3,1179.8
5878,1942,68,1,210.1
5879,1942,187,3,1251.92
5880,1942,73,2,635.7
5881,1942,153,1,1381.08
5882,1943,175,2,1110.27
5883,1943,55,1,1067.5
5884,1943,101,1,756.56
5885,1943,95,1,1342.56
5886,1943,157,2,1603.19
5887,1944,19,3,553.66
5888,1944,32,2,211.68
5889,1944,135,1,692.88
5890,1944,164,3,1921.24
5891,1944,198,2,1723.66
5892,1945,60,3,46.61
5893,1945,102,2,1543.34
5894,1946,7,2,505.06
5895,1946,151,1,209.68
5896,1946,36,1,1949.22
5897,1947,56,3,797.16
5898,1947,156,3,1344.01
5899,1948,19,2,553.66
5900,1948,62,2,876.24
5901,1949,87,1,1359.4
5902,1949,108,2,1540.03
5903,1949,20,1,1989.28
5904,1950,34,2,1691.52
5905,1950,134,3,511.03
5906,1950,138,1,931.92
5907,1951,162,2,890.66
5908,1951,6,1,1717.52
5909,1951,200,2,487.27
5910,1952,110,3,1603.51
5911,1952,112,3,1868.92
5912,1952,191,1,95.7
5913,1952,12,1,899.31
5914,1953,110,1,1603.51
5915,1953,200,1,487.27
5916,1954,15,1,1288.46
5917,1954,134,2,511.03
5918,1955,102,1,1543.34
5919,1955,156,2,1344.01
5920,1955,23,1,905.85
5921,1955,196,3,124.53
5922,1956,19,1,553.66
5923,1956,83,1,173.24
5924,1956,191,1,95.7
5925,1956,55,2,1067.5
5926,1957,92,3,1192.11
5927,1957,14,3,1567.54
5928,1957,111,1,1284.15
5929,1958,147,2,681.38
5930,1958,28,2,190.99
5931,1958,125,3,1553.46
5932,1958,161,3,311.11
5933,1959,160,3,768.79
5934,1959,54,2,1495.29
5935,1960,192,1,425.56
5936,1960,11,2,844.82
5937,1960,30,3,248.85
5938,1961,136,2,1471.7
5939,1962,88,1,662.73
5940,1962,77,2,1664.23
5941,1963,189,1,1319.17
5942,1963,136,1,1471.7
5943,1963,35,3,1150.33
5944,1963,105,2,573.43
5945,1963,12,3,899.31
5946,1964,14,1,1567.54
5947,1965,116,1,1861.29
5948,1965,177,3,622.03
5949,1965,178,1,824.54
5950,1966,95,2,1342.56
5951,1966,145,2,667.19
5952,1966,149,3,1455.53
5953,1966,182,1,868.07
5954,1966,17,1,1426.24
5955,1967,66,3,1268.28
5956,1967,150,3,1990.22
5957,1967,43,3,685.09
5958,1967,104,3,1440.57
5959,1968,197,3,931.56
5960,1968,160,2,768.79
5961,1968,147,3,681.38
5962,1968,97,3,1895.6
5963,1969,195,3,815.15
5964,1969,154,2,1454.99
5965,1969,191,1,95.7
5966,1969,187,3,1251.92
5967,1969,174,2,477.29
5968,1970,138,3,931.92
5969,1970,94,2,1341.88
5970,1971,64,2,1741.7
5971,1971,38,1,364.93
5972,1971,85,3,1047.88
5973,1971,145,2,667.19
5974,1971,27,3,1846.36
5975,1972,50,1,1335.93
5976,1972,45,2,315.38
5977,1972,49,1,226.23
5978,1972,28,2,190.99
5979,1972,48,2,1511.11
5980,1973,144,1,717.16
5981,1973,15,3,1288.46
5982,1973,105,2,573.43
5983,1973,160,1,768.79
5984,1973,180,2,934.34
5985,1974,118,2,752.95
5986,1975,165,2,1037.9
5987,1976,192,2,425.56
5988,1976,56,3,797.16
5989,1977,134,1,511.03
5990,1977,156,2,1344.01
5991,1978,93,3,1120.05
5992,1978,167,3,1992.75
5993,1978,63,1,1179.8
5994,1978,134,2,511.03
5995,1978,36,1,1949.22
5996,1979,105,1,573.43
5997,1979,170,3,1621.97
5998,1979,31,3,107.63
5999,1980,112,2,1868.92
6000,1980,88,3,662.73
6001,1980,8,2,1733.56
6002,1980,141,3,407.17
6003,1980,38,3,364.93
6004,1981,112,2,1868.92
6005,1981,170,1,1621.97
6006,1982,98,3,1999.95
6007,1982,147,1,681.38
6008,1982,97,1,1895.6
6009,1982,89,1,507.73
6010,1982,105,3,573.43
6011,1983,110,1,1603.51
6012,1983,26,1,513.51
6013,1983,173,3,1019.97
6014,1983,176,2,263.89
6015,1984,87,2,1359.4
6016,1984,193,2,1279.79
6017,1984,31,3,107.63
6018,1984,65,1,669.47
6019,1984,50,1,1335.93
6020,1985,198,1,1723.66
6021,1985,80,1,1818.55
6022,1985,131,1,1330.42
6023,1985,70,2,1902.83
6024,1985,161,1,311.11
6025,1986,2,3,1574.66
6026,1987,112,1,1868.92
6027,1987,154,1,1454.99
6028,1987,101,2,756.56
6029,1987,100,3,676.84
6030,1987,17,1,1426.24
6031,1988,21,3,1013.57
6032,1989,157,1,1603.19
6033,1989,86,1,1836.28
6034,1990,97,3,1895.6
6035,1991,157,3,1603.19
6036,1992,21,3,1013.57
6037,1992,76,1,926.18
6038,1992,162,3,890.66
6039,1993,14,1,1567.54
6040,1993,117,3,1006.5
6041,1993,105,3,573.43
6042,1994,150,3,1990.22
6043,1994,114,2,1811.09
6044,1995,13,2,1010.16
6045,1995,187,1,1251.92
6046,1996,70,2,1902.83
6047,1996,5,2,1549.87
6048,1996,127,3,226.16
6049,1997,101,3,756.56
6050,1997,42,2,1063.31
6051,1997,15,1,1288.46
6052,1998,196,3,124.53
6053,1998,106,1,1070.35
6054,1998,172,2,1703.47
6055,1998,34,1,1691.52
6056,1999,24,2,1655.7
6057,1999,191,2,95.7
6058,1999,126,1,100.26
6059,1999,186,1,504.96
6060,1999,161,3,311.11
6061,2000,18,2,647.61
6062,2000,197,3,931.56
6063,2000,200,3,487.27
6064,2000,68,3,210.1
6065,2000,6,2,1717.52
6066,2001,50,1,1335.93
6067,2002,117,1,1006.5
6068,2002,60,1,46.61
6069,2003,92,1,1192.11
6070,2003,184,2,648.71
6071,2003,44,2,652.14
6072,2004,120,3,279.51
6073,2005,119,1,1679.16
6074,2006,43,1,685.09
6075,2006,174,1,477.29
6076,2007,42,2,1063.31
6077,2007,1,1,1327.22
6078,2007,98,3,1999.95
6079,2007,29,3,1114.96
6080,2007,57,2,42.39
6081,2008,120,3,279.51
6082,2008,127,3,226.16
6083,2009,97,1,1895.6
6084,2009,32,2,211.68
6085,2009,49,1,226.23
6086,2010,76,3,926.18
6087,2010,79,1,1110.86
6088,2010,68,3,210.1
6089,2010,152,2,894.6
6090,2010,13,1,1010.16
6091,2011,102,3,1543.34
6092,2011,76,1,926.18
6093,2012,111,2,1284.15
6094,2013,14,1,1567.54
6095,2013,61,3,922.89
6096,2013,116,2,1861.29
6097,2014,102,2,1543.34
6098,2015,28,3,190.99
6099,2015,37,3,1858.52
6100,2015,119,1,1679.16
6101,2015,190,1,87.18
6102,2015,128,1,1074.43
6103,2016,42,3,1063.31
6104,2017,126,3,100.26
6105,2018,47,3,1216.12
6106,2018,27,2,1846.36
6107,2018,161,1,311.11
6108,2018,50,3,1335.93
6109,2018,67,3,705.44
6110,2019,189,3,1319.17
6111,2019,126,3,100.26
6112,2019,188,2,1283.77
6113,2020,195,1,815.15
6114,2020,110,3,1603.51
6115,2021,30,1,248.85
6116,2021,132,3,1907.04
6117,2022,105,1,573.43
6118,2022,8,3,1733.56
6119,2022,87,2,1359.4
6120,2023,127,3,226.16
6121,2024,140,3,1553.5
6122,2024,185,1,1895.23
6123,2024,163,2,737.07
6124,2024,110,2,1603.51
6125,2024,104,3,1440.57
6126,2025,104,2,1440.57
6127,2026,104,1,1440.57
6128,2026,133,1,1747.3
6129,2027,196,3,124.53
6130,2027,1,1,1327.22
6131,2027,97,1,1895.6
6132,2028,47,3,1216.12
6133,2028,58,2,1153.64
6134,2029,173,2,1019.97
6135,2029,41,3,1268.18
6136,2029,23,3,905.85
6137,2030,4,3,435.82
6138,2030,199,2,265.88
6139,2030,86,1,1836.28
6140,2031,104,3,1440.57
6141,2031,146,1,1779.53
6142,2031,39,3,705.29
6143,2032,19,1,553.66
6144,2032,147,2,681.38
6145,2033,102,3,1543.34
6146,2033,117,3,1006.5
6147,2033,194,3,1913.52
6148,2033,153,3,1381.08
6149,2033,11,2,844.82
6150,2034,111,3,1284.15
6151,2034,160,3,768.79
6152,2035,140,1,1553.5
6153,2035,5,1,1549.87
6154,2035,41,2,1268.18
6155,2036,155,3,1996.31
6156,2037,170,2,1621.97
6157,2037,139,3,368.64
6158,2038,184,3,648.71
6159,2038,178,1,824.54
6160,2038,65,2,669.47
6161,2038,130,3,708.87
6162,2038,75,2,117.06
6163,2039,132,1,1907.04
6164,2039,142,2,634.61
6165,2039,162,2,890.66
6166,2039,17,2,1426.24
6167,2039,166,3,1551.05
6168,2040,130,3,708.87
6169,2040,118,2,752.95
6170,2040,193,1,1279.79
6171,2040,10,2,352.62
6172,2040,178,1,824.54
6173,2041,140,2,1553.5
6174,2041,103,2,878.16
6175,2042,51,1,1968.97
6176,2042,139,1,368.64
6177,2042,197,3,931.56
6178,2042,169,2,349.45
6179,2043,98,3,1999.95
6180,2043,200,1,487.27
6181,2043,20,3,1989.28
6182,2044,127,3,226.16
6183,2044,157,1,1603.19
6184,2044,137,3,707.84
6185,2044,99,3,1689.63
6186,2045,130,1,708.87
6187,2045,128,2,1074.43
6188,2045,184,3,648.71
6189,2045,40,3,1316.4
6190,2046,127,1,226.16
6191,2046,192,3,425.56
6192,2047,82,3,903.79
6193,2047,175,1,1110.27
6194,2047,135,3,692.88
6195,2047,1,3,1327.22
6196,2047,103,1,878.16
6197,2048,14,1,1567.54
6198,2048,179,3,1944.9
6199,2048,69,2,1206.79
6200,2049,98,3,1999.95
6201,2049,187,2,1251.92
6202,2049,159,3,256.83
6203,2049,85,1,1047.88
6204,2050,173,1,1019.97
6205,2051,72,1,1848.69
6206,2051,139,3,368.64
6207,2052,96,1,728.38
6208,2052,69,3,1206.79
6209,2052,65,2,669.47
6210,2053,152,2,894.6
6211,2053,101,3,756.56
6212,2053,51,2,1968.97
6213,2053,36,1,1949.22
6214,2054,163,3,737.07
6215,2054,35,3,1150.33
6216,2055,69,3,1206.79
6217,2055,101,1,756.56
6218,2055,57,2,42.39
6219,2055,50,2,1335.93
6220,2055,140,1,1553.5
6221,2056,21,2,1013.57
6222,2056,176,1,263.89
6223,2056,175,3,1110.27
6224,2057,185,2,1895.23
6225,2057,124,2,1880.75
6226,2057,46,1,167.76
6227,2058,44,1,652.14
6228,2058,104,2,1440.57
6229,2058,151,3,209.68
6230,2058,57,3,42.39
6231,2058,178,3,824.54
6232,2059,27,1,1846.36
6233,2059,58,3,1153.64
6234,2059,130,3,708.87
6235,2060,95,2,1342.56
6236,2060,94,3,1341.88
6237,2060,7,2,505.06
6238,2060,166,2,1551.05
6239,2061,84,2,499.25
6240,2061,5,3,1549.87
6241,2061,157,2,1603.19
6242,2061,83,2,173.24
6243,2061,194,1,1913.52
6244,2062,50,2,1335.93
6245,2063,31,1,107.63
6246,2063,173,2,1019.97
6247,2063,132,3,1907.04
6248,2063,148,2,997.56
6249,2063,20,1,1989.28
6250,2064,51,3,1968.97
6251,2065,149,1,1455.53
6252,2065,61,1,922.89
6253,2065,69,2,1206.79
6254,2066,101,1,756.56
6255,2066,79,2,1110.86
6256,2067,117,2,1006.5
6257,2067,28,1,190.99
6258,2067,84,1,499.25
6259,2068,187,2,1251.92
6260,2068,45,3,315.38
6261,2069,108,3,1540.03
6262,2069,122,3,1232.62
6263,2070,61,2,922.89
6264,2071,82,2,903.79
6265,2071,12,1,899.31
6266,2071,5,3,1549.87
6267,2071,159,3,256.83
6268,2072,73,1,635.7
6269,2073,199,2,265.88
6270,2074,117,3,1006.5
6271,2074,99,3,1689.63
6272,2075,179,3,1944.9
6273,2076,122,1,1232.62
6274,2076,144,2,717.16
6275,2076,16,1,1695.36
6276,2076,155,2,1996.31
6277,2076,188,2,1283.77
6278,2077,61,3,922.89
6279,2077,132,3,1907.04
6280,2078,103,2,878.16
6281,2078,42,3,1063.31
6282,2078,36,2,1949.22
6283,2079,15,3,1288.46
6284,2079,84,2,499.25
6285,2079,198,2,1723.66
6286,2079,150,3,1990.22
6287,2080,72,2,1848.69
6288,2080,77,3,1664.23
6289,2080,43,2,685.09
6290,2080,36,3,1949.22
6291,2081,190,3,87.18
6292,2081,172,3,1703.47
6293,2081,72,2,1848.69
6294,2082,109,2,1057.28
6295,2082,94,1,1341.88
6296,2082,82,3,903.79
6297,2082,183,1,1038.61
6298,2082,158,2,289.85
6299,2083,31,1,107.63
6300,2083,22,1,233.26
6301,2083,178,1,824.54
6302,2083,110,1,1603.51
6303,2083,86,1,1836.28
6304,2084,79,3,1110.86
6305,2084,96,1,728.38
6306,2085,166,3,1551.05
6307,2085,60,1,46.61
6308,2085,19,2,553.66
6309,2085,61,2,922.89
6310,2085,34,1,1691.52
6311,2086,2,2,1574.66
6312,2086,83,2,173.24
6313,2087,134,1,511.03
6314,2088,143,1,949.43
6315,2088,189,2,1319.17
6316,2088,47,2,1216.12
6317,2088,175,2,1110.27
6318,2089,135,3,692.88
6319,2089,158,2,289.85
6320,2089,99,1,1689.63
6321,2089,151,2,209.68
6322,2089,159,3,256.83
6323,2090,109,3,1057.28
6324,2090,115,2,1893.09
6325,2091,165,3,1037.9
6326,2091,106,1,1070.35
6327,2091,39,1,705.29
6328,2092,132,1,1907.04
6329,2092,190,2,87.18
6330,2092,181,2,1756.53
6331,2093,18,1,647.61
6332,2093,135,1,692.88
6333,2094,28,1,190.99
6334,2094,189,1,1319.17
6335,2094,35,3,1150.33
6336,2094,49,1,226.23
6337,2094,17,3,1426.24
6338,2095,161,2,311.11
6339,2096,24,1,1655.7
6340,2096,16,3,1695.36
6341,2096,97,1,1895.6
6342,2096,190,2,87.18
6343,2096,3,2,414.39
6344,2097,41,2,1268.18
6345,2097,53,2,582.45
6346,2097,184,1,648.71
6347,2097,142,3,634.61
6348,2098,197,2,931.56
6349,2098,121,3,1663.07
6350,2099,171,2,698.11
6351,2100,47,2,1216.12
6352,2100,90,2,167.6
6353,2101,67,3,705.44
6354,2101,192,3,425.56
6355,2101,93,2,1120.05
6356,2102,35,1,1150.33
6357,2102,98,2,1999.95
6358,2102,40,1,1316.4
6359,2102,147,3,681.38
6360,2103,131,3,1330.42
6361,2104,98,3,1999.95
6362,2104,169,1,349.45
6363,2104,142,2,634.61
6364,2104,62,1,876.24
6365,2105,47,2,1216.12
6366,2105,184,1,648.71
6367,2105,113,1,172.33
6368,2105,31,2,107.63
6369,2105,166,3,1551.05
6370,2106,51,3,1968.97
6371,2106,114,3,1811.09
6372,2107,145,3,667.19
6373,2107,168,1,249.66
6374,2108,84,1,499.25
6375,2109,40,3,1316.4
6376,2109,148,3,997.56
6377,2110,190,1,87.18
6378,2110,106,1,1070.35
6379,2111,84,3,499.25
6380,2111,169,2,349.45
6381,2111,150,1,1990.22
6382,2111,20,3,1989.28
6383,2112,37,2,1858.52
6384,2112,61,3,922.89
6385,2112,43,1,685.09
6386,2112,84,3,499.25
6387,2112,168,3,249.66
6388,2113,82,2,903.79
6389,2113,143,2,949.43
6390,2114,32,2,211.68
6391,2114,126,3,100.26
6392,2114,186,3,504.96
6393,2114,166,2,1551.05
6394,2115,42,2,1063.31
6395,2115,101,1,756.56
6396,2116,147,2,681.38
6397,2117,65,2,669.47
6398,2117,148,3,997.56
6399,2117,199,3,265.88
6400,2118,47,2,1216.12
6401,2119,150,1,1990.22
6402,2119,113,2,172.33
6403,2119,1,1,1327.22
6404,2119,48,1,1511.11
6405,2119,147,1,681.38
6406,2120,64,2,1741.7
6407,2120,171,3,698.11
6408,2120,153,2,1381.08
6409,2121,55,2,1067.5
6410,2122,36,3,1949.22
6411,2122,149,1,1455.53
6412,2122,143,1,949.43
6413,2123,8,1,1733.56
6414,2123,173,1,1019.97
6415,2124,102,1,1543.34
6416,2124,187,3,1251.92
6417,2124,186,1,504.96
6418,2125,10,2,352.62
6419,2125,12,3,899.31
6420,2126,156,3,1344.01
6421,2126,176,3,263.89
6422,2126,120,3,279.51
6423,2126,133,2,1747.3
6424,2127,176,3,263.89
6425,2127,54,3,1495.29
6426,2127,178,3,824.54
6427,2128,171,1,698.11
6428,2128,132,1,1907.04
6429,2128,92,3,1192.11
6430,2129,101,1,756.56
6431,2129,16,1,1695.36
6432,2129,193,2,1279.79
6433,2129,197,2,931.56
6434,2129,11,1,844.82
6435,2130,166,1,1551.05
6436,2130,21,2,1013.57
6437,2130,147,1,681.38
6438,2130,83,2,173.24
6439,2131,54,3,1495.29
6440,2131,187,1,1251.92
6441,2132,200,1,487.27
6442,2133,43,2,685.09
6443,2133,200,3,487.27
6444,2133,187,1,1251.92
6445,2133,151,1,209.68
6446,2133,192,2,425.56
6447,2134,123,3,515.57
6448,2134,71,3,1510.12
6449,2135,50,3,1335.93
6450,2135,15,2,1288.46
6451,2135,157,2,1603.19
6452,2135,51,1,1968.97
6453,2135,2,1,1574.66
6454,2136,128,2,1074.43
6455,2136,24,1,1655.7
6456,2136,156,3,1344.01
6457,2136,30,1,248.85
6458,2136,38,3,364.93
6459,2137,30,1,248.85
6460,2137,54,1,1495.29
6461,2138,105,1,573.43
6462,2138,120,1,279.51
6463,2138,193,1,1279.79
6464,2138,170,3,1621.97
6465,2139,30,1,248.85
6466,2140,104,1,1440.57
6467,2140,27,1,1846.36
6468,2140,34,3,1691.52
6469,2140,47,3,1216.12
6470,2141,115,1,1893.09
6471,2142,170,2,1621.97
6472,2142,191,1,95.7
6473,2142,136,1,1471.7
6474,2143,192,3,425.56
6475,2143,187,1,1251.92
6476,2143,55,2,1067.5
6477,2143,10,2,352.62
6478,2143,76,2,926.18
6479,2144,138,3,931.92
6480,2144,4,1,435.82
6481,2145,167,3,1992.75
6482,2145,171,1,698.11
6483,2145,78,1,1190.19
6484,2145,199,2,265.88
6485,2146,26,2,513.51
6486,2146,24,1,1655.7
6487,2147,175,2,1110.27
6488,2147,102,1,1543.34
6489,2147,161,3,311.11
6490,2147,135,3,692.88
6491,2147,36,2,1949.22
6492,2148,39,2,705.29
6493,2148,153,2,1381.08
6494,2149,5,1,1549.87
6495,2149,152,3,894.6
6496,2150,90,1,167.6
6497,2150,185,3,1895.23
6498,2150,98,3,1999.95
6499,2151,55,3,1067.5
6500,2152,153,3,1381.08
6501,2152,89,2,507.73
6502,2152,33,1,1315.19
6503,2152,200,1,487.27
6504,2152,178,1,824.54
6505,2153,31,2,107.63
6506,2153,37,2,1858.52
6507,2153,71,3,1510.12
6508,2153,49,2,226.23
6509,2154,94,1,1341.88
6510,2154,100,1,676.84
6511,2154,79,2,1110.86
6512,2154,196,1,124.53
6513,2154,34,3,1691.52
6514,2155,7,2,505.06
6515,2155,37,1,1858.52
6516,2156,32,2,211.68
6517,2156,93,1,1120.05
6518,2156,158,3,289.85
6519,2156,42,2,1063.31
6520,2157,16,3,1695.36
6521,2157,43,1,685.09
6522,2157,154,2,1454.99
6523,2158,111,2,1284.15
6524,2159,6,2,1717.52
6525,2159,106,3,1070.35
6526,2159,59,3,1282.08
6527,2159,34,1,1691.52
6528,2159,33,2,1315.19
6529,2160,67,3,705.44
6530,2160,41,3,1268.18
6531,2160,176,1,263.89
6532,2161,180,2,934.34
6533,2161,182,1,868.07
6534,2162,16,1,1695.36
6535,2162,32,3,211.68
6536,2163,104,3,1440.57
6537,2163,128,2,1074.43
6538,2163,145,2,667.19
6539,2164,79,2,1110.86
6540,2164,160,3,768.79
6541,2164,17,3,1426.24
6542,2164,95,2,1342.56
6543,2165,73,1,635.7
6544,2165,109,2,1057.28
6545,2165,45,2,315.38
6546,2166,36,2,1949.22
6547,2167,112,3,1868.92
6548,2167,1,1,1327.22
6549,2167,29,1,1114.96
6550,2167,12,3,899.31
6551,2168,10,1,352.62
6552,2169,189,2,1319.17
6553,2170,59,1,1282.08
6554,2170,26,2,513.51
6555,2170,116,1,1861.29
6556,2170,103,2,878.16
6557,2170,71,3,1510.12
6558,2171,140,1,1553.5
6559,2172,25,1,194.7
6560,2172,187,1,1251.92
6561,2172,172,3,1703.47
6562,2172,94,1,1341.88
6563,2172,115,3,1893.09
6564,2173,88,3,662.73
6565,2174,119,1,1679.16
6566,2175,131,2,1330.42
6567,2175,11,2,844.82
6568,2176,64,1,1741.7
6569,2177,183,1,1038.61
6570,2177,59,2,1282.08
6571,2177,86,2,1836.28
6572,2177,21,3,1013.57
6573,2178,126,2,100.26
6574,2178,77,1,1664.23
6575,2178,52,1,606.33
6576,2179,7,3,505.06
6577,2179,5,2,1549.87
6578,2180,90,3,167.6
6579,2180,137,3,707.84
6580,2181,115,2,1893.09
6581,2181,110,3,1603.51
6582,2181,181,2,1756.53
6583,2182,8,1,1733.56
6584,2182,53,2,582.45
6585,2182,31,1,107.63
6586,2182,144,3,717.16
6587,2183,156,1,1344.01
6588,2183,104,2,1440.57
6589,2184,112,1,1868.92
6590,2184,101,2,756.56
6591,2184,39,3,705.29
6592,2185,135,1,692.88
6593,2186,180,1,934.34
6594,2186,122,1,1232.62
6595,2187,69,2,1206.79
6596,2188,109,3,1057.28
6597,2188,26,3,513.51
6598,2188,80,1,1818.55
6599,2188,85,1,1047.88
6600,2189,13,2,1010.16
6601,2190,125,1,1553.46
6602,2190,171,1,698.11
6603,2190,120,3,279.51
6604,2190,32,3,211.68
6605,2190,65,2,669.47
6606,2191,61,3,922.89
6607,2191,140,3,1553.5
6608,2191,197,3,931.56
6609,2191,142,3,634.61
6610,2191,18,3,647.61
6611,2192,147,1,681.38
6612,2192,1,3,1327.22
6613,2192,81,3,1211.99
6614,2193,82,1,903.79
6615,2194,66,3,1268.28
6616,2195,129,3,291.44
6617,2195,10,2,352.62
6618,2195,151,2,209.68
6619,2195,77,3,1664.23
6620,2195,166,3,1551.05
6621,2196,164,1,1921.24
6622,2196,58,2,1153.64
6623,2196,166,3,1551.05
6624,2196,17,2,1426.24
6625,2197,107,2,738.84
6626,2198,143,2,949.43
6627,2198,192,1,425.56
6628,2198,75,1,117.06
6629,2198,27,1,1846.36
6630,2198,106,2,1070.35
6631,2199,13,3,1010.16
6632,2199,125,2,1553.46
6633,2199,123,1,515.57
6634,2200,45,2,315.38
6635,2200,196,2,124.53
6636,2201,54,3,1495.29
6637,2201,189,3,1319.17
6638,2202,153,3,1381.08
6639,2202,75,2,117.06
6640,2202,150,1,1990.22
6641,2202,146,1,1779.53
6642,2202,30,3,248.85
6643,2203,43,1,685.09
6644,2203,111,1,1284.15
6645,2203,170,1,1621.97
6646,2204,14,1,1567.54
6647,2204,132,1,1907.04
6648,2204,118,1,752.95
6649,2204,139,2,368.64
6650,2205,41,3,1268.18
6651,2206,162,3,890.66
6652,2207,25,1,194.7
6653,2207,140,2,1553.5
6654,2207,22,3,233.26
6655,2208,147,3,681.38
6656,2208,132,2,1907.04
6657,2208,153,1,1381.08
6658,2208,130,1,708.87
6659,2208,200,1,487.27
6660,2209,6,3,1717.52
6661,2209,188,3,1283.77
6662,2209,138,2,931.92
6663,2209,129,3,291.44
6664,2210,8,2,1733.56
6665,2210,19,3,553.66
6666,2210,140,1,1553.5
6667,2210,103,1,878.16
6668,2210,67,1,705.44
6669,2211,92,1,1192.11
6670,2211,134,3,511.03
6671,2211,132,2,1907.04
6672,2211,189,3,1319.17
6673,2212,113,1,172.33
6674,2212,3,1,414.39
6675,2212,139,1,368.64
6676,2213,139,2,368.64
6677,2213,12,2,899.31
6678,2213,108,2,1540.03
6679,2214,47,1,1216.12
6680,2215,145,2,667.19
6681,2215,22,1,233.26
6682,2215,77,3,1664.23
6683,2215,153,3,1381.08
6684,2216,41,3,1268.18
6685,2217,173,3,1019.97
6686,2217,152,3,894.6
6687,2217,70,2,1902.83
6688,2217,43,3,685.09
6689,2218,39,3,705.29
6690,2218,119,3,1679.16
6691,2218,186,2,504.96
6692,2218,193,3,1279.79
6693,2218,101,3,756.56
6694,2219,69,1,1206.79
6695,2220,91,1,623.91
6696,2220,59,3,1282.08
6697,2220,183,2,1038.61
6698,2220,31,1,107.63
6699,2220,67,2,705.44
6700,2221,12,1,899.31
6701,2221,127,1,226.16
6702,2221,142,2,634.61
6703,2221,165,2,1037.9
6704,2222,143,2,949.43
6705,2222,58,1,1153.64
6706,2222,86,2,1836.28
6707,2222,186,3,504.96
6708,2222,97,3,1895.6
6709,2223,47,3,1216.12
6710,2223,75,2,117.06
6711,2223,164,3,1921.24
6712,2223,12,3,899.31
6713,2224,157,3,1603.19
6714,2224,97,1,1895.6
6715,2224,99,3,1689.63
6716,2225,157,2,1603.19
6717,2225,110,2,1603.51
6718,2225,7,3,505.06
6719,2226,39,1,705.29
6720,2226,17,1,1426.24
6721,2226,114,3,1811.09
6722,2227,27,1,1846.36
6723,2227,99,2,1689.63
6724,2227,37,3,1858.52
6725,2228,162,2,890.66
6726,2228,105,3,573.43
6727,2229,33,1,1315.19
6728,2229,1,2,1327.22
6729,2229,129,3,291.44
6730,2229,147,2,681.38
6731,2229,200,3,487.27
6732,2230,59,2,1282.08
6733,2230,158,2,289.85
6734,2230,11,2,844.82
6735,2230,112,1,1868.92
6736,2230,36,3,1949.22
6737,2231,155,1,1996.31
6738,2231,148,3,997.56
6739,2231,18,1,647.61
6740,2231,109,1,1057.28
6741,2232,19,3,553.66
6742,2232,55,3,1067.5
6743,2232,29,1,1114.96
6744,2233,170,3,1621.97
6745,2233,194,1,1913.52
6746,2233,154,1,1454.99
6747,2234,28,3,190.99
6748,2234,60,2,46.61
6749,2234,55,1,1067.5
6750,2234,122,2,1232.62
6751,2235,64,2,1741.7
6752,2235,12,2,899.31
6753,2236,131,3,1330.42
6754,2236,25,1,194.7
6755,2236,103,1,878.16
6756,2236,86,2,1836.28
6757,2236,200,2,487.27
6758,2237,127,1,226.16
6759,2237,38,3,364.93
6760,2237,68,1,210.1
6761,2238,82,3,903.79
6762,2238,167,2,1992.75
6763,2238,9,2,1581.02
6764,2238,50,1,1335.93
6765,2239,107,3,738.84
6766,2239,103,2,878.16
6767,2239,17,3,1426.24
6768,2239,121,1,1663.07
6769,2239,194,3,1913.52
6770,2240,180,3,934.34
6771,2240,67,3,705.44
6772,2241,193,3,1279.79
6773,2241,140,1,1553.5
6774,2241,162,2,890.66
6775,2241,11,2,844.82
6776,2241,139,3,368.64
6777,2242,25,1,194.7
6778,2242,70,2,1902.83
6779,2243,106,1,1070.35
6780,2243,133,2,1747.3
6781,2243,27,3,1846.36
6782,2244,101,2,756.56
6783,2244,161,2,311.11
6784,2245,109,1,1057.28
6785,2245,158,3,289.85
6786,2245,170,3,1621.97
6787,2245,138,2,931.92
6788,2245,159,3,256.83
6789,2246,141,3,407.17
6790,2246,113,2,172.33
6791,2246,80,3,1818.55
6792,2246,130,1,708.87
6793,2246,98,2,1999.95
6794,2247,151,3,209.68
6795,2247,67,1,705.44
6796,2247,81,1,1211.99
6797,2248,158,1,289.85
6798,2249,174,2,477.29
6799,2249,47,2,1216.12
6800,2249,15,1,1288.46
6801,2249,176,3,263.89
6802,2249,200,2,487.27
6803,2250,90,1,167.6
6804,2251,122,1,1232.62
6805,2252,175,3,1110.27
6806,2252,187,3,1251.92
6807,2252,16,3,1695.36
6808,2252,59,2,1282.08
6809,2253,108,1,1540.03
6810,2253,81,2,1211.99
6811,2254,26,3,513.51
6812,2254,132,2,1907.04
6813,2255,96,2,728.38
6814,2255,154,2,1454.99
6815,2255,15,1,1288.46
6816,2256,7,3,505.06
6817,2257,78,2,1190.19
6818,2257,35,1,1150.33
6819,2257,77,1,1664.23
6820,2257,136,2,1471.7
6821,2257,149,2,1455.53
6822,2258,175,3,1110.27
6823,2258,71,2,1510.12
6824,2258,190,2,87.18
6825,2258,143,2,949.43
6826,2259,13,1,1010.16
6827,2259,84,1,499.25
6828,2259,112,2,1868.92
6829,2259,68,2,210.1
6830,2260,94,2,1341.88
6831,2260,126,3,100.26
6832,2260,194,1,1913.52
6833,2260,114,3,1811.09
6834,2261,79,1,1110.86
6835,2261,197,3,931.56
6836,2261,82,3,903.79
6837,2261,57,1,42.39
6838,2262,34,2,1691.52
6839,2262,63,2,1179.8
6840,2262,95,1,1342.56
6841,2262,67,3,705.44
6842,2263,198,2,1723.66
6843,2263,108,3,1540.03
6844,2264,14,3,1567.54
6845,2264,28,2,190.99
6846,2264,102,3,1543.34
6847,2265,89,3,507.73
6848,2265,59,2,1282.08
6849,2265,14,1,1567.54
6850,2265,3,1,414.39
6851,2265,178,1,824.54
6852,2266,39,1,705.29
6853,2266,76,2,926.18
6854,2267,123,2,515.57
6855,2267,178,2,824.54
6856,2267,169,1,349.45
6857,2267,122,2,1232.62
6858,2268,18,1,647.61
6859,2268,100,2,676.84
6860,2268,8,3,1733.56
6861,2268,27,1,1846.36
6862,2268,21,1,1013.57
6863,2269,129,3,291.44
6864,2269,65,3,669.47
6865,2269,137,2,707.84
6866,2270,2,3,1574.66
6867,2271,28,2,190.99
6868,2272,133,3,1747.3
6869,2272,102,1,1543.34
6870,2272,124,1,1880.75
6871,2272,183,1,1038.61
6872,2272,127,1,226.16
6873,2273,153,2,1381.08
6874,2273,92,1,1192.11
6875,2273,114,3,1811.09
6876,2273,4,2,435.82
6877,2273,70,2,1902.83
6878,2274,164,1,1921.24
6879,2274,109,1,1057.28
6880,2275,43,1,685.09
6881,2276,136,1,1471.7
6882,2276,65,3,669.47
6883,2277,88,3,662.73
6884,2277,59,3,1282.08
6885,2277,111,3,1284.15
6886,2277,89,2,507.73
6887,2278,13,1,1010.16
6888,2278,119,2,1679.16
6889,2278,142,2,634.61
6890,2278,90,3,167.6
6891,2278,163,1,737.07
6892,2279,33,3,1315.19
6893,2279,32,3,211.68
6894,2279,172,1,1703.47
6895,2280,84,1,499.25
6896,2280,65,1,669.47
6897,2280,93,3,1120.05
6898,2280,193,2,1279.79
6899,2280,69,2,1206.79
6900,2281,168,3,249.66
6901,2281,95,2,1342.56
6902,2281,74,2,887.21
6903,2282,51,1,1968.97
6904,2282,20,1,1989.28
6905,2283,40,2,1316.4
6906,2283,183,2,1038.61
6907,2284,158,3,289.85
6908,2284,196,3,124.53
6909,2284,189,3,1319.17
6910,2284,188,1,1283.77
6911,2284,126,2,100.26
6912,2285,199,1,265.88
6913,2285,102,3,1543.34
6914,2285,196,2,124.53
6915,2285,53,3,582.45
6916,2286,126,1,100.26
6917,2286,44,1,652.14
6918,2287,138,2,931.92
6919,2287,98,2,1999.95
6920,2287,176,3,263.89
6921,2287,44,1,652.14
6922,2287,19,3,553.66
6923,2288,16,1,1695.36
6924,2288,18,2,647.61
6925,2288,156,2,1344.01
6926,2288,100,3,676.84
6927,2288,64,3,1741.7
6928,2289,9,3,1581.02
6929,2289,99,1,1689.63
6930,2290,185,1,1895.23
6931,2290,140,2,1553.5
6932,2290,129,3,291.44
6933,2291,85,2,1047.88
6934,2291,59,1,1282.08
6935,2292,180,3,934.34
6936,2293,132,1,1907.04
6937,2294,113,3,172.33
6938,2294,122,1,1232.62
6939,2294,130,2,708.87
6940,2294,74,2,887.21
6941,2295,72,2,1848.69
6942,2295,66,3,1268.28
6943,2296,67,1,705.44
6944,2296,68,3,210.1
6945,2296,110,1,1603.51
6946,2297,93,3,1120.05
6947,2297,177,1,622.03
6948,2297,17,2,1426.24
6949,2297,122,3,1232.62
6950,2297,155,3,1996.31
6951,2298,4,3,435.82
6952,2299,62,1,876.24
6953,2299,165,1,1037.9
6954,2299,153,3,1381.08
6955,2300,129,3,291.44
6956,2300,132,3,1907.04
6957,2300,170,2,1621.97
6958,2300,66,3,1268.28
6959,2301,149,1,1455.53
6960,2301,109,3,1057.28
6961,2301,151,3,209.68
6962,2301,136,1,1471.7
6963,2301,132,2,1907.04
6964,2302,124,1,1880.75
6965,2302,149,2,1455.53
6966,2302,180,1,934.34
6967,2303,116,2,1861.29
6968,2303,175,2,1110.27
6969,2303,36,1,1949.22
6970,2304,23,3,905.85
6971,2305,139,1,368.64
6972,2305,192,2,425.56
6973,2305,98,1,1999.95
6974,2305,182,1,868.07
6975,2305,65,3,669.47
6976,2306,152,1,894.6
6977,2306,116,3,1861.29
6978,2307,61,1,922.89
6979,2307,146,1,1779.53
6980,2308,166,3,1551.05
6981,2309,128,1,1074.43
6982,2309,8,1,1733.56
6983,2309,101,3,756.56
6984,2309,41,3,1268.18
6985,2309,146,1,1779.53
6986,2310,143,1,949.43
6987,2310,55,1,1067.5
6988,2310,43,1,685.09
6989,2310,38,1,364.93
6990,2310,32,1,211.68
6991,2311,1,1,1327.22
6992,2311,5,3,1549.87
6993,2312,99,1,1689.63
6994,2312,119,1,1679.16
6995,2312,112,3,1868.92
6996,2312,98,3,1999.95
6997,2312,30,3,248.85
6998,2313,174,1,477.29
6999,2313,124,3,1880.75
7000,2313,184,1,648.71
7001,2313,99,2,1689.63
7002,2313,32,1,211.68
7003,2314,99,1,1689.63
7004,2314,24,3,1655.7
7005,2314,74,1,887.21
7006,2315,75,1,117.06
7007,2315,82,3,903.79
7008,2315,167,3,1992.75
7009,2315,63,1,1179.8
7010,2315,165,2,1037.9
7011,2316,108,3,1540.03
7012,2316,193,3,1279.79
7013,2316,197,1,931.56
7014,2317,81,2,1211.99
7015,2317,80,3,1818.55
7016,2318,174,1,477.29
7017,2318,26,1,513.51
7018,2318,9,3,1581.02
7019,2319,118,2,752.95
7020,2320,1,2,1327.22
7021,2320,95,2,1342.56
7022,2321,98,3,1999.95
7023,2321,113,1,172.33
7024,2321,20,2,1989.28
7025,2321,85,2,1047.88
7026,2321,6,3,1717.52
7027,2322,109,1,1057.28
7028,2322,69,3,1206.79
7029,2322,24,2,1655.7
7030,2322,19,2,553.66
7031,2323,23,3,905.85
7032,2323,182,1,868.07
7033,2323,24,2,1655.7
7034,2324,115,3,1893.09
7035,2325,26,3,513.51
7036,2325,103,2,878.16
7037,2325,158,3,289.85
7038,2326,11,2,844.82
7039,2326,134,3,511.03
7040,2326,158,1,289.85
7041,2326,4,2,435.82
7042,2327,141,1,407.17
7043,2327,52,2,606.33
7044,2327,76,3,926.18
7045,2327,142,3,634.61
7046,2328,145,3,667.19
7047,2328,160,2,768.79
7048,2328,104,1,1440.57
7049,2328,41,3,1268.18
7050,2328,100,1,676.84
7051,2329,111,1,1284.15
7052,2329,143,2,949.43
7053,2329,134,3,511.03
7054,2329,163,3,737.07
7055,2329,145,3,667.19
7056,2330,158,2,289.85
7057,2330,19,3,553.66
7058,2330,94,2,1341.88
7059,2330,8,1,1733.56
7060,2331,117,2,1006.5
7061,2331,20,2,1989.28
7062,2331,146,1,1779.53
7063,2332,61,2,922.89
7064,2332,33,3,1315.19
7065,2332,6,2,1717.52
7066,2332,23,2,905.85
7067,2332,34,3,1691.52
7068,2333,148,2,997.56
7069,2333,144,1,717.16
7070,2333,48,3,1511.11
7071,2333,98,1,1999.95
7072,2333,4,3,435.82
7073,2334,36,2,1949.22
7074,2334,19,2,553.66
7075,2334,119,3,1679.16
7076,2335,31,2,107.63
7077,2335,118,2,752.95
7078,2335,125,3,1553.46
7079,2336,172,3,1703.47
7080,2337,125,2,1553.46
7081,2337,76,3,926.18
7082,2338,20,3,1989.28
7083,2338,25,3,194.7
7084,2339,38,3,364.93
7085,2339,72,2,1848.69
7086,2339,24,1,1655.7
7087,2339,156,2,1344.01
7088,2339,183,2,1038.61
7089,2340,42,3,1063.31
7090,2340,37,2,1858.52
7091,2341,132,2,1907.04
7092,2341,151,1,209.68
7093,2341,20,3,1989.28
7094,2342,185,2,1895.23
7095,2342,188,1,1283.77
7096,2342,94,1,1341.88
7097,2343,89,1,507.73
7098,2343,175,2,1110.27
7099,2343,76,2,926.18
7100,2343,96,3,728.38
7101,2343,125,1,1553.46
7102,2344,148,1,997.56
7103,2345,94,1,1341.88
7104,2345,128,3,1074.43
7105,2346,5,2,1549.87
7106,2346,188,1,1283.77
7107,2346,13,3,1010.16
7108,2346,17,2,1426.24
7109,2346,162,2,890.66
7110,2347,14,1,1567.54
7111,2347,118,1,752.95
7112,2347,44,2,652.14
7113,2348,46,3,167.76
7114,2348,129,2,291.44
7115,2348,42,3,1063.31
7116,2348,144,2,717.16
7117,2349,15,1,1288.46
7118,2350,134,1,511.03
7119,2350,167,3,1992.75
7120,2350,133,2,1747.3
7121,2350,47,3,1216.12
7122,2351,62,1,876.24
7123,2351,24,2,1655.7
7124,2351,35,3,1150.33
7125,2351,108,2,1540.03
7126,2352,124,1,1880.75
7127,2353,90,3,167.6
7128,2354,24,1,1655.7
7129,2355,96,1,728.38
7130,2355,1,3,1327.22
7131,2355,157,1,1603.19
7132,2355,46,2,167.76
7133,2355,119,1,1679.16
7134,2356,21,2,1013.57
7135,2356,192,1,425.56
7136,2356,12,2,899.31
7137,2356,191,1,95.7
7138,2357,35,1,1150.33
7139,2357,52,2,606.33
7140,2357,12,3,899.31
7141,2357,9,2,1581.02
7142,2357,119,3,1679.16
7143,2358,2,2,1574.66
7144,2359,180,3,934.34
7145,2359,168,3,249.66
7146,2359,23,2,905.85
7147,2360,183,3,1038.61
7148,2360,84,1,499.25
7149,2360,179,3,1944.9
7150,2360,76,3,926.18
7151,2360,59,2,1282.08
7152,2361,152,2,894.6
7153,2361,143,2,949.43
7154,2361,147,1,681.38
7155,2361,55,3,1067.5
7156,2362,72,1,1848.69
7157,2362,121,2,1663.07
7158,2362,197,3,931.56
7159,2363,160,3,768.79
7160,2364,37,1,1858.52
7161,2364,122,1,1232.62
7162,2364,52,3,606.33
7163,2364,80,1,1818.55
7164,2364,138,1,931.92
7165,2365,86,2,1836.28
7166,2365,12,3,899.31
7167,2365,40,3,1316.4
7168,2366,104,2,1440.57
7169,2366,57,2,42.39
7170,2366,176,1,263.89
7171,2366,47,3,1216.12
7172,2366,18,2,647.61
7173,2367,66,2,1268.28
7174,2367,135,1,692.88
7175,2367,196,2,124.53
7176,2367,62,3,876.24
7177,2368,104,2,1440.57
7178,2369,112,1,1868.92
7179,2369,10,3,352.62
7180,2369,191,3,95.7
7181,2369,110,1,1603.51
7182,2369,115,3,1893.09
7183,2370,77,1,1664.23
7184,2370,139,3,368.64
7185,2370,129,2,291.44
7186,2371,82,2,903.79
7187,2371,59,3,1282.08
7188,2372,104,1,1440.57
7189,2372,36,2,1949.22
7190,2372,139,2,368.64
7191,2373,115,2,1893.09
7192,2374,181,2,1756.53
7193,2374,13,2,1010.16
7194,2374,101,3,756.56
7195,2375,91,2,623.91
7196,2375,21,1,1013.57
7197,2375,94,1,1341.88
7198,2376,47,3,1216.12
7199,2376,187,2,1251.92
7200,2376,3,2,414.39
7201,2376,153,1,1381.08
7202,2376,9,1,1581.02
7203,2377,162,1,890.66
7204,2377,180,3,934.34
7205,2377,80,3,1818.55
7206,2377,188,1,1283.77
7207,2378,26,1,513.51
7208,2378,22,2,233.26
7209,2379,100,1,676.84
7210,2379,25,2,194.7
7211,2379,154,2,1454.99
7212,2379,176,3,263.89
7213,2379,5,2,1549.87
7214,2380,14,1,1567.54
7215,2380,176,3,263.89
7216,2380,180,1,934.34
7217,2380,46,2,167.76
7218,2381,95,1,1342.56
7219,2381,60,3,46.61
7220,2381,81,1,1211.99
7221,2381,69,1,1206.79
7222,2381,179,1,1944.9
7223,2382,47,2,1216.12
7224,2382,113,3,172.33
7225,2383,16,2,1695.36
7226,2383,3,3,414.39
7227,2383,41,1,1268.18
7228,2384,82,1,903.79
7229,2385,55,2,1067.5
7230,2385,185,3,1895.23
7231,2385,47,3,1216.12
7232,2386,67,1,705.44
7233,2386,113,2,172.33
7234,2386,163,2,737.07
7235,2386,159,1,256.83
7236,2386,87,2,1359.4
7237,2387,196,2,124.53
7238,2388,34,3,1691.52
7239,2388,119,3,1679.16
7240,2389,91,3,623.91
7241,2390,173,3,1019.97
7242,2390,94,1,1341.88
7243,2390,165,1,1037.9
7244,2390,8,1,1733.56
7245,2390,60,2,46.61
7246,2391,174,2,477.29
7247,2391,160,3,768.79
7248,2391,56,1,797.16
7249,2392,177,1,622.03
7250,2392,149,1,1455.53
7251,2393,90,1,167.6
7252,2393,33,2,1315.19
7253,2393,9,1,1581.02
7254,2394,157,1,1603.19
7255,2394,179,3,1944.9
7256,2394,195,2,815.15
7257,2394,73,3,635.7
7258,2394,17,3,1426.24
7259,2395,57,3,42.39
7260,2396,158,2,289.85
7261,2396,45,2,315.38
7262,2396,140,1,1553.5
7263,2397,176,1,263.89
7264,2397,146,1,1779.53
7265,2397,88,2,662.73
7266,2398,19,2,553.66
7267,2398,9,3,1581.02
7268,2398,16,3,1695.36
7269,2398,105,1,573.43
7270,2399,102,3,1543.34
7271,2400,141,2,407.17
7272,2400,16,3,1695.36
7273,2400,19,2,553.66
7274,2400,140,2,1553.5
7275,2401,12,1,899.31
7276,2401,200,2,487.27
7277,2401,179,3,1944.9
7278,2402,178,3,824.54
7279,2402,175,1,1110.27
7280,2402,33,3,1315.19
7281,2403,146,2,1779.53
7282,2403,74,3,887.21
7283,2404,58,2,1153.64
7284,2404,6,2,1717.52
7285,2404,1,2,1327.22
7286,2405,195,1,815.15
7287,2405,41,1,1268.18
7288,2405,86,1,1836.28
7289,2405,84,3,499.25
7290,2406,3,1,414.39
7291,2406,19,2,553.66
7292,2406,127,2,226.16
7293,2407,34,2,1691.52
7294,2407,101,1,756.56
7295,2407,48,2,1511.11
7296,2408,66,1,1268.28
7297,2408,48,3,1511.11
7298,2408,150,3,1990.22
7299,2408,16,3,1695.36
7300,2408,161,1,311.11
7301,2409,57,2,42.39
7302,2409,79,1,1110.86
7303,2410,4,3,435.82
7304,2411,147,1,681.38
7305,2412,174,1,477.29
7306,2412,12,3,899.31
7307,2412,92,3,1192.11
7308,2412,63,3,1179.8
7309,2413,131,1,1330.42
7310,2413,65,1,669.47
7311,2413,63,1,1179.8
7312,2413,4,2,435.82
7313,2414,114,1,1811.09
7314,2414,57,2,42.39
7315,2414,35,3,1150.33
7316,2414,158,2,289.85
7317,2415,86,3,1836.28
7318,2415,194,2,1913.52
7319,2415,145,2,667.19
7320,2415,143,3,949.43
7321,2416,23,3,905.85
7322,2416,44,3,652.14
7323,2417,198,1,1723.66
7324,2417,109,1,1057.28
7325,2417,80,1,1818.55
7326,2417,43,2,685.09
7327,2417,102,3,1543.34
7328,2418,3,1,414.39
7329,2418,178,2,824.54
7330,2419,91,1,623.91
7331,2419,134,2,511.03
7332,2419,48,2,1511.11
7333,2420,7,1,505.06
7334,2420,178,2,824.54
7335,2420,153,1,1381.08
7336,2420,33,1,1315.19
7337,2421,42,3,1063.31
7338,2421,58,1,1153.64
7339,2421,183,1,1038.61
7340,2422,111,1,1284.15
7341,2422,180,1,934.34
7342,2423,186,3,504.96
7343,2423,170,1,1621.97
7344,2423,44,3,652.14
7345,2423,18,3,647.61
7346,2423,91,2,623.91
7347,2424,176,2,263.89
7348,2425,25,3,194.7
7349,2425,112,2,1868.92
7350,2425,28,1,190.99
7351,2425,198,3,1723.66
7352,2425,29,2,1114.96
7353,2426,141,3,407.17
7354,2426,21,2,1013.57
7355,2426,187,3,1251.92
7356,2427,177,3,622.03
7357,2427,121,1,1663.07
7358,2427,43,2,685.09
7359,2427,181,3,1756.53
7360,2428,12,2,899.31
7361,2428,182,1,868.07
7362,2428,13,2,1010.16
7363,2428,193,3,1279.79
7364,2428,198,3,1723.66
7365,2429,56,1,797.16
7366,2429,18,3,647.61
7367,2429,141,3,407.17
7368,2429,97,2,1895.6
7369,2429,156,1,1344.01
7370,2430,71,1,1510.12
7371,2430,85,3,1047.88
7372,2430,80,1,1818.55
7373,2430,14,1,1567.54
7374,2430,169,3,349.45
7375,2431,42,3,1063.31
7376,2431,1,1,1327.22
7377,2431,14,3,1567.54
7378,2431,46,2,167.76
7379,2432,33,1,1315.19
7380,2432,161,1,311.11
7381,2432,59,2,1282.08
7382,2432,35,1,1150.33
7383,2432,170,2,1621.97
7384,2433,125,1,1553.46
7385,2433,72,3,1848.69
7386,2433,168,1,249.66
7387,2434,192,3,425.56
7388,2434,29,3,1114.96
7389,2434,17,3,1426.24
7390,2434,108,1,1540.03
7391,2434,93,3,1120.05
7392,2435,173,1,1019.97
7393,2436,33,1,1315.19
7394,2437,13,3,1010.16
7395,2437,71,3,1510.12
7396,2438,57,1,42.39
7397,2438,34,3,1691.52
7398,2439,128,1,1074.43
7399,2439,92,1,1192.11
7400,2439,33,2,1315.19
7401,2439,179,3,1944.9
7402,2440,11,1,844.82
7403,2440,199,3,265.88
7404,2441,107,2,738.84
7405,2442,105,2,573.43
7406,2443,51,2,1968.97
7407,2443,1,3,1327.22
7408,2443,175,3,1110.27
7409,2443,15,1,1288.46
7410,2444,117,3,1006.5
7411,2444,118,1,752.95
7412,2444,92,3,1192.11
7413,2444,102,3,1543.34
7414,2445,34,1,1691.52
7415,2445,197,3,931.56
7416,2446,167,1,1992.75
7417,2447,23,1,905.85
7418,2447,107,2,738.84
7419,2447,175,2,1110.27
7420,2447,176,2,263.89
7421,2447,191,3,95.7
7422,2448,41,3,1268.18
7423,2449,56,3,797.16
7424,2449,31,3,107.63
7425,2449,8,2,1733.56
7426,2449,68,1,210.1
7427,2449,64,3,1741.7
7428,2450,101,1,756.56
7429,2450,42,1,1063.31
7430,2450,39,1,705.29
7431,2450,146,2,1779.53
7432,2451,4,2,435.82
7433,2451,129,3,291.44
7434,2451,15,2,1288.46
7435,2451,94,2,1341.88
7436,2452,118,1,752.95
7437,2452,193,3,1279.79
7438,2452,11,2,844.82
7439,2452,99,1,1689.63
7440,2453,147,3,681.38
7441,2454,93,2,1120.05
7442,2454,16,2,1695.36
7443,2454,78,2,1190.19
7444,2454,149,3,1455.53
7445,2455,113,2,172.33
7446,2456,51,1,1968.97
7447,2456,176,3,263.89
7448,2456,79,1,1110.86
7449,2456,155,3,1996.31
7450,2457,89,3,507.73
7451,2457,3,2,414.39
7452,2457,78,1,1190.19
7453,2457,166,2,1551.05
7454,2458,34,2,1691.52
7455,2458,44,1,652.14
7456,2459,31,2,107.63
7457,2459,23,1,905.85
7458,2459,76,2,926.18
7459,2459,38,3,364.93
7460,2460,190,3,87.18
7461,2460,88,3,662.73
7462,2461,69,1,1206.79
7463,2461,173,3,1019.97
7464,2461,39,3,705.29
7465,2462,163,3,737.07
7466,2462,11,3,844.82
7467,2462,137,3,707.84
7468,2462,189,1,1319.17
7469,2462,127,3,226.16
7470,2463,105,2,573.43
7471,2463,38,3,364.93
7472,2463,164,1,1921.24
7473,2463,62,3,876.24
7474,2463,186,3,504.96
7475,2464,175,3,1110.27
7476,2464,98,2,1999.95
7477,2464,68,1,210.1
7478,2464,57,1,42.39
7479,2464,52,3,606.33
7480,2465,118,3,752.95
7481,2465,48,1,1511.11
7482,2465,94,2,1341.88
7483,2466,61,1,922.89
7484,2466,58,3,1153.64
7485,2466,63,1,1179.8
7486,2466,67,1,705.44
7487,2466,52,1,606.33
7488,2467,172,2,1703.47
7489,2467,136,1,1471.7
7490,2467,128,2,1074.43
7491,2468,95,3,1342.56
7492,2468,120,2,279.51
7493,2468,200,3,487.27
7494,2469,173,2,1019.97
7495,2469,69,3,1206.79
7496,2469,128,3,1074.43
7497,2469,85,3,1047.88
7498,2469,117,2,1006.5
7499,2470,52,2,606.33
7500,2470,93,2,1120.05
7501,2470,62,3,876.24
7502,2471,70,3,1902.83
7503,2471,101,3,756.56
7504,2471,99,2,1689.63
7505,2471,187,1,1251.92
7506,2472,54,1,1495.29
7507,2472,72,2,1848.69
7508,2472,33,2,1315.19
7509,2472,21,2,1013.57
7510,2473,138,3,931.92
7511,2474,147,2,681.38
7512,2475,79,2,1110.86
7513,2475,131,3,1330.42
7514,2475,23,1,905.85
7515,2475,88,2,662.73
7516,2475,48,2,1511.11
7517,2476,98,1,1999.95
7518,2476,102,1,1543.34
7519,2476,78,1,1190.19
7520,2476,115,2,1893.09
7521,2476,47,2,1216.12
7522,2477,62,3,876.24
7523,2477,95,3,1342.56
7524,2478,69,1,1206.79
7525,2479,32,2,211.68
7526,2479,74,3,887.21
7527,2479,14,3,1567.54
7528,2479,171,3,698.11
7529,2480,64,2,1741.7
7530,2480,41,1,1268.18
7531,2481,199,1,265.88
7532,2481,82,3,903.79
7533,2481,80,1,1818.55
7534,2482,146,2,1779.53
7535,2482,106,1,1070.35
7536,2482,57,1,42.39
7537,2482,169,3,349.45
7538,2483,8,3,1733.56
7539,2484,127,3,226.16
7540,2485,43,1,685.09
7541,2485,37,2,1858.52
7542,2485,31,3,107.63
7543,2486,115,1,1893.09
7544,2486,24,1,1655.7
7545,2486,143,2,949.43
7546,2486,72,3,1848.69
7547,2486,82,2,903.79
7548,2487,111,2,1284.15
7549,2487,130,2,708.87
7550,2488,175,2,1110.27
7551,2488,167,1,1992.75
7552,2488,174,1,477.29
7553,2489,50,3,1335.93
7554,2489,165,1,1037.9
7555,2489,42,3,1063.31
7556,2489,166,3,1551.05
7557,2490,88,2,662.73
7558,2490,190,2,87.18
7559,2490,38,2,364.93
7560,2490,57,1,42.39
7561,2491,111,1,1284.15
7562,2491,103,1,878.16
7563,2491,175,2,1110.27
7564,2491,83,1,173.24
7565,2491,105,1,573.43
7566,2492,16,3,1695.36
7567,2492,166,3,1551.05
7568,2492,12,2,899.31
7569,2493,113,1,172.33
7570,2493,138,1,931.92
7571,2494,84,3,499.25
7572,2494,167,1,1992.75
7573,2494,133,1,1747.3
7574,2495,39,2,705.29
7575,2496,187,1,1251.92
7576,2496,33,2,1315.19
7577,2497,82,3,903.79
7578,2497,119,1,1679.16
7579,2498,109,1,1057.28
7580,2499,78,1,1190.19
7581,2499,59,2,1282.08
7582,2499,147,3,681.38
7583,2499,178,3,824.54
7584,2499,32,3,211.68
7585,2500,127,1,226.16
7586,2501,51,1,1968.97
7587,2502,97,2,1895.6
7588,2502,160,2,768.79
7589,2503,133,2,1747.3
7590,2503,199,1,265.88
7591,2504,154,3,1454.99
7592,2505,148,3,997.56
7593,2505,186,2,504.96
7594,2506,89,3,507.73
7595,2506,33,2,1315.19
7596,2507,91,1,623.91
7597,2507,169,1,349.45
7598,2507,175,1,1110.27
7599,2507,55,3,1067.5
7600,2507,61,3,922.89
7601,2508,59,3,1282.08
7602,2508,180,3,934.34
7603,2508,158,3,289.85
7604,2508,49,1,226.23
7605,2509,74,2,887.21
7606,2510,177,1,622.03
7607,2510,178,1,824.54
7608,2510,57,1,42.39
7609,2510,91,2,623.91
7610,2511,23,2,905.85
7611,2511,130,2,708.87
7612,2511,90,1,167.6
7613,2511,9,1,1581.02
7614,2512,118,3,752.95
7615,2512,12,2,899.31
7616,2512,131,1,1330.42
7617,2512,48,3,1511.11
7618,2512,100,1,676.84
7619,2513,98,1,1999.95
7620,2513,10,1,352.62
7621,2514,32,2,211.68
7622,2514,40,3,1316.4
7623,2514,102,3,1543.34
7624,2514,26,1,513.51
7625,2515,174,1,477.29
7626,2515,144,2,717.16
7627,2515,162,3,890.66
7628,2515,47,3,1216.12
7629,2515,181,2,1756.53
7630,2516,137,2,707.84
7631,2516,67,2,705.44
7632,2516,200,1,487.27
7633,2517,114,1,1811.09
7634,2517,193,1,1279.79
7635,2517,68,1,210.1
7636,2518,177,1,622.03
7637,2518,40,1,1316.4
7638,2519,5,2,1549.87
7639,2519,163,2,737.07
7640,2519,28,1,190.99
7641,2519,194,2,1913.52
7642,2519,156,3,1344.01
7643,2520,40,1,1316.4
7644,2520,184,1,648.71
7645,2520,171,3,698.11
7646,2520,176,2,263.89
7647,2520,162,2,890.66
7648,2521,97,1,1895.6
7649,2522,87,2,1359.4
7650,2522,55,1,1067.5
7651,2522,96,3,728.38
7652,2522,168,3,249.66
7653,2522,13,2,1010.16
7654,2523,18,1,647.61
7655,2523,166,3,1551.05
7656,2524,70,2,1902.83
7657,2525,71,2,1510.12
7658,2525,27,3,1846.36
7659,2525,61,2,922.89
7660,2525,2,1,1574.66
7661,2526,79,2,1110.86
7662,2526,198,1,1723.66
7663,2526,32,1,211.68
7664,2526,168,3,249.66
7665,2526,144,1,717.16
7666,2527,199,1,265.88
7667,2527,99,2,1689.63
7668,2528,131,2,1330.42
7669,2529,59,3,1282.08
7670,2529,147,2,681.38
7671,2529,185,2,1895.23
7672,2529,122,1,1232.62
7673,2530,188,1,1283.77
7674,2530,71,2,1510.12
7675,2530,122,2,1232.62
7676,2531,146,3,1779.53
7677,2531,19,3,553.66
7678,2531,45,1,315.38
7679,2532,23,2,905.85
7680,2532,110,1,1603.51
7681,2532,185,1,1895.23
7682,2533,197,2,931.56
7683,2533,173,1,1019.97
7684,2533,88,3,662.73
7685,2533,85,3,1047.88
7686,2533,110,1,1603.51
7687,2534,185,2,1895.23
7688,2534,97,3,1895.6
7689,2534,152,2,894.6
7690,2534,55,2,1067.5
7691,2534,83,1,173.24
7692,2535,123,1,515.57
7693,2536,5,1,1549.87
7694,2536,65,2,669.47
7695,2537,171,1,698.11
7696,2537,4,3,435.82
7697,2538,25,1,194.7
7698,2538,35,1,1150.33
7699,2538,187,2,1251.92
7700,2538,170,1,1621.97
7701,2539,147,3,681.38
7702,2539,63,2,1179.8
7703,2540,104,2,1440.57
7704,2540,119,2,1679.16
7705,2540,137,1,707.84
7706,2540,146,3,1779.53
7707,2540,166,3,1551.05
7708,2541,56,2,797.16
7709,2541,19,2,553.66
7710,2541,43,1,685.09
7711,2541,110,1,1603.51
7712,2542,198,2,1723.66
7713,2542,48,3,1511.11
7714,2542,34,1,1691.52
7715,2542,113,2,172.33
7716,2542,167,2,1992.75
7717,2543,136,3,1471.7
7718,2543,137,2,707.84
7719,2543,160,2,768.79
7720,2543,122,1,1232.62
7721,2543,167,3,1992.75
7722,2544,162,3,890.66
7723,2544,176,3,263.89
7724,2545,52,1,606.33
7725,2545,30,3,248.85
7726,2545,155,2,1996.31
7727,2546,80,3,1818.55
7728,2546,49,3,226.23
7729,2546,8,3,1733.56
7730,2547,164,1,1921.24
7731,2547,86,1,1836.28
7732,2547,47,1,1216.12
7733,2547,60,1,46.61
7734,2547,32,3,211.68
7735,2548,91,1,623.91
7736,2549,125,2,1553.46
7737,2549,97,3,1895.6
7738,2549,70,3,1902.83
7739,2550,73,1,635.7
7740,2550,123,1,515.57
7741,2550,2,1,1574.66
7742,2550,183,2,1038.61
7743,2551,119,3,1679.16
7744,2551,102,2,1543.34
7745,2551,79,2,1110.86
7746,2551,80,2,1818.55
7747,2551,140,2,1553.5
7748,2552,115,2,1893.09
7749,2552,152,1,894.6
7750,2552,116,2,1861.29
7751,2552,80,2,1818.55
7752,2552,23,2,905.85
7753,2553,66,2,1268.28
7754,2554,6,2,1717.52
7755,2555,91,3,623.91
7756,2555,81,1,1211.99
7757,2556,51,2,1968.97
7758,2556,10,2,352.62
7759,2556,151,3,209.68
7760,2556,190,2,87.18
7761,2557,48,3,1511.11
7762,2557,119,3,1679.16
7763,2557,113,3,172.33
7764,2557,21,2,1013.57
7765,2557,29,1,1114.96
7766,2558,179,1,1944.9
7767,2558,98,3,1999.95
7768,2558,58,2,1153.64
7769,2558,83,3,173.24
7770,2558,53,2,582.45
7771,2559,46,2,167.76
7772,2560,29,1,1114.96
7773,2560,42,2,1063.31
7774,2560,136,2,1471.7
7775,2561,110,1,1603.51
7776,2561,77,1,1664.23
7777,2562,158,3,289.85
7778,2562,75,3,117.06
7779,2562,135,3,692.88
7780,2563,157,2,1603.19
7781,2563,101,2,756.56
7782,2563,90,3,167.6
7783,2564,64,2,1741.7
7784,2564,77,2,1664.23
7785,2564,85,3,1047.88
7786,2564,193,1,1279.79
7787,2565,182,2,868.07
7788,2565,66,3,1268.28
7789,2565,19,1,553.66
7790,2566,146,3,1779.53
7791,2566,155,1,1996.31
7792,2566,151,3,209.68
7793,2566,63,2,1179.8
7794,2567,149,1,1455.53
7795,2567,116,3,1861.29
7796,2567,73,2,635.7
7797,2568,68,3,210.1
7798,2568,5,3,1549.87
7799,2568,135,3,692.88
7800,2568,195,3,815.15
7801,2569,38,1,364.93
7802,2569,58,3,1153.64
7803,2570,129,3,291.44
7804,2570,108,3,1540.03
7805,2570,33,2,1315.19
7806,2571,148,3,997.56
7807,2571,172,3,1703.47
7808,2572,150,1,1990.22
7809,2572,70,1,1902.83
7810,2572,26,3,513.51
7811,2572,64,2,1741.7
7812,2572,41,1,1268.18
7813,2573,177,1,622.03
7814,2574,123,1,515.57
7815,2575,84,1,499.25
7816,2575,78,2,1190.19
7817,2575,133,3,1747.3
7818,2575,90,3,167.6
7819,2576,95,1,1342.56
7820,2576,87,1,1359.4
7821,2576,121,1,1663.07
7822,2576,150,1,1990.22
7823,2577,11,2,844.82
7824,2578,146,2,1779.53
7825,2578,111,1,1284.15
7826,2578,78,1,1190.19
7827,2579,58,3,1153.64
7828,2579,146,2,1779.53
7829,2579,14,1,1567.54
7830,2579,8,1,1733.56
7831,2579,37,1,1858.52
7832,2580,188,2,1283.77
7833,2580,119,2,1679.16
7834,2581,136,2,1471.7
7835,2581,181,1,1756.53
7836,2581,153,2,1381.08
7837,2582,87,3,1359.4
7838,2582,161,2,311.11
7839,2582,174,1,477.29
7840,2582,121,3,1663.07
7841,2582,1,3,1327.22
7842,2583,18,3,647.61
7843,2583,67,2,705.44
7844,2584,77,2,1664.23
7845,2584,49,2,226.23
7846,2584,67,1,705.44
7847,2584,179,1,1944.9
7848,2584,84,1,499.25
7849,2585,139,2,368.64
7850,2585,141,1,407.17
7851,2586,76,1,926.18
7852,2586,47,2,1216.12
7853,2587,172,1,1703.47
7854,2587,190,1,87.18
7855,2588,50,2,1335.93
7856,2588,80,2,1818.55
7857,2589,68,1,210.1
7858,2589,105,3,573.43
7859,2590,5,2,1549.87
7860,2591,170,3,1621.97
7861,2591,116,3,1861.29
7862,2592,130,3,708.87
7863,2592,190,2,87.18
7864,2592,178,3,824.54
7865,2592,173,1,1019.97
7866,2593,142,3,634.61
7867,2594,182,2,868.07
7868,2594,37,2,1858.52
7869,2594,146,3,1779.53
7870,2595,40,3,1316.4
7871,2596,166,3,1551.05
7872,2597,113,2,172.33
7873,2597,74,1,887.21
7874,2597,17,1,1426.24
7875,2597,120,2,279.51
7876,2598,82,1,903.79
7877,2598,15,1,1288.46
7878,2599,94,2,1341.88
7879,2599,13,2,1010.16
7880,2599,42,2,1063.31
7881,2599,144,2,717.16
7882,2599,157,1,1603.19
7883,2600,193,1,1279.79
7884,2600,87,1,1359.4
7885,2600,187,1,1251.92
7886,2600,195,1,815.15
7887,2601,40,1,1316.4
7888,2601,160,1,768.79
7889,2601,60,2,46.61
7890,2601,3,2,414.39
7891,2601,35,3,1150.33
7892,2602,56,1,797.16
7893,2603,59,1,1282.08
7894,2604,51,2,1968.97
7895,2604,65,2,669.47
7896,2605,18,3,647.61
7897,2605,188,2,1283.77
7898,2605,178,2,824.54
7899,2605,32,2,211.68
7900,2606,113,2,172.33
7901,2607,199,3,265.88
7902,2607,123,3,515.57
7903,2608,193,3,1279.79
7904,2608,81,1,1211.99
7905,2608,64,1,1741.7
7906,2609,165,1,1037.9
7907,2609,95,1,1342.56
7908,2609,54,1,1495.29
7909,2610,189,3,1319.17
7910,2610,149,2,1455.53
7911,2611,44,2,652.14
7912,2611,61,3,922.89
7913,2611,8,1,1733.56
7914,2611,56,1,797.16
7915,2612,139,2,368.64
7916,2612,76,1,926.18
7917,2613,190,3,87.18
7918,2613,198,1,1723.66
7919,2613,5,1,1549.87
7920,2613,24,3,1655.7
7921,2613,117,1,1006.5
7922,2614,14,2,1567.54
7923,2614,96,3,728.38
7924,2614,15,2,1288.46
7925,2615,170,3,1621.97
7926,2615,140,1,1553.5
7927,2615,119,2,1679.16
7928,2616,83,3,173.24
7929,2616,67,3,705.44
7930,2616,106,1,1070.35
7931,2616,28,2,190.99
7932,2617,99,2,1689.63
7933,2618,59,2,1282.08
7934,2618,138,3,931.92
7935,2618,113,1,172.33
7936,2618,40,2,1316.4
7937,2618,174,3,477.29
7938,2619,47,1,1216.12
7939,2620,154,3,1454.99
7940,2620,11,2,844.82
7941,2620,150,2,1990.22
7942,2621,195,2,815.15
7943,2621,137,3,707.84
7944,2621,73,3,635.7
7945,2621,183,3,1038.61
7946,2622,64,1,1741.7
7947,2622,125,3,1553.46
7948,2623,116,1,1861.29
7949,2623,147,1,681.38
7950,2624,34,1,1691.52
7951,2625,13,1,1010.16
7952,2626,118,2,752.95
7953,2626,132,3,1907.04
7954,2626,11,3,844.82
7955,2626,61,2,922.89
7956,2626,179,3,1944.9
7957,2627,13,2,1010.16
7958,2627,172,3,1703.47
7959,2627,19,1,553.66
7960,2627,117,3,1006.5
7961,2627,125,1,1553.46
7962,2628,39,3,705.29
7963,2628,91,2,623.91
7964,2628,27,3,1846.36
7965,2628,151,2,209.68
7966,2628,159,1,256.83
7967,2629,82,1,903.79
7968,2629,189,1,1319.17
7969,2629,196,1,124.53
7970,2629,29,1,1114.96
7971,2629,127,2,226.16
7972,2630,192,3,425.56
7973,2630,66,2,1268.28
7974,2630,64,1,1741.7
7975,2630,57,1,42.39
7976,2631,93,2,1120.05
7977,2632,37,2,1858.52
7978,2632,29,1,1114.96
7979,2633,174,3,477.29
7980,2633,83,3,173.24
7981,2633,176,2,263.89
7982,2633,67,1,705.44
7983,2634,190,1,87.18
7984,2634,189,3,1319.17
7985,2635,51,2,1968.97
7986,2635,52,1,606.33
7987,2635,75,2,117.06
7988,2635,76,3,926.18
7989,2635,78,3,1190.19
7990,2636,131,1,1330.42
7991,2636,154,2,1454.99
7992,2636,149,2,1455.53
7993,2636,85,1,1047.88
7994,2637,3,3,414.39
7995,2637,96,3,728.38
7996,2638,197,1,931.56
7997,2638,130,3,708.87
7998,2638,176,2,263.89
7999,2638,90,1,167.6
8000,2639,128,1,1074.43
8001,2639,66,2,1268.28
8002,2639,160,2,768.79
8003,2639,180,3,934.34
8004,2640,41,3,1268.18
8005,2640,154,2,1454.99
8006,2641,60,2,46.61
8007,2641,69,2,1206.79
8008,2641,48,2,1511.11
8009,2641,116,1,1861.29
8010,2642,92,1,1192.11
8011,2642,146,1,1779.53
8012,2643,21,1,1013.57
8013,2643,103,1,878.16
8014,2643,90,3,167.6
8015,2643,139,1,368.64
8016,2644,168,2,249.66
8017,2645,186,1,504.96
8018,2645,41,1,1268.18
8019,2645,39,2,705.29
8020,2645,152,2,894.6
8021,2645,74,1,887.21
8022,2646,39,3,705.29
8023,2647,81,3,1211.99
8024,2647,194,3,1913.52
8025,2647,171,2,698.11
8026,2648,112,2,1868.92
8027,2648,63,3,1179.8
8028,2649,166,1,1551.05
8029,2649,105,3,573.43
8030,2650,171,1,698.11
8031,2650,196,2,124.53
8032,2650,47,2,1216.12
8033,2651,86,3,1836.28
8034,2652,160,3,768.79
8035,2652,132,3,1907.04
8036,2652,7,3,505.06
8037,2653,25,3,194.7
8038,2653,50,1,1335.93
8039,2653,53,1,582.45
8040,2654,195,3,815.15
8041,2654,11,1,844.82
8042,2654,12,3,899.31
8043,2654,70,1,1902.83
8044,2654,147,1,681.38
8045,2655,46,1,167.76
8046,2656,45,1,315.38
8047,2657,192,3,425.56
8048,2657,76,1,926.18
8049,2657,131,3,1330.42
8050,2658,138,3,931.92
8051,2658,40,2,1316.4
8052,2658,112,3,1868.92
8053,2659,103,3,878.16
8054,2659,77,1,1664.23
8055,2659,3,3,414.39
8056,2659,27,2,1846.36
8057,2660,143,2,949.43
8058,2660,138,2,931.92
8059,2660,15,2,1288.46
8060,2661,173,1,1019.97
8061,2661,1,2,1327.22
8062,2662,146,2,1779.53
8063,2662,129,2,291.44
8064,2663,123,3,515.57
8065,2663,63,2,1179.8
8066,2663,81,3,1211.99
8067,2663,134,2,511.03
8068,2663,84,2,499.25
8069,2664,192,1,425.56
8070,2664,80,3,1818.55
8071,2664,199,2,265.88
8072,2664,191,3,95.7
8073,2665,56,3,797.16
8074,2665,76,1,926.18
8075,2666,157,1,1603.19
8076,2667,38,1,364.93
8077,2667,46,1,167.76
8078,2667,20,2,1989.28
8079,2667,50,3,1335.93
8080,2668,12,2,899.31
8081,2669,157,3,1603.19
8082,2669,65,1,669.47
8083,2670,73,3,635.7
8084,2671,131,1,1330.42
8085,2671,146,1,1779.53
8086,2671,198,2,1723.66
8087,2671,180,3,934.34
8088,2672,40,3,1316.4
8089,2672,195,3,815.15
8090,2672,105,3,573.43
8091,2672,151,2,209.68
8092,2673,177,3,622.03
8093,2673,135,3,692.88
8094,2673,25,1,194.7
8095,2673,167,1,1992.75
8096,2673,42,3,1063.31
8097,2674,6,2,1717.52
8098,2674,15,1,1288.46
8099,2674,57,3,42.39
8100,2674,111,3,1284.15
8101,2674,109,3,1057.28
8102,2675,181,1,1756.53
8103,2675,1,1,1327.22
8104,2676,51,3,1968.97
8105,2676,192,2,425.56
8106,2676,42,1,1063.31
8107,2677,102,3,1543.34
8108,2677,49,1,226.23
8109,2677,25,2,194.7
8110,2677,1,1,1327.22
8111,2677,83,2,173.24
8112,2678,136,3,1471.7
8113,2678,61,3,922.89
8114,2679,91,3,623.91
8115,2680,107,1,738.84
8116,2680,158,3,289.85
8117,2681,197,3,931.56
8118,2681,157,3,1603.19
8119,2681,16,2,1695.36
8120,2681,116,1,1861.29
8121,2681,102,2,1543.34
8122,2682,63,1,1179.8
8123,2682,59,3,1282.08
8124,2682,46,3,167.76
8125,2682,143,2,949.43
8126,2683,55,2,1067.5
8127,2683,124,3,1880.75
8128,2684,130,2,708.87
8129,2685,162,3,890.66
8130,2686,46,1,167.76
8131,2686,102,2,1543.34
8132,2686,117,3,1006.5
8133,2686,27,2,1846.36
8134,2687,1,1,1327.22
8135,2688,40,3,1316.4
8136,2688,170,1,1621.97
8137,2689,58,3,1153.64
8138,2689,184,1,648.71
8139,2690,173,3,1019.97
8140,2691,188,3,1283.77
8141,2691,58,3,1153.64
8142,2691,90,3,167.6
8143,2691,48,1,1511.11
8144,2691,119,3,1679.16
8145,2692,84,3,499.25
8146,2692,182,1,868.07
8147,2692,196,2,124.53
8148,2692,189,2,1319.17
8149,2693,99,2,1689.63
8150,2693,25,3,194.7
8151,2693,167,3,1992.75
8152,2693,12,2,899.31
8153,2694,43,1,685.09
8154,2694,2,3,1574.66
8155,2694,163,2,737.07
8156,2694,138,1,931.92
8157,2694,134,1,511.03
8158,2695,33,1,1315.19
8159,2695,120,2,279.51
8160,2695,156,3,1344.01
8161,2695,114,3,1811.09
8162,2695,105,1,573.43
8163,2696,152,3,894.6
8164,2696,108,3,1540.03
8165,2696,149,1,1455.53
8166,2697,178,1,824.54
8167,2697,77,3,1664.23
8168,2697,90,3,167.6
8169,2697,170,1,1621.97
8170,2697,128,3,1074.43
8171,2698,180,2,934.34
8172,2698,101,2,756.56
8173,2699,137,3,707.84
8174,2699,99,2,1689.63
8175,2699,196,3,124.53
8176,2699,44,1,652.14
8177,2700,83,1,173.24
8178,2700,115,2,1893.09
8179,2701,130,2,708.87
8180,2701,152,1,894.6
8181,2701,145,3,667.19
8182,2701,42,2,1063.31
8183,2701,88,3,662.73
8184,2702,161,2,311.11
8185,2702,163,3,737.07
8186,2702,3,2,414.39
8187,2702,196,1,124.53
8188,2703,156,2,1344.01
8189,2703,6,1,1717.52
8190,2703,114,3,1811.09
8191,2703,69,2,1206.79
8192,2703,161,2,311.11
8193,2704,78,3,1190.19
8194,2704,17,2,1426.24
8195,2704,196,2,124.53
8196,2704,113,1,172.33
8197,2704,147,3,681.38
8198,2705,142,3,634.61
8199,2706,79,2,1110.86
8200,2706,176,3,263.89
8201,2706,175,2,1110.27
8202,2706,128,3,1074.43
8203,2707,147,3,681.38
8204,2707,73,1,635.7
8205,2707,104,3,1440.57
8206,2707,71,3,1510.12
8207,2707,20,2,1989.28
8208,2708,106,2,1070.35
8209,2709,74,3,887.21
8210,2709,118,3,752.95
8211,2710,53,3,582.45
8212,2710,103,3,878.16
8213,2710,188,3,1283.77
8214,2711,98,2,1999.95
8215,2712,137,1,707.84
8216,2712,8,3,1733.56
8217,2712,68,1,210.1
8218,2712,75,3,117.06
8219,2712,81,3,1211.99
8220,2713,101,1,756.56
8221,2713,3,1,414.39
8222,2713,84,2,499.25
8223,2713,44,1,652.14
8224,2713,31,2,107.63
8225,2714,102,2,1543.34
8226,2715,142,1,634.61
8227,2715,155,3,1996.31
8228,2715,16,1,1695.36
8229,2716,137,3,707.84
8230,2716,65,1,669.47
8231,2716,92,1,1192.11
8232,2717,143,3,949.43
8233,2718,143,2,949.43
8234,2718,49,2,226.23
8235,2718,171,3,698.11
8236,2718,11,3,844.82
8237,2718,85,3,1047.88
8238,2719,159,3,256.83
8239,2719,153,2,1381.08
8240,2720,191,2,95.7
8241,2720,28,2,190.99
8242,2720,142,1,634.61
8243,2721,39,2,705.29
8244,2722,4,1,435.82
8245,2722,13,1,1010.16
8246,2722,1,3,1327.22
8247,2723,185,3,1895.23
8248,2723,100,2,676.84
8249,2723,195,1,815.15
8250,2724,200,1,487.27
8251,2724,153,2,1381.08
8252,2724,92,2,1192.11
8253,2724,166,2,1551.05
8254,2724,53,1,582.45
8255,2725,67,3,705.44
8256,2725,197,3,931.56
8257,2725,145,2,667.19
8258,2725,50,2,1335.93
8259,2725,113,2,172.33
8260,2726,14,1,1567.54
8261,2726,129,3,291.44
8262,2726,195,1,815.15
8263,2726,123,3,515.57
8264,2726,185,2,1895.23
8265,2727,107,1,738.84
8266,2727,165,1,1037.9
8267,2728,162,1,890.66
8268,2729,96,1,728.38
8269,2729,177,2,622.03
8270,2729,32,2,211.68
8271,2729,13,2,1010.16
8272,2730,34,1,1691.52
8273,2730,154,2,1454.99
8274,2730,153,2,1381.08
8275,2731,171,3,698.11
8276,2731,88,2,662.73
8277,2731,109,2,1057.28
8278,2732,78,2,1190.19
8279,2732,10,1,352.62
8280,2733,30,2,248.85
8281,2733,83,3,173.24
8282,2734,112,1,1868.92
8283,2734,123,1,515.57
8284,2734,36,1,1949.22
8285,2734,81,1,1211.99
8286,2734,109,3,1057.28
8287,2735,85,1,1047.88
8288,2736,163,3,737.07
8289,2736,166,2,1551.05
8290,2737,8,2,1733.56
8291,2737,67,2,705.44
8292,2737,128,2,1074.43
8293,2737,79,3,1110.86
8294,2738,176,3,263.89
8295,2738,84,1,499.25
8296,2738,96,3,728.38
8297,2739,84,3,499.25
8298,2739,44,1,652.14
8299,2739,25,2,194.7
8300,2739,60,1,46.61
8301,2740,21,3,1013.57
8302,2740,36,2,1949.22
8303,2740,74,1,887.21
8304,2740,86,1,1836.28
8305,2741,180,1,934.34
8306,2741,153,1,1381.08
8307,2742,101,3,756.56
8308,2742,33,1,1315.19
8309,2743,18,3,647.61
8310,2744,61,3,922.89
8311,2744,200,2,487.27
8312,2744,164,2,1921.24
8313,2744,37,1,1858.52
8314,2745,198,3,1723.66
8315,2745,70,3,1902.83
8316,2745,138,1,931.92
8317,2745,165,3,1037.9
8318,2746,143,3,949.43
8319,2746,83,2,173.24
8320,2746,183,3,1038.61
8321,2747,44,3,652.14
8322,2747,47,2,1216.12
8323,2747,150,1,1990.22
8324,2748,36,1,1949.22
8325,2748,183,2,1038.61
8326,2748,81,1,1211.99
8327,2749,84,2,499.25
8328,2749,126,1,100.26
8329,2749,95,1,1342.56
8330,2749,158,2,289.85
8331,2749,22,1,233.26
8332,2750,164,1,1921.24
8333,2750,13,2,1010.16
8334,2750,93,2,1120.05
8335,2750,79,2,1110.86
8336,2750,154,2,1454.99
8337,2751,121,2,1663.07
8338,2751,59,3,1282.08
8339,2751,196,1,124.53
8340,2752,198,2,1723.66
8341,2752,37,3,1858.52
8342,2752,77,3,1664.23
8343,2753,29,2,1114.96
8344,2753,119,3,1679.16
8345,2753,31,2,107.63
8346,2754,118,1,752.95
8347,2754,52,1,606.33
8348,2754,67,2,705.44
8349,2754,75,1,117.06
8350,2754,155,2,1996.31
8351,2755,137,3,707.84
8352,2755,8,1,1733.56
8353,2755,57,2,42.39
8354,2755,50,1,1335.93
8355,2755,32,1,211.68
8356,2756,62,3,876.24
8357,2756,165,3,1037.9
8358,2757,110,3,1603.51
8359,2757,10,2,352.62
8360,2758,137,1,707.84
8361,2758,45,2,315.38
8362,2758,143,3,949.43
8363,2758,18,2,647.61
8364,2758,91,1,623.91
8365,2759,74,3,887.21
8366,2760,48,2,1511.11
8367,2760,81,1,1211.99
8368,2760,176,1,263.89
8369,2760,17,2,1426.24
8370,2761,105,1,573.43
8371,2761,84,2,499.25
8372,2761,170,3,1621.97
8373,2762,124,1,1880.75
8374,2762,132,1,1907.04
8375,2763,145,2,667.19
8376,2763,28,1,190.99
8377,2763,92,2,1192.11
8378,2763,109,2,1057.28
8379,2763,176,2,263.89
8380,2764,23,3,905.85
8381,2764,189,2,1319.17
8382,2764,123,1,515.57
8383,2764,114,3,1811.09
8384,2765,151,1,209.68
8385,2765,17,2,1426.24
8386,2765,80,1,1818.55
8387,2765,58,3,1153.64
8388,2766,148,2,997.56
8389,2766,66,2,1268.28
8390,2766,97,1,1895.6
8391,2766,162,3,890.66
8392,2766,111,3,1284.15
8393,2767,150,1,1990.22
8394,2767,8,3,1733.56
8395,2767,177,3,622.03
8396,2767,10,3,352.62
8397,2767,29,2,1114.96
8398,2768,59,1,1282.08
8399,2768,148,3,997.56
8400,2768,5,3,1549.87
8401,2768,137,2,707.84
8402,2769,25,1,194.7
8403,2769,181,3,1756.53
8404,2770,105,1,573.43
8405,2770,170,3,1621.97
8406,2770,134,2,511.03
8407,2770,75,2,117.06
8408,2770,74,2,887.21
8409,2771,199,3,265.88
8410,2771,133,3,1747.3
8411,2771,77,3,1664.23
8412,2771,159,2,256.83
8413,2771,193,3,1279.79
8414,2772,113,2,172.33
8415,2772,44,2,652.14
8416,2772,144,2,717.16
8417,2773,90,3,167.6
8418,2773,194,1,1913.52
8419,2773,134,3,511.03
8420,2773,33,1,1315.19
8421,2773,133,1,1747.3
8422,2774,19,3,553.66
8423,2774,113,3,172.33
8424,2775,188,3,1283.77
8425,2775,138,3,931.92
8426,2775,156,1,1344.01
8427,2775,170,1,1621.97
8428,2776,136,3,1471.7
8429,2776,139,3,368.64
8430,2776,49,2,226.23
8431,2777,119,1,1679.16
8432,2778,193,2,1279.79
8433,2778,149,2,1455.53
8434,2778,136,2,1471.7
8435,2779,69,1,1206.79
8436,2780,128,2,1074.43
8437,2780,195,3,815.15
8438,2780,41,1,1268.18
8439,2780,134,1,511.03
8440,2781,186,3,504.96
8441,2781,56,1,797.16
8442,2782,136,2,1471.7
8443,2782,129,2,291.44
8444,2783,30,3,248.85
8445,2783,199,2,265.88
8446,2783,21,3,1013.57
8447,2783,148,1,997.56
8448,2783,63,2,1179.8
8449,2784,148,3,997.56
8450,2784,3,3,414.39
8451,2784,6,3,1717.52
8452,2785,162,3,890.66
8453,2785,43,1,685.09
8454,2785,27,2,1846.36
8455,2785,114,2,1811.09
8456,2785,120,1,279.51
8457,2786,109,1,1057.28
8458,2786,150,3,1990.22
8459,2786,54,3,1495.29
8460,2786,57,2,42.39
8461,2786,96,3,728.38
8462,2787,138,2,931.92
8463,2787,193,3,1279.79
8464,2787,6,1,1717.52
8465,2787,194,3,1913.52
8466,2787,185,2,1895.23
8467,2788,33,2,1315.19
8468,2788,173,1,1019.97
8469,2789,32,3,211.68
8470,2790,150,1,1990.22
8471,2790,21,1,1013.57
8472,2791,33,3,1315.19
8473,2791,147,2,681.38
8474,2791,122,2,1232.62
8475,2791,79,1,1110.86
8476,2791,35,1,1150.33
8477,2792,11,3,844.82
8478,2792,147,2,681.38
8479,2792,16,3,1695.36
8480,2792,177,1,622.03
8481,2793,184,1,648.71
8482,2793,32,1,211.68
8483,2793,11,2,844.82
8484,2793,73,1,635.7
8485,2793,84,3,499.25
8486,2794,53,3,582.45
8487,2794,103,3,878.16
8488,2794,18,2,647.61
8489,2794,88,1,662.73
8490,2795,194,1,1913.52
8491,2795,103,1,878.16
8492,2795,36,3,1949.22
8493,2795,113,2,172.33
8494,2796,185,1,1895.23
8495,2796,154,2,1454.99
8496,2796,103,1,878.16
8497,2796,146,3,1779.53
8498,2796,63,1,1179.8
8499,2797,161,2,311.11
8500,2798,83,3,173.24
8501,2798,193,2,1279.79
8502,2798,111,2,1284.15
8503,2798,24,3,1655.7
8504,2798,94,1,1341.88
8505,2799,167,2,1992.75
8506,2800,97,3,1895.6
8507,2800,62,1,876.24
8508,2800,150,2,1990.22
8509,2800,125,2,1553.46
8510,2801,26,2,513.51
8511,2802,64,3,1741.7
8512,2802,101,1,756.56
8513,2802,174,3,477.29
8514,2803,131,2,1330.42
8515,2803,62,2,876.24
8516,2804,117,1,1006.5
8517,2804,8,3,1733.56
8518,2805,108,1,1540.03
8519,2805,197,2,931.56
8520,2805,167,1,1992.75
8521,2805,97,2,1895.6
8522,2805,105,1,573.43
8523,2806,22,3,233.26
8524,2806,97,2,1895.6
8525,2806,66,1,1268.28
8526,2806,18,1,647.61
8527,2806,181,1,1756.53
8528,2807,179,2,1944.9
8529,2807,119,3,1679.16
8530,2807,83,3,173.24
8531,2807,163,2,737.07
8532,2807,53,2,582.45
8533,2808,11,1,844.82
8534,2808,96,1,728.38
8535,2808,32,3,211.68
8536,2809,140,1,1553.5
8537,2809,1,2,1327.22
8538,2809,35,1,1150.33
8539,2809,126,2,100.26
8540,2809,55,2,1067.5
8541,2810,109,3,1057.28
8542,2810,35,1,1150.33
8543,2811,163,2,737.07
8544,2811,67,2,705.44
8545,2811,174,1,477.29
8546,2812,194,1,1913.52
8547,2812,149,1,1455.53
8548,2812,59,3,1282.08
8549,2812,152,2,894.6
8550,2812,82,3,903.79
8551,2813,108,2,1540.03
8552,2814,67,3,705.44
8553,2814,178,3,824.54
8554,2814,194,3,1913.52
8555,2814,169,1,349.45
8556,2815,45,3,315.38
8557,2815,130,3,708.87
8558,2815,138,2,931.92
8559,2815,196,2,124.53
8560,2815,72,2,1848.69
8561,2816,29,2,1114.96
8562,2816,181,3,1756.53
8563,2816,61,3,922.89
8564,2817,35,2,1150.33
8565,2817,126,1,100.26
8566,2817,32,1,211.68
8567,2817,117,3,1006.5
8568,2818,142,2,634.61
8569,2818,144,2,717.16
8570,2818,31,3,107.63
8571,2818,28,1,190.99
8572,2819,79,3,1110.86
8573,2819,54,3,1495.29
8574,2820,17,2,1426.24
8575,2820,130,2,708.87
8576,2820,127,3,226.16
8577,2820,53,3,582.45
8578,2820,141,2,407.17
8579,2821,57,2,42.39
8580,2821,188,2,1283.77
8581,2821,60,2,46.61
8582,2821,55,1,1067.5
8583,2821,104,2,1440.57
8584,2822,60,3,46.61
8585,2823,155,1,1996.31
8586,2824,29,2,1114.96
8587,2824,90,1,167.6
8588,2824,50,1,1335.93
8589,2824,132,3,1907.04
8590,2824,164,1,1921.24
8591,2825,35,1,1150.33
8592,2825,90,2,167.6
8593,2825,68,1,210.1
8594,2825,43,3,685.09
8595,2826,60,3,46.61
8596,2826,22,1,233.26
8597,2827,116,1,1861.29
8598,2827,119,2,1679.16
8599,2827,35,2,1150.33
8600,2828,6,1,1717.52
8601,2829,177,1,622.03
8602,2829,152,3,894.6
8603,2829,181,1,1756.53
8604,2829,70,1,1902.83
8605,2830,96,3,728.38
8606,2830,200,3,487.27
8607,2830,62,1,876.24
8608,2831,160,2,768.79
8609,2832,80,2,1818.55
8610,2832,26,3,513.51
8611,2832,163,2,737.07
8612,2832,37,1,1858.52
8613,2832,193,3,1279.79
8614,2833,122,3,1232.62
8615,2833,39,2,705.29
8616,2833,191,1,95.7
8617,2833,100,1,676.84
8618,2833,66,1,1268.28
8619,2834,21,1,1013.57
8620,2834,127,1,226.16
8621,2834,77,2,1664.23
8622,2835,68,3,210.1
8623,2836,45,1,315.38
8624,2836,108,1,1540.03
8625,2837,160,2,768.79
8626,2837,14,3,1567.54
8627,2837,10,2,352.62
8628,2837,50,1,1335.93
8629,2837,79,3,1110.86
8630,2838,56,1,797.16
8631,2838,13,3,1010.16
8632,2838,122,2,1232.62
8633,2838,4,2,435.82
8634,2839,15,1,1288.46
8635,2839,39,1,705.29
8636,2840,86,3,1836.28
8637,2840,200,1,487.27
8638,2840,61,1,922.89
8639,2840,101,3,756.56
8640,2840,107,2,738.84
8641,2841,105,3,573.43
8642,2841,140,1,1553.5
8643,2842,87,2,1359.4
8644,2843,155,1,1996.31
8645,2843,81,2,1211.99
8646,2843,8,1,1733.56
8647,2843,16,1,1695.36
8648,2844,145,2,667.19
8649,2844,4,1,435.82
8650,2844,7,3,505.06
8651,2845,23,1,905.85
8652,2845,49,3,226.23
8653,2845,193,2,1279.79
8654,2845,200,1,487.27
8655,2846,24,1,1655.7
8656,2846,28,3,190.99
8657,2847,145,2,667.19
8658,2847,11,1,844.82
8659,2847,191,3,95.7
8660,2847,131,2,1330.42
8661,2848,37,2,1858.52
8662,2848,48,2,1511.11
8663,2848,31,3,107.63
8664,2848,7,2,505.06
8665,2849,29,3,1114.96
8666,2849,127,1,226.16
8667,2849,146,2,1779.53
8668,2849,43,1,685.09
8669,2850,66,1,1268.28
8670,2850,79,1,1110.86
8671,2850,63,1,1179.8
8672,2850,105,2,573.43
8673,2851,34,1,1691.52
8674,2851,48,1,1511.11
8675,2851,93,3,1120.05
8676,2852,4,1,435.82
8677,2852,37,3,1858.52
8678,2852,88,2,662.73
8679,2852,47,1,1216.12
8680,2853,188,3,1283.77
8681,2853,171,1,698.11
8682,2854,70,1,1902.83
8683,2854,79,2,1110.86
8684,2854,190,3,87.18
8685,2854,115,1,1893.09
8686,2854,122,1,1232.62
8687,2855,108,3,1540.03
8688,2855,165,2,1037.9
8689,2856,25,2,194.7
8690,2856,58,2,1153.64
8691,2856,34,1,1691.52
8692,2857,155,1,1996.31
8693,2857,77,3,1664.23
8694,2857,185,1,1895.23
8695,2857,143,2,949.43
8696,2858,178,3,824.54
8697,2858,92,2,1192.11
8698,2858,150,1,1990.22
8699,2859,10,3,352.62
8700,2859,34,1,1691.52
8701,2859,28,2,190.99
8702,2859,148,3,997.56
8703,2860,24,3,1655.7
8704,2860,44,2,652.14
8705,2860,111,3,1284.15
8706,2860,139,3,368.64
8707,2860,104,3,1440.57
8708,2861,66,3,1268.28
8709,2861,123,3,515.57
8710,2861,143,2,949.43
8711,2861,110,1,1603.51
8712,2862,119,1,1679.16
8713,2862,98,1,1999.95
8714,2863,135,1,692.88
8715,2863,69,3,1206.79
8716,2863,80,3,1818.55
8717,2863,117,1,1006.5
8718,2863,67,2,705.44
8719,2864,23,2,905.85
8720,2864,145,2,667.19
8721,2864,29,3,1114.96
8722,2864,147,3,681.38
8723,2864,9,1,1581.02
8724,2865,112,2,1868.92
8725,2866,13,2,1010.16
8726,2867,189,1,1319.17
8727,2867,186,2,504.96
8728,2867,196,3,124.53
8729,2867,136,3,1471.7
8730,2867,197,3,931.56
8731,2868,51,1,1968.97
8732,2868,84,2,499.25
8733,2869,69,1,1206.79
8734,2869,131,3,1330.42
8735,2869,112,1,1868.92
8736,2869,70,1,1902.83
8737,2869,115,1,1893.09
8738,2870,136,1,1471.7
8739,2870,106,1,1070.35
8740,2870,82,3,903.79
8741,2870,71,1,1510.12
8742,2870,111,1,1284.15
8743,2871,43,1,685.09
8744,2872,176,2,263.89
8745,2872,191,2,95.7
8746,2872,38,1,364.93
8747,2872,4,1,435.82
8748,2873,1,1,1327.22
8749,2873,16,1,1695.36
8750,2874,133,3,1747.3
8751,2874,97,2,1895.6
8752,2874,64,2,1741.7
8753,2874,75,1,117.06
8754,2874,191,3,95.7
8755,2875,157,1,1603.19
8756,2876,133,3,1747.3
8757,2877,197,2,931.56
8758,2877,200,1,487.27
8759,2877,146,2,1779.53
8760,2877,24,1,1655.7
8761,2877,32,1,211.68
8762,2878,24,3,1655.7
8763,2878,99,1,1689.63
8764,2878,146,1,1779.53
8765,2878,193,1,1279.79
8766,2878,190,3,87.18
8767,2879,52,3,606.33
8768,2879,117,3,1006.5
8769,2879,190,3,87.18
8770,2879,149,3,1455.53
8771,2880,190,2,87.18
8772,2880,184,1,648.71
8773,2880,159,3,256.83
8774,2880,12,3,899.31
8775,2881,77,3,1664.23
8776,2881,140,2,1553.5
8777,2881,22,2,233.26
8778,2882,100,1,676.84
8779,2882,63,1,1179.8
8780,2882,11,3,844.82
8781,2883,132,2,1907.04
8782,2883,71,1,1510.12
8783,2883,176,1,263.89
8784,2883,57,3,42.39
8785,2883,64,1,1741.7
8786,2884,22,1,233.26
8787,2884,25,3,194.7
8788,2884,134,3,511.03
8789,2884,82,3,903.79
8790,2885,178,3,824.54
8791,2885,67,1,705.44
8792,2885,85,3,1047.88
8793,2886,39,3,705.29
8794,2886,5,2,1549.87
8795,2886,49,3,226.23
8796,2887,18,2,647.61
8797,2888,83,1,173.24
8798,2888,196,2,124.53
8799,2889,106,2,1070.35
8800,2889,8,3,1733.56
8801,2889,115,3,1893.09
8802,2889,83,3,173.24
8803,2890,73,2,635.7
8804,2890,149,2,1455.53
8805,2890,181,2,1756.53
8806,2891,38,1,364.93
8807,2891,184,3,648.71
8808,2891,14,1,1567.54
8809,2891,25,2,194.7
8810,2892,36,3,1949.22
8811,2893,24,3,1655.7
8812,2893,177,1,622.03
8813,2893,130,3,708.87
8814,2893,39,2,705.29
8815,2893,36,3,1949.22
8816,2894,1,1,1327.22
8817,2894,39,1,705.29
8818,2894,101,3,756.56
8819,2895,129,2,291.44
8820,2895,18,3,647.61
8821,2895,128,2,1074.43
8822,2896,120,2,279.51
8823,2896,59,3,1282.08
8824,2897,106,1,1070.35
8825,2897,80,1,1818.55
8826,2898,117,2,1006.5
8827,2898,5,1,1549.87
8828,2898,3,1,414.39
8829,2899,25,3,194.7
8830,2899,198,2,1723.66
8831,2899,144,1,717.16
8832,2899,36,3,1949.22
8833,2899,142,1,634.61
8834,2900,18,2,647.61
8835,2900,161,2,311.11
8836,2900,46,3,167.76
8837,2900,162,1,890.66
8838,2901,171,1,698.11
8839,2901,102,1,1543.34
8840,2901,30,2,248.85
8841,2902,45,2,315.38
8842,2902,57,1,42.39
8843,2902,15,1,1288.46
8844,2902,68,1,210.1
8845,2902,110,1,1603.51
8846,2903,63,1,1179.8
8847,2903,134,1,511.03
8848,2903,37,3,1858.52
8849,2903,118,3,752.95
8850,2903,23,1,905.85
8851,2904,33,3,1315.19
8852,2904,146,3,1779.53
8853,2905,18,1,647.61
8854,2905,90,3,167.6
8855,2905,23,2,905.85
8856,2905,33,3,1315.19
8857,2906,3,2,414.39
8858,2906,128,2,1074.43
8859,2906,189,2,1319.17
8860,2907,198,2,1723.66
8861,2907,188,2,1283.77
8862,2908,186,1,504.96
8863,2908,12,1,899.31
8864,2908,79,2,1110.86
8865,2908,168,2,249.66
8866,2909,163,2,737.07
8867,2909,77,1,1664.23
8868,2910,160,1,768.79
8869,2911,61,2,922.89
8870,2911,2,3,1574.66
8871,2911,94,3,1341.88
8872,2912,188,2,1283.77
8873,2912,80,1,1818.55
8874,2913,61,2,922.89
8875,2913,90,1,167.6
8876,2913,143,2,949.43
8877,2914,137,1,707.84
8878,2914,44,3,652.14
8879,2914,42,3,1063.31
8880,2914,82,1,903.79
8881,2915,172,1,1703.47
8882,2915,47,3,1216.12
8883,2915,101,2,756.56
8884,2915,116,2,1861.29
8885,2916,90,1,167.6
8886,2916,179,2,1944.9
8887,2916,103,1,878.16
8888,2916,40,3,1316.4
8889,2917,105,2,573.43
8890,2917,140,3,1553.5
8891,2917,114,2,1811.09
8892,2917,131,2,1330.42
8893,2918,21,1,1013.57
8894,2918,170,3,1621.97
8895,2918,41,1,1268.18
8896,2918,149,2,1455.53
8897,2919,10,2,352.62
8898,2920,131,2,1330.42
8899,2921,145,1,667.19
8900,2921,124,2,1880.75
8901,2921,78,2,1190.19
8902,2921,38,1,364.93
8903,2921,33,2,1315.19
8904,2922,79,3,1110.86
8905,2923,190,1,87.18
8906,2923,193,1,1279.79
8907,2923,97,1,1895.6
8908,2923,141,1,407.17
8909,2924,164,3,1921.24
8910,2924,111,3,1284.15
8911,2924,65,2,669.47
8912,2925,92,3,1192.11
8913,2925,66,1,1268.28
8914,2926,103,3,878.16
8915,2927,73,1,635.7
8916,2927,165,1,1037.9
8917,2927,23,3,905.85
8918,2928,127,1,226.16
8919,2928,199,3,265.88
8920,2928,51,1,1968.97
8921,2928,140,2,1553.5
8922,2928,141,1,407.17
8923,2929,172,2,1703.47
8924,2930,79,2,1110.86
8925,2930,58,3,1153.64
8926,2931,74,3,887.21
8927,2931,129,3,291.44
8928,2931,46,2,167.76
8929,2931,186,3,504.96
8930,2931,17,2,1426.24
8931,2932,6,2,1717.52
8932,2932,104,1,1440.57
8933,2932,67,1,705.44
8934,2932,199,1,265.88
8935,2932,5,1,1549.87
8936,2933,42,2,1063.31
8937,2934,51,2,1968.97
8938,2934,169,1,349.45
8939,2934,192,3,425.56
8940,2935,64,1,1741.7
8941,2935,8,3,1733.56
8942,2936,14,3,1567.54
8943,2936,80,2,1818.55
8944,2936,157,1,1603.19
8945,2936,191,1,95.7
8946,2937,37,3,1858.52
8947,2937,26,3,513.51
8948,2937,183,2,1038.61
8949,2937,187,1,1251.92
8950,2938,52,1,606.33
8951,2939,179,1,1944.9
8952,2940,153,2,1381.08
8953,2941,152,1,894.6
8954,2941,160,2,768.79
8955,2941,155,1,1996.31
8956,2941,13,1,1010.16
8957,2941,21,1,1013.57
8958,2942,122,1,1232.62
8959,2942,30,3,248.85
8960,2942,62,2,876.24
8961,2943,151,2,209.68
8962,2944,107,3,738.84
8963,2944,12,2,899.31
8964,2944,200,1,487.27
8965,2944,192,2,425.56
8966,2944,27,3,1846.36
8967,2945,193,1,1279.79
8968,2945,14,3,1567.54
8969,2945,185,3,1895.23
8970,2945,130,2,708.87
8971,2945,67,3,705.44
8972,2946,135,3,692.88
8973,2946,85,1,1047.88
8974,2946,94,1,1341.88
8975,2946,3,1,414.39
8976,2947,88,1,662.73
8977,2947,58,3,1153.64
8978,2947,87,1,1359.4
8979,2947,136,1,1471.7
8980,2948,43,2,685.09
8981,2948,143,3,949.43
8982,2948,136,3,1471.7
8983,2948,174,1,477.29
8984,2949,36,1,1949.22
8985,2949,200,3,487.27
8986,2949,120,1,279.51
8987,2949,154,2,1454.99
8988,2950,107,1,738.84
8989,2951,8,1,1733.56
8990,2951,142,3,634.61
8991,2951,177,2,622.03
8992,2951,132,1,1907.04
8993,2952,52,3,606.33
8994,2952,174,3,477.29
8995,2953,65,1,669.47
8996,2953,124,3,1880.75
8997,2953,126,1,100.26
8998,2953,199,2,265.88
8999,2954,59,2,1282.08
9000,2954,11,3,844.82
9001,2954,115,1,1893.09
9002,2955,47,2,1216.12
9003,2956,4,2,435.82
9004,2956,173,2,1019.97
9005,2956,186,2,504.96
9006,2956,184,3,648.71
9007,2956,141,1,407.17
9008,2957,44,3,652.14
9009,2958,172,1,1703.47
9010,2958,76,1,926.18
9011,2958,50,2,1335.93
9012,2959,42,2,1063.31
9013,2959,32,3,211.68
9014,2960,99,3,1689.63
9015,2961,142,2,634.61
9016,2961,91,3,623.91
9017,2961,117,2,1006.5
9018,2961,67,1,705.44
9019,2962,114,2,1811.09
9020,2962,175,3,1110.27
9021,2962,92,3,1192.11
9022,2962,17,1,1426.24
9023,2963,148,3,997.56
9024,2963,94,3,1341.88
9025,2964,23,1,905.85
9026,2964,83,3,173.24
9027,2965,105,2,573.43
9028,2966,100,1,676.84
9029,2966,19,2,553.66
9030,2967,56,1,797.16
9031,2968,12,2,899.31
9032,2968,167,1,1992.75
9033,2968,134,2,511.03
9034,2969,180,3,934.34
9035,2969,192,1,425.56
9036,2970,138,3,931.92
9037,2970,57,2,42.39
9038,2970,148,3,997.56
9039,2970,36,1,1949.22
9040,2970,74,1,887.21
9041,2971,3,2,414.39
9042,2972,190,2,87.18
9043,2973,20,1,1989.28
9044,2973,4,1,435.82
9045,2973,81,2,1211.99
9046,2973,59,1,1282.08
9047,2973,12,2,899.31
9048,2974,185,3,1895.23
9049,2974,94,2,1341.88
9050,2974,196,3,124.53
9051,2974,183,2,1038.61
9052,2975,183,3,1038.61
9053,2975,63,2,1179.8
9054,2975,60,1,46.61
9055,2975,171,2,698.11
9056,2976,24,2,1655.7
9057,2976,1,2,1327.22
9058,2976,84,2,499.25
9059,2976,5,2,1549.87
9060,2976,31,1,107.63
9061,2977,130,2,708.87
9062,2977,150,2,1990.22
9063,2977,109,1,1057.28
9064,2977,32,3,211.68
9065,2978,83,1,173.24
9066,2978,191,1,95.7
9067,2978,196,3,124.53
9068,2979,115,2,1893.09
9069,2980,26,3,513.51
9070,2980,35,2,1150.33
9071,2980,60,3,46.61
9072,2981,130,2,708.87
9073,2981,26,1,513.51
9074,2981,88,2,662.73
9075,2981,93,3,1120.05
9076,2982,196,3,124.53
9077,2983,119,1,1679.16
9078,2983,42,1,1063.31
9079,2983,59,2,1282.08
9080,2983,188,2,1283.77
9081,2983,99,2,1689.63
9082,2984,198,2,1723.66
9083,2984,72,2,1848.69
9084,2984,109,1,1057.28
9085,2985,92,1,1192.11
9086,2986,27,1,1846.36
9087,2986,7,3,505.06
9088,2986,118,2,752.95
9089,2986,53,1,582.45
9090,2987,99,3,1689.63
9091,2987,68,2,210.1
9092,2987,194,3,1913.52
9093,2988,124,3,1880.75
9094,2988,171,1,698.11
9095,2989,26,2,513.51
9096,2989,125,2,1553.46
9097,2990,136,1,1471.7
9098,2990,5,2,1549.87
9099,2991,19,2,553.66
9100,2991,78,3,1190.19
9101,2991,129,2,291.44
9102,2992,99,1,1689.63
9103,2992,13,3,1010.16
9104,2993,86,2,1836.28
9105,2993,67,3,705.44
9106,2994,104,3,1440.57
9107,2994,38,2,364.93
9108,2994,116,1,1861.29
9109,2994,48,2,1511.11
9110,2994,143,2,949.43
9111,2995,65,3,669.47
9112,2995,35,2,1150.33
9113,2995,3,3,414.39
9114,2995,115,1,1893.09
9115,2996,123,3,515.57
9116,2996,18,1,647.61
9117,2997,54,2,1495.29
9118,2997,187,2,1251.92
9119,2997,141,2,407.17
9120,2998,92,1,1192.11
9121,2998,155,1,1996.31
9122,2999,111,1,1284.15
9123,2999,185,2,1895.23
9124,2999,130,3,708.87
9125,2999,122,3,1232.62
9126,2999,156,1,1344.01
9127,3000,133,3,1747.3
9128,3000,134,3,511.03
9129,3000,101,1,756.56
