payment_id,order_id,payment_date,payment_method,amount,status,transaction_id
1,1,2026-09-15 01:38:14.698937,CARD,9405.27,SUCCESS,a3edc79c-dd1a-47be-b2eb-bf834bdc7595
2,2,2026-08-19 07:33:27.351649,BANK_TRANSFER,791.67,FAILED,67f67fc3-ebe7-4a06-a6dc-35676bedefb2
3,3,2026-01-03 05:46:45.731763,PAYPAL,9179.74,SUCCESS,fe8ac951-ccbe-4f51-9a73-24eb325d930b
4,4,2026-07-11 06:21:03.622940,PAYPAL,9076.76,SUCCESS,122d774d-06f4-41bb-9d7b-83be810409fe
5,5,2026-08-13 12:10:52.710574,PAYPAL,10453.05,SUCCESS,115eb800-011e-4364-ae4f-26c632f4cb84
6,6,2025-11-16 13:11:56.939140,BANK_TRANSFER,3103.33,PENDING,f37d1ad9-a282-4d49-b9d0-5e4eadec8d32
7,7,2026-07-14 12:24:57.818319,BANK_TRANSFER,167.76,SUCCESS,50e79079-1809-42f6-8f18-383a7f3eb240
8,8,2026-03-17 01:00:30.788965,PAYPAL,8892.0,SUCCESS,9273f0c1-70a6-4fb3-86cc-973358cbe1e6
9,9,2026-06-19 07:36:30.729522,BANK_TRANSFER,5583.37,FAILED,4d5e6dde-4172-401c-ade2-da2b2102c5ad
10,10,2025-10-16 15:09:22.355947,BANK_TRANSFER,1381.08,SUCCESS,4ebe4453-538e-4545-973a-1f213ecba673
11,11,2026-05-20 23:56:47.755856,PAYPAL,8899.76,PENDING,6018a71b-b5ab-466e-8e7e-481143eddd87
12,12,2026-10-13 14:20:08.824418,PAYPAL,4115.42,FAILED,36bb36d1-5d88-4ece-bece-704dbb5f4cf5
13,13,2025-08-12 04:58:36.031705,PAYPAL,6585.12,SUCCESS,f060470c-b1c3-49d5-91e3-42b1cfc85399
14,14,2026-10-11 20:27:59.999767,PAYPAL,1335.93,SUCCESS,51bed16c-0dee-4761-9561-dee077b09633
15,15,2026-05-03 21:31:05.561946,BANK_TRANSFER,1760.4,PENDING,bc3f394c-eefe-4351-929a-78001f840586
16,16,2025-05-27 12:35:34.546669,BANK_TRANSFER,4401.4,FAILED,a3212daa-8653-44a3-aeb2-26f2a49ab750
17,17,2026-07-19 01:40:30.900932,PAYPAL,9868.74,FAILED,be5c32b8-f6e4-4acc-af4a-488065da20e1
18,18,2026-09-07 17:48:25.791978,CARD,6199.01,PENDING,94ab24e9-6794-4589-b7ef-ef05d8fd2048
19,19,2026-02-20 05:51:31.729667,PAYPAL,10648.47,PENDING,1f808e1c-e29a-4f4c-a36a-76b6548148d8
20,20,2026-01-12 23:30:00.172003,BANK_TRANSFER,8983.59,FAILED,b6a6d38f-5280-4ae5-a190-371931def4b2
21,21,2026-09-07 21:58:03.982100,PAYPAL,499.25,PENDING,8f3fba72-aba9-469e-a090-433b438b398d
22,22,2026-03-22 03:48:23.861202,PAYPAL,2768.67,FAILED,5fcf324f-01c5-480e-b470-c29a8c042b51
23,23,2026-03-28 12:54:01.697700,PAYPAL,7537.9,SUCCESS,f877389b-2f8c-4b31-85a1-94110c96ccda
24,24,2026-05-06 15:48:46.741732,PAYPAL,6172.13,SUCCESS,d8fa048d-7a6f-4125-b1ae-3df9beffe333
25,25,2026-01-01 05:45:01.122984,BANK_TRANSFER,8099.82,PENDING,43ee94c2-8ac4-4085-96b5-2fabbb25367d
26,26,2025-06-10 05:23:36.265867,CARD,2473.62,SUCCESS,19aabe5a-a473-4bb0-8e43-0e710187d9d3
27,27,2026-01-04 17:11:00.997312,BANK_TRANSFER,1848.69,FAILED,5c21245e-9a7d-4275-8689-5be029f8212a
28,28,2026-09-13 17:58:07.814528,CARD,559.02,SUCCESS,d9add770-308d-4579-b78e-38ad3decdd27
29,29,2026-09-12 15:52:12.727542,PAYPAL,4539.63,SUCCESS,b2d7a4a7-9a8c-4ef9-b4db-1963b0b128a2
30,30,2026-05-07 07:43:48.997588,PAYPAL,9565.81,PENDING,35d8675b-221d-4bb1-aebf-aef7c940138d
31,31,2026-02-27 00:53:31.859543,CARD,10592.13,FAILED,4252d29f-4a02-4f07-a7a5-b989dc510056
32,32,2025-09-26 14:05:17.554472,BANK_TRANSFER,7189.46,SUCCESS,2224a0d1-ebeb-40d9-8f88-22b7de5b12f7
33,33,2026-08-11 09:47:34.451671,CARD,738.84,SUCCESS,65108131-d0c3-4c50-a9f3-18cfc359a437
34,34,2026-09-02 03:36:05.748106,BANK_TRANSFER,4989.21,SUCCESS,60459a6a-75ce-47db-b6d2-94aae55126a3
35,35,2026-07-11 10:17:25.795429,CARD,10772.43,PENDING,421f1de9-2fd4-432e-a71a-059597ff4ccc
36,36,2025-10-09 15:42:19.316379,CARD,949.43,FAILED,9f381468-3c9c-4cd2-ab1f-4a1c7930986b
37,37,2026-09-08 12:50:29.881707,CARD,7990.01,SUCCESS,88f05a37-b88e-4f3a-b94d-35ac28d1f460
38,38,2026-08-09 19:06:46.090423,CARD,15199.04,FAILED,22fc31db-0bf6-4417-a404-595da6d62d00
39,39,2026-02-17 13:08:14.579840,PAYPAL,2013.0,PENDING,180b3063-9342-41a2-858d-8c092eaf3417
40,40,2025-10-03 23:23:59.312548,PAYPAL,4637.67,FAILED,6c5c1138-10b4-4aaf-8008-b748fdd7e12f
41,41,2026-07-30 08:59:45.346189,BANK_TRANSFER,7834.55,SUCCESS,2cd91139-cc62-42d5-82da-6c783a5b23ea
42,42,2026-09-17 23:59:25.716446,PAYPAL,18074.33,SUCCESS,f626a833-3661-439c-a367-a2cc4b180203
43,43,2026-03-18 13:31:57.230523,PAYPAL,513.66,SUCCESS,974b18d9-9aca-46fc-9212-fae7a8eb7709
44,44,2026-01-27 05:22:16.503477,CARD,5721.12,FAILED,ccb8d6d6-0253-47b2-9bac-f5bee3b384ca
45,45,2026-06-10 12:18:34.268844,CARD,10433.89,PENDING,dcad3105-5232-401e-91e3-8b2654d697a8
46,46,2026-06-13 07:03:46.820219,BANK_TRANSFER,2683.76,FAILED,5793a319-b0a6-41c9-84cb-6c8dd7bde1f5
47,47,2025-06-27 20:18:52.191174,CARD,5370.31,FAILED,ed0d1578-ea32-4f39-8ebd-7e736395c49f
48,48,2026-07-20 03:23:09.894242,PAYPAL,11768.38,PENDING,9bfe7b18-b091-4536-9182-45136fb90ec6
49,49,2026-08-14 07:47:58.053383,PAYPAL,9121.35,PENDING,389c730c-f59b-4080-8d15-d0d333a53356
50,50,2025-04-26 21:06:24.201642,BANK_TRANSFER,11192.94,SUCCESS,64b26ea8-d514-4f05-b774-795e00f7bcd2
51,51,2026-07-29 14:29:31.824789,CARD,8775.42,FAILED,ac663647-36a4-4599-bef0-58b3fc141344
52,52,2026-01-24 18:28:37.281740,CARD,452.46,SUCCESS,fe2e6163-6eb8-4e28-8224-68c0c6014415
53,53,2026-05-26 17:42:25.066409,PAYPAL,2027.14,PENDING,20d705c7-e9e2-4867-a68a-4d9bc771f56c
54,54,2026-08-11 05:55:19.718835,CARD,2876.49,SUCCESS,342917d7-37e5-4349-b784-46d077aa1c1a
55,55,2026-10-04 05:13:05.212853,BANK_TRANSFER,4539.75,SUCCESS,81986c1d-b9d9-49b6-a2fe-f46e6a06e108
56,56,2026-09-27 17:09:26.668642,CARD,8201.43,SUCCESS,66dcf5de-65ff-4b15-b477-0dfe08a5251c
57,57,2026-10-07 01:01:16.260357,CARD,4704.8,PENDING,ecee6d3b-073d-4bca-ba67-8b77bae8b3cc
58,58,2026-06-30 05:49:12.136309,PAYPAL,17201.94,PENDING,5c8bac02-8efa-4f51-b513-ee5300e208d1
59,59,2026-01-06 03:37:55.155624,BANK_TRANSFER,8942.21,SUCCESS,55c65dc2-08d8-4a8b-8c2d-93c860e23d57
60,60,2026-09-12 02:33:30.605660,CARD,7970.44,FAILED,cbd069d9-80e0-4a64-9fb8-3bc92b621afd
61,61,2026-08-13 17:29:52.543005,CARD,3960.42,PENDING,ba595dc8-15b6-4499-89a4-582aa1531da4
62,62,2026-08-17 04:16:36.089506,PAYPAL,5462.57,FAILED,b543622e-ca84-42aa-b911-1299a3eb9098
63,63,2026-08-18 00:52:43.589350,PAYPAL,1420.59,SUCCESS,7efdb8da-e5d6-4b9b-a1dc-de120dbbba59
64,64,2026-05-05 11:32:17.727628,CARD,9824.39,FAILED,6f302ca6-de58-475b-a5e3-9314ace6d9cb
65,65,2026-08-28 23:34:24.886035,BANK_TRANSFER,2838.63,SUCCESS,2ac0ce2b-819f-4810-9de8-2b8cc23450bb
66,66,2025-12-20 05:47:14.686997,CARD,5138.67,FAILED,91b56e0b-5f0a-41ed-a341-9ff06b955f6f
67,67,2026-10-04 17:35:20.768467,PAYPAL,14362.42,SUCCESS,d4958480-6e00-4063-ad0a-d4fad783f6b5
68,68,2025-11-19 14:11:16.581702,CARD,15880.31,SUCCESS,b4e2fbce-3ebf-4bd9-8a3e-1572d7bfc03e
69,69,2026-07-02 09:15:31.545270,PAYPAL,4872.51,SUCCESS,fb6baf69-a990-4847-8223-a973ce0aaa92
70,70,2026-03-16 23:06:10.812998,PAYPAL,4032.03,SUCCESS,f19f48e6-cf40-468c-8b3a-6d96d8d1aef1
71,71,2026-05-20 13:03:35.927212,PAYPAL,3375.98,PENDING,f2242914-432a-4235-8ba3-7f6af487f4ce
72,72,2026-08-23 17:36:00.318817,CARD,5619.08,SUCCESS,72a41cc5-92dc-4824-8860-a21b122b5652
73,73,2026-09-17 12:42:16.525657,PAYPAL,3814.08,PENDING,9611116b-a54b-4dbb-bc56-ea1b9852bf02
74,74,2026-08-20 22:18:42.954122,CARD,3012.15,SUCCESS,fb1ee55a-37b3-4f4d-ace1-36fe85d0e33a
75,75,2026-08-04 01:35:50.088876,CARD,11318.24,FAILED,7c01fb86-adec-43dc-921b-8d2ac5239cca
76,76,2026-09-03 20:55:35.221659,PAYPAL,1271.4,SUCCESS,471da96d-b543-48c5-8aab-c40bd6b14c5a
77,77,2026-07-21 10:58:50.287178,PAYPAL,5155.43,FAILED,41f7ce31-13cf-4f20-8a22-cc249920cfd5
78,78,2026-05-22 12:30:23.848924,PAYPAL,8587.51,PENDING,08cd3d26-6d60-4651-818e-dbdfb4c0b8de
79,79,2026-03-25 20:20:48.473972,CARD,6880.58,SUCCESS,d059a088-50a3-4369-a384-bb3b9ec6cb21
80,80,2026-03-23 02:23:54.183884,PAYPAL,14583.48,SUCCESS,b3c36558-98e3-4b8f-8837-6b93dde4fe4f
81,81,2026-10-07 08:30:53.268103,BANK_TRANSFER,4442.8,FAILED,6abcf7ec-d2d3-4a0a-a496-90db3521279f
82,82,2026-06-05 13:04:06.342821,PAYPAL,4028.11,FAILED,20a7b4a8-376b-4e42-8bed-e7046fbfaeed
83,83,2026-09-17 21:40:27.865858,CARD,11249.62,PENDING,41dbc918-9729-4a48-b9b1-2bdf38f14931
84,84,2026-08-18 20:06:55.608980,CARD,4730.87,PENDING,282dc674-19d0-4ebb-a179-a34219f744dd
85,85,2026-08-11 08:04:00.055243,CARD,3682.38,PENDING,e169c3d3-ef3f-490e-b432-0daa95f1ff22
86,86,2026-08-07 01:05:17.904903,CARD,4364.97,PENDING,ddf547e3-a918-4ef5-931a-f0d5a6a2770b
87,87,2026-08-28 12:29:23.537092,PAYPAL,8674.13,FAILED,8ff8749d-49cf-4e85-9dac-cac2545d03f7
88,88,2026-09-10 08:54:12.140778,PAYPAL,7338.97,SUCCESS,010ba241-042b-4a24-8060-d9e93a5ccb68
89,89,2026-07-27 12:10:34.086670,CARD,4032.45,FAILED,6fdb20da-734f-41ca-af5f-d46a2eb534fa
90,90,2026-05-15 07:38:09.410562,BANK_TRANSFER,7636.04,PENDING,29d13e66-e02c-4992-ab51-1a13fcda940d
91,91,2026-01-23 00:42:06.635814,BANK_TRANSFER,7562.64,PENDING,f8e01258-9771-4e2a-910e-095e316f8ff5
92,92,2026-05-13 23:48:15.842050,PAYPAL,1242.67,SUCCESS,7f69c5de-f065-4f62-8ddf-1e98ea58faaf
93,93,2026-09-22 00:25:33.515122,BANK_TRANSFER,12472.24,PENDING,a310ca23-eddc-40d8-a3b6-83d4d3a35339
94,94,2025-10-20 03:24:03.703063,CARD,2552.77,PENDING,bf1c25a8-760a-44e8-b712-eb5865cf1f1d
95,95,2026-01-23 11:32:01.512730,BANK_TRANSFER,4766.0,SUCCESS,836da569-d8e5-480a-9070-53c47ddfbc34
96,96,2026-09-03 14:31:01.005717,CARD,6496.18,FAILED,f716c1da-e8b3-4b11-a42f-1baf86bf3beb
97,97,2026-05-04 17:25:12.042340,BANK_TRANSFER,6921.42,SUCCESS,8bc90792-a499-4739-869e-bbf47343aa18
98,98,2026-03-13 22:44:35.844129,PAYPAL,248.85,SUCCESS,8bf19e1e-a842-4c3f-946f-97fb0ecc8af9
99,99,2026-10-04 22:43:47.962441,BANK_TRANSFER,1031.14,SUCCESS,85ac0d30-634f-4108-9140-a3244a4581ff
100,100,2026-04-07 17:43:00.322537,CARD,10451.87,PENDING,bb35a4c8-fcc9-4fa6-93b8-905eb29139a9
101,101,2026-06-05 08:39:09.519693,CARD,4109.78,FAILED,a4768af1-9356-4b72-8163-1003b92c972e
102,102,2026-09-12 06:27:12.322639,CARD,3788.81,FAILED,fac34112-bf62-47e2-b7b0-9c854e5290ae
103,103,2026-01-15 22:33:05.893025,BANK_TRANSFER,2426.05,SUCCESS,f7f2194d-dead-4c99-b8f3-90f48956c35c
104,104,2026-09-12 15:22:58.651784,PAYPAL,3171.84,PENDING,5316d79f-adf0-405b-80c7-1eee0645b998
105,105,2026-04-30 20:30:14.985964,PAYPAL,1989.28,SUCCESS,44f36f67-9f9f-4d78-b19e-5eb1afcb7996
106,106,2026-04-22 01:51:10.272331,CARD,11639.04,FAILED,e233384e-315b-4176-a306-ac41cbf9c222
107,107,2026-07-30 10:28:36.724644,BANK_TRANSFER,6913.17,FAILED,db378723-00f2-4636-b897-baf03dcf2273
108,108,2026-05-22 16:36:22.530822,PAYPAL,1996.31,FAILED,338a673a-2777-4076-b1dc-b5e1eb1797ed
109,109,2026-05-16 04:12:07.055804,BANK_TRANSFER,12763.73,FAILED,8b0242cd-d6e3-4e87-8cfa-5dd91e8c6c82
110,110,2025-09-18 20:34:57.990385,CARD,5353.1,FAILED,156ba919-6acc-4d15-a405-7f26e14b6985
111,111,2026-04-24 22:55:16.902901,CARD,8726.99,PENDING,6b2f92d6-1955-45d3-81e5-8ea321e58589
112,112,2025-08-01 21:56:12.472201,BANK_TRANSFER,7324.62,FAILED,731a342f-bb82-4a13-9193-6ec1e69f4f21
113,113,2026-09-19 20:41:27.535860,PAYPAL,3153.88,SUCCESS,549e87aa-471c-4a45-b37a-31106806afc4
114,114,2026-05-13 05:01:48.660571,BANK_TRANSFER,9246.17,FAILED,660a7799-f270-4781-85d2-30fbed420c0f
115,115,2025-09-11 12:11:40.754880,PAYPAL,2261.82,PENDING,e3729afb-5bc4-4273-8236-d295c0695fb8
116,116,2026-06-17 21:57:29.850862,BANK_TRANSFER,6742.15,PENDING,2c11e260-f74f-42b9-bdbf-27b019917aee
117,117,2025-10-20 15:20:12.642002,BANK_TRANSFER,466.52,FAILED,01c0d446-0176-4c49-864c-00096e52f623
118,118,2026-05-15 20:04:34.331858,CARD,10106.34,FAILED,856188e7-566b-4b3a-b247-fae286161c8e
119,119,2026-08-21 02:32:28.305840,BANK_TRANSFER,3749.44,SUCCESS,db181333-87ec-4210-8ef0-75bc6a3884a3
120,120,2025-12-11 22:37:13.941954,BANK_TRANSFER,2662.95,PENDING,12402261-5b7f-406f-8eb7-a76eaeec5022
121,121,2026-03-13 04:49:00.420383,PAYPAL,1987.39,FAILED,1b445468-5339-4fbe-815e-e12f5a57ab46
122,122,2025-11-18 10:54:52.171879,CARD,5499.04,FAILED,4d7309bd-dc90-4b7a-81b6-4adde44b4ef1
123,123,2026-01-22 20:52:41.797064,BANK_TRANSFER,4868.55,FAILED,9c934831-96b6-47da-8325-9434c5143fd5
124,124,2026-04-23 02:27:40.813234,PAYPAL,10791.56,FAILED,cd3a9adb-24ca-4a76-8143-a2814bcd9c1e
125,125,2026-07-18 05:01:28.484560,CARD,10936.41,SUCCESS,6812bc74-877f-426b-b39b-766333a3b10e
126,126,2026-10-11 14:46:39.126920,CARD,1938.06,PENDING,83370bc2-0459-4ccb-ad01-44d8ff843d1a
127,127,2026-07-20 06:03:56.048400,CARD,1421.82,PENDING,784ec5e9-d211-4d6b-917a-a0e7d624b181
128,128,2026-09-30 06:22:54.879093,BANK_TRANSFER,1319.17,SUCCESS,0516d89d-73df-4835-9043-0a9fbaedb77c
129,129,2026-10-04 10:32:54.945594,BANK_TRANSFER,3223.29,SUCCESS,e1c3fe98-0bab-40d6-b1a9-0ecf688066f7
130,130,2026-06-20 18:18:05.414144,BANK_TRANSFER,335.52,SUCCESS,2764dec0-448d-4e76-afc5-a8dccf54f88a
131,131,2026-09-05 22:06:32.119648,CARD,9124.46,SUCCESS,0f8e2c42-6945-449d-a49a-d87c833ff31e
132,132,2026-04-07 09:55:35.713449,CARD,7794.16,FAILED,bb37eb79-5531-4e27-b195-706bcc1cbebc
133,133,2025-05-20 18:39:54.577118,PAYPAL,6302.31,SUCCESS,392cbbe0-88e0-4703-bc62-eccf9c88df90
134,134,2026-03-14 16:58:23.200001,BANK_TRANSFER,4459.64,SUCCESS,47298073-df66-42d9-86e0-3c9e9bd4a2fd
135,135,2026-10-09 13:30:31.621077,PAYPAL,8431.96,FAILED,941121bb-ab00-4e65-84e4-b56c366c5ff8
136,136,2026-06-10 22:01:33.093159,BANK_TRANSFER,13592.91,PENDING,10f35eeb-a352-4153-aeea-050dc5291309
137,137,2026-07-08 13:28:02.589155,CARD,10143.13,PENDING,de35adac-7c1b-4227-98ac-23c079c2e9d4
138,138,2026-08-13 00:04:22.331691,CARD,8266.78,SUCCESS,e0ad01a0-936b-4322-a533-f1c5d23eb130
139,139,2026-03-14 22:01:55.348898,CARD,2630.38,FAILED,fd72c77d-562d-4c19-85d2-067ed738177c
140,140,2026-09-07 20:14:13.332570,CARD,5252.1,SUCCESS,5cd1f293-35b1-47d4-9c09-3b8244cb3cf6
141,141,2026-02-14 03:49:48.965177,CARD,3207.02,SUCCESS,4c7fbca1-035f-4dea-86d1-030345327fbb
142,142,2026-01-10 08:53:08.620554,CARD,4667.11,SUCCESS,5a9ba586-3463-4bf0-b6cb-3d600ad01145
143,143,2026-06-02 18:19:51.726683,CARD,6471.7,FAILED,7dfd151b-b0f9-445c-8075-71f260ad1181
144,144,2026-08-07 20:26:03.700362,CARD,1110.86,SUCCESS,03a00991-fbd1-47a8-b943-44b1826a9f3f
145,145,2026-06-14 21:17:55.714344,CARD,4885.64,FAILED,f40e24dd-a39f-4087-a3e5-721c7f8e5198
146,146,2025-07-11 20:15:39.210508,BANK_TRANSFER,14201.08,FAILED,e365bcfd-04d2-49f8-ad44-c4f8404f9c86
147,147,2025-12-23 08:46:09.891997,PAYPAL,1807.58,SUCCESS,8c6af125-c2e2-4bb9-a0c0-7fe1d4112c12
148,148,2025-06-03 18:42:15.181317,CARD,3954.73,PENDING,00476b2e-6ea4-4c5f-bb8b-161ea869959e
149,149,2026-03-13 23:27:40.165033,BANK_TRANSFER,4780.05,SUCCESS,25aae4ba-4530-43c6-803f-e0099df32389
150,150,2026-07-11 02:32:20.076170,PAYPAL,8346.12,FAILED,cd2a915b-0b56-4c02-9b4b-04d1cf09ba78
151,151,2026-08-11 21:05:49.248731,PAYPAL,4992.69,PENDING,87cb5208-e94e-4303-9a90-f2bc170bc3e2
152,152,2026-03-09 14:49:31.274596,BANK_TRANSFER,10830.09,SUCCESS,854506ed-5506-4c69-a3d1-46a9c340b86f
153,153,2025-11-29 09:34:24.453417,CARD,10562.77,FAILED,77f90adb-047e-456d-9efa-244fd76e9ec1
154,154,2026-03-12 09:14:06.137630,BANK_TRANSFER,5501.75,PENDING,3a341cc8-0a76-4472-a750-06d74feaf4ed
155,155,2026-03-26 17:15:47.338606,BANK_TRANSFER,14812.15,PENDING,75b7d56f-aa3c-4596-b0a5-0d6cbe7d7442
156,156,2026-06-03 22:26:16.722493,PAYPAL,8928.13,PENDING,5cd1a960-75d4-43be-afd1-3b5e8857d802
157,157,2026-02-04 10:27:17.196575,CARD,11063.39,PENDING,a803abf2-1d1a-4d83-b2d8-b392f4a6a03c
158,158,2026-02-02 02:40:27.423439,CARD,5938.78,SUCCESS,bce16224-6ce4-40af-a63c-112e8373c5c7
159,159,2025-11-10 09:12:04.853774,CARD,5983.76,SUCCESS,b8bd0a51-85ce-4937-afcd-eb63e8b7b97d
160,160,2025-06-26 19:25:52.999252,PAYPAL,10791.67,SUCCESS,c12e6c4d-85a0-40b4-8038-60ac00f20f74
161,161,2026-09-16 09:25:51.051259,PAYPAL,5207.53,SUCCESS,c965afa7-51eb-4526-9b3b-50fbd6cf3239
162,162,2026-02-27 23:55:34.675352,BANK_TRANSFER,6745.46,FAILED,83a95bae-b242-45dc-a57c-8dacdfb0d43f
163,163,2026-07-13 06:33:47.625779,CARD,5583.44,SUCCESS,6b97c617-920f-4a6a-9b24-346346c5ab95
164,164,2025-12-25 14:35:29.864404,BANK_TRANSFER,10501.32,SUCCESS,2b16b591-3843-4480-8436-44fea58e5128
165,165,2026-10-09 18:07:45.141634,PAYPAL,7340.89,PENDING,a4902e72-bca0-4db4-87f8-00a26deaba22
166,166,2026-02-07 23:54:12.106255,BANK_TRANSFER,11246.17,PENDING,9f69f5d2-b768-4e3d-a072-49528c736bf4
167,167,2026-08-08 14:46:05.717908,BANK_TRANSFER,5865.74,PENDING,d6b15981-6b84-46fb-b591-2faf2a6e5a4c
168,168,2026-10-06 11:48:02.265709,CARD,12023.93,SUCCESS,19419569-35b4-4941-842f-c231ed976c7e
169,169,2026-07-14 08:39:49.430084,CARD,1854.44,FAILED,00a30b00-b325-40ac-b145-b36671861b89
170,170,2026-02-27 05:44:05.199134,PAYPAL,5155.24,SUCCESS,36b0e09f-9721-4986-97ea-a90f2e8a0175
171,171,2026-07-18 11:29:07.062208,CARD,3506.74,PENDING,1621b3fe-ae6f-4fa2-aa2d-97c8a469f111
172,172,2026-03-13 06:51:45.673254,CARD,2711.37,FAILED,ec5ee44d-8795-46a7-8fdc-d94cfb52654c
173,173,2026-09-13 07:47:29.954354,PAYPAL,12482.63,PENDING,8a77444a-77ff-4810-971f-bdfac3acd9ca
174,174,2026-05-18 10:09:04.532925,PAYPAL,9703.25,FAILED,e2e81848-258c-49b4-8768-92ba4b7ea28d
175,175,2026-04-29 10:34:09.136640,BANK_TRANSFER,1866.09,PENDING,90290dbe-5702-406f-925b-15085c9fd48d
176,176,2025-12-05 04:52:09.580780,BANK_TRANSFER,2608.16,SUCCESS,d6027e82-97fe-4542-8c7b-7e6f9f739794
177,177,2026-03-15 18:09:22.912812,CARD,2628.66,SUCCESS,3c4e1724-271b-4250-ad87-a58e6b9fe3a3
178,178,2025-08-16 21:40:25.264451,CARD,1513.12,SUCCESS,a75d0978-3856-4675-a4f8-2a96b99530cf
179,179,2026-03-03 19:24:03.976506,PAYPAL,6147.81,FAILED,f2228efb-80a9-491e-9fea-9f54734783b0
180,180,2026-06-28 05:19:09.449545,CARD,5586.13,SUCCESS,2bd7e12e-e247-4f64-a6c8-fd99fb0ee501
181,181,2026-03-06 18:22:52.846452,PAYPAL,10534.18,FAILED,0e7e41b6-92bd-40ed-93d8-a5bdade73cc0
182,182,2025-09-30 21:25:55.143965,PAYPAL,7568.19,PENDING,fa7e921f-c34e-4629-8bec-682ad0035e3f
183,183,2025-11-03 13:16:32.471545,PAYPAL,11861.64,FAILED,cca8f708-df77-41cc-85d1-cfbdd2ec8e7a
184,184,2026-07-13 04:48:21.474196,CARD,8899.65,SUCCESS,0e3db0ba-72b1-4115-a344-6306a0b01eca
185,185,2026-08-29 15:42:40.898103,CARD,19724.8,FAILED,774cc9de-cf56-478b-87d3-4d638d5c45f9
186,186,2026-10-12 07:24:16.618230,CARD,9099.45,PENDING,426df154-b409-4d74-92ad-8e9194b77fa7
187,187,2026-07-03 05:13:40.722327,PAYPAL,8255.18,PENDING,7f140af5-6bb4-420a-b1f6-a9b6ca8304bf
188,188,2025-09-11 19:12:43.331958,CARD,8000.85,PENDING,13d01698-865b-4878-97e5-ae8933d8ae7b
189,189,2026-10-10 12:03:02.353304,CARD,4264.17,FAILED,8a7102d8-8b6d-4ca5-9d69-bf2ae0e730bb
190,190,2026-04-21 23:54:01.786792,PAYPAL,4786.8,PENDING,bfbafd0e-73d2-4687-97ce-62420a2fc756
191,191,2026-01-03 20:51:41.432841,CARD,9711.56,PENDING,954ba590-5a4d-42c7-90f9-9efe83a1d8c4
192,192,2026-08-29 07:06:46.891869,CARD,6016.23,SUCCESS,8ecdb525-0ede-457a-9a3f-493e7e7e2824
193,193,2026-04-16 07:33:17.354886,PAYPAL,5394.79,FAILED,9bc842e3-fcd1-43a0-828a-a03e5e9db47c
194,194,2026-07-12 00:13:12.624206,CARD,10372.14,PENDING,67ad3af1-2aea-4f2e-a3fe-cab8a08f5c63
195,195,2026-08-26 21:36:31.372701,CARD,4296.18,SUCCESS,8ced2d5d-4379-4f1c-816a-47ad35c8f998
196,196,2026-08-09 05:20:14.309883,PAYPAL,292.65,FAILED,05d9c4d3-866e-4085-b492-abcf6938edd8
197,197,2026-07-25 13:03:58.719930,CARD,3979.41,PENDING,7a9ede9d-af6c-4716-8453-2d47f5a0cc24
198,198,2026-02-10 19:08:49.710892,PAYPAL,5113.29,SUCCESS,662e9227-97fb-450f-bce0-279826a3da0d
199,199,2026-08-25 17:13:22.798148,PAYPAL,6495.09,FAILED,a1b0511a-ef87-4846-9d50-f0982e2f2252
200,200,2026-08-09 01:04:03.357780,PAYPAL,7859.88,FAILED,d9878d2d-a1cd-48f8-8721-a8139a45c779
201,201,2025-11-27 03:57:47.040863,CARD,10292.96,PENDING,cea9e905-e0e4-4b32-8c14-1f2316954ee6
202,202,2026-03-24 14:55:37.724296,BANK_TRANSFER,7996.31,PENDING,a5a4757d-912b-48a6-adab-832d27998565
203,203,2026-09-13 16:49:16.087493,PAYPAL,3142.3,FAILED,d8eaea6e-6310-4d7f-a4c1-5b8185e2fbd7
204,204,2026-04-09 18:27:41.731686,PAYPAL,8687.22,SUCCESS,c45b2a95-82c0-46fa-9929-a0e7c32dd294
205,205,2026-03-17 20:44:59.700851,CARD,5754.15,PENDING,d3d857db-a61b-4d5d-86cc-2bbacef4b59b
206,206,2026-08-05 08:07:18.410351,CARD,8188.93,PENDING,b71bd82d-6355-49f4-a6db-b507ea583411
207,207,2026-09-22 06:38:26.003425,PAYPAL,3052.62,SUCCESS,df81ee4a-0961-4221-9892-d611f739b0d4
208,208,2025-09-18 21:11:20.515739,PAYPAL,6266.76,SUCCESS,382d9e0c-21c7-406f-960d-08d774660343
209,209,2026-01-05 23:30:31.067792,CARD,9497.9,SUCCESS,24dbc6d1-8e09-4b50-96e8-244525906585
210,210,2026-08-03 00:48:13.611517,BANK_TRANSFER,379.28,PENDING,3951c0c7-3b20-443a-a4ba-28fc9b506366
211,211,2026-09-28 12:01:50.112162,CARD,6229.32,PENDING,ee009e59-a9aa-4883-82e9-db99b4d94221
212,212,2026-07-24 04:58:00.187498,BANK_TRANSFER,9966.48,PENDING,e6f15890-9b83-47fe-8dc5-0fb3a94e6d31
213,213,2025-12-11 10:50:09.793048,PAYPAL,5187.38,FAILED,50f15b8c-b6be-4014-be1b-b73f0bd515d8
214,214,2025-11-05 12:19:14.114285,CARD,2160.45,FAILED,82d3066f-75d2-45de-93f1-7e127da70582
215,215,2026-05-13 18:45:23.198221,CARD,7125.27,SUCCESS,bac770a4-c86e-4b62-84c0-a2e5dcbc8f64
216,216,2026-08-12 12:23:59.962296,CARD,13153.95,PENDING,569c16ba-30e5-45eb-b973-3885ff1d7d34
217,217,2026-04-24 18:03:25.769165,CARD,95.7,SUCCESS,7ca170c6-cce4-494c-8365-a4ac7233060c
218,218,2025-11-06 21:43:17.645336,PAYPAL,9454.1,PENDING,2bba1b17-c414-4913-99ff-ec0dbd5f4732
219,219,2026-09-25 23:10:38.441886,CARD,3480.3,FAILED,37d02fb3-e13e-42b5-a617-9f06a87fce58
220,220,2025-06-18 02:12:44.951063,PAYPAL,3543.72,SUCCESS,0aeeeac9-a1d2-4c0f-971b-8409544b0325
221,221,2026-07-07 13:55:20.155322,PAYPAL,8208.23,SUCCESS,ad1624e1-70a2-4ad8-917b-9145c48383a4
222,222,2026-08-28 22:36:01.098251,PAYPAL,5227.26,SUCCESS,17f718db-a4ca-4318-a081-a7805b8392ce
223,223,2026-05-15 13:50:04.397167,BANK_TRANSFER,5691.73,SUCCESS,e08e7b53-aced-408c-9a7f-3ebd9e2c8d55
224,224,2026-09-02 17:15:59.048314,CARD,17073.31,PENDING,d2799a25-b5fe-46c1-861a-eea8843e7994
225,225,2025-07-02 18:26:11.411031,BANK_TRANSFER,4917.04,SUCCESS,fb5ae35a-5e1d-42e2-8fa9-77fc0b7246e2
226,226,2026-08-30 10:10:32.925892,PAYPAL,6502.44,SUCCESS,138baaf1-f8cb-496e-9acb-b1ba3590874c
227,227,2026-03-31 15:43:43.990386,BANK_TRANSFER,8507.1,SUCCESS,f373057b-7bbf-4c61-a344-7f1d4efe5cf1
228,228,2025-05-29 10:49:31.110643,BANK_TRANSFER,4693.52,FAILED,c0a6a43b-1a37-40ae-b399-7b7eeb747d0d
229,229,2026-04-05 06:52:21.554497,PAYPAL,2660.84,PENDING,cb1451d0-a5ee-4681-ba4f-961d3a10fd0f
230,230,2025-08-17 00:26:03.417609,PAYPAL,10976.82,PENDING,89272f04-668d-4b72-b2cd-c1d00c99a75b
231,231,2026-10-11 05:07:47.033624,CARD,8216.99,FAILED,c0036851-a0b6-4808-9305-482b1d240480
232,232,2026-05-30 08:51:37.537219,PAYPAL,9751.25,PENDING,9a0baa34-88a8-49dc-86c5-0ec4ef346f0d
233,233,2026-01-03 22:34:01.714516,CARD,9864.06,FAILED,701ae861-a38c-4df1-9531-06900997ed80
234,234,2026-08-14 14:51:33.902577,BANK_TRANSFER,3891.83,PENDING,89a87774-7247-46f8-9e2f-5c7f73491aef
235,235,2026-01-30 03:22:45.825052,PAYPAL,5606.76,SUCCESS,a38905fd-3b6c-4438-a462-36fae1ea3804
236,236,2026-10-05 05:43:09.371519,CARD,3149.32,SUCCESS,445abdce-a0a7-4916-8729-8c4ecde66117
237,237,2026-07-29 11:47:57.112129,BANK_TRANSFER,435.82,PENDING,6979bafa-436e-4bb8-8abb-6f54832b3664
238,238,2026-10-10 07:00:55.940420,CARD,9753.08,PENDING,065557aa-4b1f-4d17-8f69-9c989312c20c
239,239,2026-08-25 20:16:30.367925,PAYPAL,5000.19,PENDING,c5abb318-d1c4-4141-bb5d-f6cefd5b641a
240,240,2026-02-08 15:53:27.318731,BANK_TRANSFER,4561.56,FAILED,4c546b59-f42a-49b5-ad61-c2b7db318c10
241,241,2026-10-10 02:49:01.336031,BANK_TRANSFER,5495.99,PENDING,f008a202-37ca-44f6-ae97-f8ce10ff2cbb
242,242,2025-08-07 08:36:00.454040,CARD,6614.22,PENDING,c2255b2c-37f8-4f31-bad1-ef0251bd838f
243,243,2026-01-08 14:53:30.988095,CARD,7821.13,PENDING,1e786fa2-de5c-45a3-b553-f9c6a9729e19
244,244,2026-09-19 09:12:22.395142,CARD,4123.56,FAILED,73f833d3-5db5-4cdc-bf8b-4f9ff1e52e88
245,245,2026-08-31 20:59:08.677979,BANK_TRANSFER,13073.83,FAILED,b40b858f-e8f6-4c81-99f6-a8932900b3a7
246,246,2026-09-22 03:18:32.943328,PAYPAL,14732.96,SUCCESS,1abdedcf-3bc8-4f65-b06e-3f71a99ca3da
247,247,2025-12-13 10:23:08.066875,PAYPAL,10817.19,FAILED,be37d0e3-c626-425c-8f3f-57acf634100c
248,248,2025-09-01 06:11:17.919177,BANK_TRANSFER,12675.66,FAILED,d4721f5f-909f-4248-a2ff-1be309a9b688
249,249,2026-03-29 22:50:44.300568,BANK_TRANSFER,1471.7,SUCCESS,b489593e-ebf8-4648-9e48-2c028f286cdb
250,250,2026-08-10 13:40:16.755138,CARD,9752.79,SUCCESS,d2575c4b-fef5-40ca-a9e6-c348a47d0a49
251,251,2026-06-07 13:09:54.379915,CARD,678.48,PENDING,603bfb90-1729-4ea5-8cd2-6e062cd0196c
252,252,2026-08-18 03:30:42.304007,BANK_TRANSFER,7575.83,PENDING,8ccc2888-11a8-4fa7-9f72-fc44bc83ecb0
253,253,2026-04-18 18:17:40.366484,PAYPAL,3833.87,FAILED,3f58282a-899c-4e9a-8119-1db3bd26551f
254,254,2026-09-04 03:13:19.193917,CARD,6636.01,FAILED,f25d2c85-0622-4294-a399-839fcc0e8c1b
255,255,2026-05-22 22:44:13.142603,BANK_TRANSFER,7724.79,SUCCESS,cb720f38-4aa8-4839-8cc5-a9ec3511df3d
256,256,2026-05-19 18:02:59.992424,CARD,2529.13,FAILED,6386d673-412d-4f6c-b582-44ab788fb376
257,257,2025-05-05 04:32:06.229006,PAYPAL,8848.01,PENDING,a1d72be8-be35-4f18-986a-9f101f5121a6
258,258,2026-09-30 01:14:17.588424,BANK_TRANSFER,7002.52,PENDING,1513a64b-a67a-4cc7-888f-39a68b76011a
259,259,2026-09-11 06:40:52.458122,PAYPAL,3015.43,FAILED,ee906cfe-bda0-4104-848a-441e7cafb69b
260,260,2026-09-08 20:47:31.360497,PAYPAL,2303.49,SUCCESS,104ad7ea-6cb8-4c22-9d6a-62d59c193073
261,261,2026-05-02 13:52:30.627743,BANK_TRANSFER,4517.8,FAILED,295c1fe4-f2c4-46f1-835c-5a0b5630033c
262,262,2026-09-27 21:25:07.526315,BANK_TRANSFER,5170.98,PENDING,1813395c-aa16-47b0-837c-9e6313b1329b
263,263,2025-12-03 07:23:14.878401,PAYPAL,5889.0,PENDING,d5897d69-a541-4b63-9261-d4df8d43830e
264,264,2026-09-23 05:04:49.919168,BANK_TRANSFER,344.66,PENDING,3a596560-1950-428d-bf99-581de428539a
265,265,2026-08-10 12:17:25.097224,CARD,572.97,PENDING,aaeadea2-4601-4e11-9678-8ff74cc317ef
266,266,2026-08-16 21:15:59.246567,BANK_TRANSFER,9203.89,SUCCESS,b48a2d14-0efe-4e46-a3ad-0b6eb2f4f8d5
267,267,2026-10-06 11:51:35.659531,PAYPAL,6599.98,PENDING,b1a9a576-3411-4ce8-8ffc-e678d13a785c
268,268,2026-04-04 14:34:11.814253,PAYPAL,3949.2,PENDING,bc66d391-069c-4309-89ad-5cbb7322b792
269,269,2026-10-13 09:32:06.628222,PAYPAL,7697.6,SUCCESS,dc0382e2-b80e-4079-8f74-12ff976bf9d7
270,270,2025-12-29 03:59:08.984434,PAYPAL,2359.6,SUCCESS,a30d5097-aa18-4a7d-89e2-b4f467b28af7
271,271,2026-10-13 10:07:43.067817,CARD,3609.23,PENDING,ef2a3540-c549-4a63-b387-3e37f899945f
272,272,2026-04-11 11:55:03.860241,BANK_TRANSFER,6368.05,FAILED,da4d407d-f634-4d4f-acbc-925026cccf5a
273,273,2026-02-22 20:40:44.752605,PAYPAL,5347.72,FAILED,0791e8ca-bfc5-4a33-aecd-8622f82066f8
274,274,2026-02-11 18:21:14.138817,CARD,11847.12,PENDING,b50334d2-626c-4e1a-95cb-e6a3a553c7ea
275,275,2026-08-12 03:27:01.529212,BANK_TRANSFER,4691.97,SUCCESS,304896aa-e404-4f1e-8ecd-f68c1dd7dcee
276,276,2026-03-02 06:55:16.551303,PAYPAL,6608.68,FAILED,998b6416-1f84-4af3-b5ad-919a73d1ca2b
277,277,2026-08-14 05:26:36.520507,CARD,13692.57,PENDING,6f7d696b-69f2-4bec-aa5d-69d9fd6d361c
278,278,2026-09-14 15:03:24.137421,PAYPAL,7506.96,PENDING,503e19e9-ff54-4b60-a3b9-89fa0062050e
279,279,2026-05-20 16:05:38.964082,PAYPAL,13647.32,SUCCESS,2c84740d-4723-4612-bd92-1577ea4f2cb7
280,280,2026-09-11 20:36:47.898008,BANK_TRANSFER,5139.77,FAILED,cb1e7a8c-2269-4377-8835-d895ebf5ccfa
281,281,2026-08-18 07:53:18.719623,CARD,1863.84,PENDING,b2ee47db-ae17-472b-a236-32f220c4ff5d
282,282,2026-10-12 16:42:38.025400,CARD,8690.12,SUCCESS,8b51dc99-96a0-465b-9d1c-a8c644c73898
283,283,2025-04-12 02:22:35.406020,CARD,3991.26,FAILED,b9a693ef-3571-4561-bd12-c52be64f17e3
284,284,2026-01-04 00:12:12.271071,CARD,4109.34,SUCCESS,e41f5845-3880-446d-8dc1-09146c626aa7
285,285,2026-09-06 17:30:59.464182,BANK_TRANSFER,1105.92,SUCCESS,04221ae9-bd88-4958-9e00-9ef45bab5aec
286,286,2025-08-25 07:03:19.808659,PAYPAL,6731.05,PENDING,12798646-9d40-4e1a-b3cc-8561dd3f1d3b
287,287,2026-09-22 01:57:54.017672,BANK_TRANSFER,1283.77,PENDING,d072d994-46ad-4f26-8def-1085a2baec1a
288,288,2025-11-09 23:44:01.567442,PAYPAL,2430.86,SUCCESS,9de562c3-06e3-48f5-8b34-3a6f463ba894
289,289,2026-03-01 09:59:33.954239,PAYPAL,3786.18,FAILED,59b7de4b-dbbc-4e37-86e0-90313eccd90a
290,290,2025-03-08 16:48:41.741731,CARD,18547.86,PENDING,e8706ff9-653c-469a-99f9-b0084dd5ec39
291,291,2026-03-09 07:27:11.365636,PAYPAL,10414.26,SUCCESS,de598930-23de-4993-8ea2-afafe1b5eaf4
292,292,2026-09-01 02:53:29.713434,BANK_TRANSFER,12051.03,FAILED,8cb1a229-1c2b-4267-8d73-b07ed04536d0
293,293,2026-09-18 08:39:16.354759,CARD,4776.38,PENDING,612e1fcf-20d4-41ba-8069-60367d577db0
294,294,2026-02-25 18:51:49.136490,CARD,1655.7,SUCCESS,c01cb5b4-c844-48ba-95a5-7efe914eff49
295,295,2026-09-06 17:19:27.802212,CARD,13038.53,SUCCESS,e4c4cc4c-61a2-4b14-a491-8bd2e79398c7
296,296,2026-08-25 08:49:48.453277,CARD,8070.12,FAILED,c207eff8-9528-488e-9b23-ccfe55b9103a
297,297,2025-10-31 22:43:11.896508,CARD,4918.26,FAILED,704cc8c3-af70-4ace-bc68-5f752ec5ee8a
298,298,2025-12-31 13:45:42.177242,BANK_TRANSFER,4145.53,PENDING,17b9fa71-cfd8-4503-8340-d816e17c0533
299,299,2025-07-31 20:01:49.622789,CARD,9611.65,PENDING,ed632454-3761-46d8-86bd-49c70b83e34e
300,300,2026-07-26 23:51:57.808826,CARD,3250.8,SUCCESS,8c2dc007-d079-459d-ab53-b7a7caf5c7b4
301,301,2026-07-01 13:52:08.099975,BANK_TRANSFER,5793.88,PENDING,cd3473ed-be32-4b1a-adcc-6e66f90999a5
302,302,2025-09-25 12:56:31.749162,BANK_TRANSFER,7409.99,FAILED,fa90a745-b8d5-4915-ba86-030910448af3
303,303,2026-08-19 10:19:15.759452,PAYPAL,187.44,SUCCESS,4565e77f-f7f2-4d96-8823-bd8aefd18b7b
304,304,2026-08-17 19:46:46.691903,BANK_TRANSFER,9735.13,FAILED,e0005105-417d-4986-aeef-c38eece45dd8
305,305,2026-04-29 07:05:05.150830,CARD,14333.38,SUCCESS,888fdb71-2e39-434c-a403-b9a97b2a1997
306,306,2026-09-13 11:45:59.241577,PAYPAL,9160.94,FAILED,4cfa0607-0034-42c6-929a-097e3a8bad91
307,307,2026-02-17 07:49:29.129774,CARD,9701.84,FAILED,10ec3c87-3bc1-4038-b4ea-6d5d3dbf4e1c
308,308,2026-01-03 11:33:21.699393,PAYPAL,7614.27,SUCCESS,bb30e92a-60c2-4d65-86a7-7fbe5c776b87
309,309,2026-05-27 02:20:22.612617,BANK_TRANSFER,7016.31,FAILED,7b7192b0-afc7-4dad-9fb0-ca70156cd780
310,310,2026-09-07 09:05:07.011101,PAYPAL,1139.13,SUCCESS,5b8b8ccd-2618-4d5d-b2ae-5cb9d4576672
311,311,2025-06-15 02:25:31.691975,CARD,8565.93,SUCCESS,969ec677-c81b-4f7d-b259-c52842be2d2d
312,312,2026-05-24 23:06:46.869192,PAYPAL,1510.12,FAILED,d2eb13d1-96f3-40a4-b770-42d2845df425
313,313,2025-12-18 00:23:30.008042,BANK_TRANSFER,4968.59,SUCCESS,b02e1da7-dff6-4376-a24e-ae6510435959
314,314,2025-05-22 14:41:24.113720,CARD,5936.25,PENDING,4910f373-527d-4562-954a-29b903932535
315,315,2026-04-11 07:17:33.528279,CARD,5385.56,PENDING,6cc7f157-6f79-4fc6-a68f-c9077edc2ce1
316,316,2026-03-19 20:36:48.215114,CARD,11493.47,SUCCESS,87410f48-b2c8-4d8b-8d40-a2ea31bee6d3
317,317,2026-08-02 21:46:58.544846,BANK_TRANSFER,3680.57,SUCCESS,1993644b-0f4d-426e-8d35-8bc380863f67
318,318,2026-04-22 06:35:13.436780,BANK_TRANSFER,1038.61,SUCCESS,3e42ee14-f70c-476c-bafd-04ce8931a16a
319,319,2025-12-13 21:06:13.845389,CARD,3511.44,FAILED,53172e89-1595-4106-9511-6c5f34c4f6ad
320,320,2025-12-05 06:26:56.003456,CARD,6705.85,PENDING,6ee1e14b-3a95-416f-800b-2ed1109ec9c3
321,321,2026-03-19 06:11:03.449776,BANK_TRANSFER,7430.31,SUCCESS,1a983011-a19d-4b96-abbb-87e0699d0f72
322,322,2026-09-27 17:34:24.915514,CARD,7940.94,SUCCESS,8c6ab706-cc66-46e7-bc62-f99703c8c32f
323,323,2026-03-30 12:27:09.219717,PAYPAL,3620.37,FAILED,9d79c79e-0b9b-49e4-98e9-d1fd74c377c5
324,324,2026-05-21 16:18:56.601532,CARD,9329.27,SUCCESS,6c59c38c-51f0-4e1d-8645-fe26a18028d5
325,325,2026-04-08 12:24:06.103056,BANK_TRANSFER,3164.17,SUCCESS,d6c56584-7442-4e4a-82cf-fc0f54a6b09a
326,326,2026-02-02 11:31:57.064838,PAYPAL,4910.32,SUCCESS,d67d81a6-a6d5-4b1c-8c44-37c9a46ebe69
327,327,2025-07-29 04:07:25.560555,BANK_TRANSFER,2654.44,SUCCESS,94040039-d26c-4105-ad85-33a2dd1d125f
328,328,2026-03-25 20:25:31.617502,PAYPAL,10529.23,SUCCESS,b8b34edc-cf02-4db8-acab-e1e93e906a8c
329,329,2026-06-19 20:00:13.116593,BANK_TRANSFER,5341.84,SUCCESS,b4ec2cea-2de0-4f51-8366-2f06f12b37c6
330,330,2026-06-07 01:51:47.395915,PAYPAL,11660.98,FAILED,0d83e591-0882-40ec-a77c-8f550321fd27
331,331,2025-08-26 11:24:21.953195,BANK_TRANSFER,11652.6,SUCCESS,809057fa-f57c-4fc8-af5d-6fd60de201b2
332,332,2025-10-11 11:37:38.404135,PAYPAL,6181.67,FAILED,b0fe70f9-a5a3-4252-ba10-02b755d25466
333,333,2026-10-07 11:24:08.352151,PAYPAL,3417.18,FAILED,acdf286c-04d4-45cb-b204-11c9e8f2b844
334,334,2026-09-22 06:33:55.149889,CARD,8622.12,PENDING,49ce7695-2b0f-425c-a35a-e03ad4b8a420
335,335,2026-06-15 04:56:55.199069,BANK_TRANSFER,8398.54,FAILED,2745639d-c9cb-4eca-8a0d-ff8a1888d0b8
336,336,2026-04-15 23:27:11.780324,CARD,6615.9,FAILED,1a648d30-0963-461c-bafb-783068aae55f
337,337,2025-10-28 13:55:09.438843,PAYPAL,3406.94,SUCCESS,96bd2185-bd10-46f2-91db-b17f418f69ac
338,338,2026-02-19 23:30:28.351722,PAYPAL,1247.82,FAILED,dc237929-fbac-42e8-986f-4fa504e34cb1
339,339,2026-08-02 02:48:35.750878,CARD,6012.49,PENDING,d94b413c-34af-4ec4-bff6-16dae490ee09
340,340,2026-09-24 07:38:01.317733,BANK_TRANSFER,4678.09,PENDING,da566160-22bc-466b-a0f4-1f0b24019b6a
341,341,2025-05-01 01:19:47.287015,PAYPAL,5546.8,SUCCESS,51cbcee7-fdc0-4004-8810-da5609904f9b
342,342,2026-05-30 06:04:06.246562,CARD,319.38,PENDING,2f270678-2167-4783-964c-97a2fa315198
343,343,2026-06-02 11:10:39.869814,PAYPAL,3326.7,SUCCESS,23cc6ecc-60b6-4cc6-9f58-1cc50c14bea9
344,344,2026-07-26 15:35:17.565594,PAYPAL,9708.64,SUCCESS,bd399a47-a9cb-426d-b5fc-402b18799ef1
345,345,2026-09-26 02:29:01.613332,CARD,8664.04,FAILED,1d26b39d-1355-4620-99af-a5210bde0eac
346,346,2026-09-30 12:05:26.154855,PAYPAL,6044.03,SUCCESS,3585ffbf-4e86-4d9c-88c0-5a8b418aeb2e
347,347,2025-06-29 08:48:08.957772,PAYPAL,10592.22,FAILED,a4493a03-3a52-4be6-b143-f35f19dd0522
348,348,2026-05-07 08:06:39.820968,BANK_TRANSFER,13959.94,SUCCESS,f4924446-60fb-498e-845b-a11c2e791bbb
349,349,2026-10-04 23:33:03.493516,CARD,7534.8,PENDING,3e4616c2-2887-49be-b6f5-1698cbee70fb
350,350,2026-09-27 18:53:49.616987,CARD,6148.76,SUCCESS,dc239ca9-d518-4ad4-95e5-a0234110d336
351,351,2026-05-24 11:18:05.285046,CARD,7574.08,FAILED,3771ad89-2051-4ac6-9550-4d754886e36f
352,352,2026-04-25 08:08:54.651522,CARD,6522.41,SUCCESS,c5c38c43-4c64-4286-a654-8fd680272505
353,353,2026-08-05 18:52:58.570830,BANK_TRANSFER,1679.31,PENDING,cb0568b6-6d9e-4e0f-b155-fedf9c026b25
354,354,2025-04-13 22:38:17.369860,PAYPAL,2418.06,FAILED,6e17a778-8312-4afa-956a-135143826ccb
355,355,2026-07-15 22:25:52.203638,BANK_TRANSFER,3467.12,SUCCESS,0df4495a-bed4-4c9c-ac82-96ea4482ebb7
356,356,2026-07-22 19:54:56.091990,PAYPAL,5888.39,FAILED,3f5d49d9-5b4a-4e4b-b364-b7999555fba1
357,357,2026-04-26 17:57:01.166799,CARD,6028.08,SUCCESS,793acc48-ab86-4e53-a2fb-faaa742d5ae3
358,358,2026-04-12 04:12:51.374874,BANK_TRANSFER,2458.62,SUCCESS,46d7a3ea-3e14-4cb6-9229-6fceddf1b853
359,359,2026-05-21 22:47:22.829859,PAYPAL,2772.49,FAILED,5c4b3f9c-a005-4c0d-a310-dff58cd66615
360,360,2025-10-12 00:12:38.834319,PAYPAL,3791.2,FAILED,5b30ab41-3b67-490c-9493-9e8978ce49d0
361,361,2026-06-05 01:51:08.786486,CARD,1315.19,PENDING,b0383895-55a8-446d-9794-dbedc63ee24d
362,362,2026-02-11 10:44:13.580288,CARD,6303.63,FAILED,677f2b3b-f5b6-40f9-bb59-a25b6236c6f1
363,363,2025-11-07 06:30:48.657295,CARD,717.16,FAILED,10fb6052-d8d9-492e-900e-7426551fbe65
364,364,2026-03-24 09:53:29.600930,PAYPAL,7950.87,PENDING,f5df7921-63dc-4932-a5b0-9143c3978273
365,365,2025-09-24 19:00:56.743945,PAYPAL,8188.78,PENDING,a3bb9331-df51-41bc-bf0c-bf7dc99bd782
366,366,2026-06-30 10:19:13.992550,PAYPAL,8055.53,FAILED,6a9f07d4-6aa3-44bd-aa86-ff039e9d5a73
367,367,2025-12-17 03:43:27.719170,PAYPAL,14316.92,SUCCESS,fe1c4a28-c862-470c-b904-ffb1443ff733
368,368,2026-06-12 10:48:01.294218,PAYPAL,6503.32,PENDING,94e40f2f-d957-4d96-a781-80493fcc7644
369,369,2026-05-30 23:00:38.452568,CARD,4453.63,FAILED,71083466-e0ce-44a8-89dd-fe2128c4de0d
370,370,2026-07-19 03:46:27.285998,BANK_TRANSFER,2630.38,FAILED,c3c25410-ec7e-4a42-8552-d0d2f2efd80a
371,371,2026-09-27 14:35:40.554245,CARD,18542.84,PENDING,3bbb33fe-aabb-4d32-915a-1417b83ce50d
372,372,2025-12-25 15:11:22.640521,CARD,7972.78,FAILED,b07c80da-b2e0-4353-949f-98268faa586e
373,373,2026-06-11 09:36:57.855561,PAYPAL,8292.56,SUCCESS,a24015d1-c30b-4db6-a095-8a6968607a49
374,374,2026-08-04 03:46:01.440805,PAYPAL,2114.56,FAILED,56ce3395-e362-4f12-8d2b-73b3939b302e
375,375,2026-05-13 23:23:08.619584,PAYPAL,2527.57,SUCCESS,e09f3c1f-33da-4f19-8a25-97ae2772d577
376,376,2026-09-05 11:40:36.248015,BANK_TRANSFER,5238.26,PENDING,7e6d39b8-6364-440f-bd69-2ef1c1464090
377,377,2026-08-28 08:50:12.120441,PAYPAL,10651.1,SUCCESS,56b8a1c5-1a6f-49ab-8c3d-4a8126968a0a
378,378,2026-08-18 16:57:02.022423,CARD,1006.5,FAILED,dd0885b1-7529-42f6-a415-8988281a7dd1
379,379,2026-03-07 19:17:45.595299,BANK_TRANSFER,8757.79,PENDING,324edaa7-f36e-425b-ab18-d634ef1b64cb
380,380,2026-06-20 12:35:17.462737,BANK_TRANSFER,6390.22,SUCCESS,52f074c3-397f-4fd4-ae64-73038c0b9e42
381,381,2025-08-08 22:58:52.328673,CARD,6703.49,FAILED,692bc7c4-495f-4032-a8cb-1211f0b00a51
382,382,2026-05-02 11:13:57.803954,BANK_TRANSFER,949.43,SUCCESS,3f10dc05-6ddd-410d-bfc3-e5bc800dd8dd
383,383,2026-05-16 14:50:24.676632,CARD,634.05,SUCCESS,19ecb4a0-c8e8-4531-a9b7-aabc06b0bb2f
384,384,2026-03-15 18:41:02.059705,PAYPAL,11169.3,PENDING,90c50d15-4bc8-44c9-a5a9-53e189d49382
385,385,2026-07-19 19:58:58.928854,CARD,1994.01,FAILED,9bc150d9-9dac-49ca-bc82-5d85a38ff713
386,386,2026-08-14 23:25:08.639198,PAYPAL,4503.5,FAILED,a8430b6d-c98e-402e-8bdf-7e7ec2486251
387,387,2025-09-18 05:44:36.907394,PAYPAL,477.29,SUCCESS,397f9ba7-dc46-4101-9abf-8127189f59f5
388,388,2026-04-14 08:26:22.853770,PAYPAL,7079.22,SUCCESS,64c656e1-19fc-4dff-9553-4ea080061969
389,389,2026-09-06 03:58:19.133855,CARD,8248.83,FAILED,b1d3cf22-325d-4c3b-a7e1-1cb783e8ac28
390,390,2026-04-28 12:09:16.842897,PAYPAL,107.63,FAILED,7f4220cb-05eb-4925-beae-0a11077b6a9d
391,391,2026-09-10 04:11:24.717944,PAYPAL,3350.55,SUCCESS,0f161581-6129-41b0-a17c-0678795700a0
392,392,2026-07-09 01:59:12.004735,BANK_TRANSFER,5769.87,FAILED,c5f4ce56-d481-4780-8667-6b082a82007a
393,393,2025-03-15 21:37:01.016026,BANK_TRANSFER,5766.63,FAILED,9d11421a-894b-40af-861c-52c2186d5e1c
394,394,2026-07-21 07:02:40.977274,PAYPAL,4651.06,PENDING,e761cb19-8dcb-4387-b57c-2a257b629e6a
395,395,2026-07-03 10:59:22.103873,CARD,4989.21,SUCCESS,62f80d94-23d2-4968-a56f-d1128e518e43
396,396,2026-06-22 18:59:37.425682,PAYPAL,14187.88,FAILED,21be9f38-1e29-415e-b53f-e8c392e73ba5
397,397,2026-10-04 22:11:57.308729,BANK_TRANSFER,5285.36,FAILED,c8a41ff0-65f2-4679-8914-e34efaa2bdc6
398,398,2026-06-26 01:54:29.242141,BANK_TRANSFER,12562.98,SUCCESS,c5f46ccb-c872-4188-8c3f-e94fc4a9a7c5
399,399,2026-05-07 06:26:05.083637,PAYPAL,691.11,SUCCESS,47291e1d-a477-4a78-92c4-c1082f16ec7f
400,400,2026-07-21 17:31:34.681599,PAYPAL,9408.1,PENDING,d4d332e6-fdd2-4e6c-9401-cf76bfa886b5
401,401,2026-04-26 01:42:50.057739,BANK_TRANSFER,8869.86,SUCCESS,4be9e5d7-b3d9-46f2-97aa-abb2637b510c
402,402,2026-08-25 08:48:50.702260,PAYPAL,11277.48,PENDING,d0e1c093-eacb-41a2-b482-679667cc3176
403,403,2025-08-18 10:24:27.736809,PAYPAL,4955.48,SUCCESS,bf8048b4-2381-4db9-b5c3-2e981bdfdf34
404,404,2026-09-14 02:20:54.596787,CARD,9373.26,PENDING,a16f9a2a-96b0-4859-8e78-78c3dc4e9d81
405,405,2026-09-10 05:55:43.435210,PAYPAL,7907.29,PENDING,d216bc34-6539-41f8-b719-6a5002e7b683
406,406,2026-06-03 18:08:56.685610,BANK_TRANSFER,15947.8,FAILED,1475e3a1-aa39-4161-98b2-f3368170c721
407,407,2026-10-11 03:50:34.116056,CARD,7745.46,PENDING,69e27089-a45c-46e9-ae78-3af91c1e4c10
408,408,2026-04-27 08:49:10.856820,CARD,12586.77,SUCCESS,913132de-4ac9-4390-b7f6-840c621dd512
409,409,2026-01-10 19:04:38.114118,BANK_TRANSFER,4989.21,FAILED,fd54c0c9-7395-4c95-a8f5-a1409ed3f7e1
410,410,2026-04-01 08:07:03.815957,CARD,9034.38,PENDING,8cfaeea8-e395-42fc-ae92-d5ea6964c5b4
411,411,2026-06-20 20:25:59.190270,PAYPAL,8995.31,PENDING,1c666748-999e-4f31-b87e-1146542186b7
412,412,2026-03-23 03:55:18.544992,PAYPAL,6549.53,FAILED,2b788de2-1b80-4ffc-a3be-c0cff4b7ff1f
413,413,2025-11-24 08:28:51.382885,BANK_TRANSFER,3749.2,FAILED,1d142405-070c-4acd-923b-6c06c5fabf97
414,414,2026-05-23 13:27:51.242795,CARD,9259.78,SUCCESS,9a048d5b-9153-46a0-bf34-bdb6b7ea10d8
415,415,2026-08-27 19:05:22.802031,PAYPAL,11146.79,PENDING,c11d1f00-c2ec-4471-88ac-d76695c930ea
416,416,2026-09-20 14:38:30.706374,PAYPAL,10221.43,SUCCESS,f8d91bd6-45ad-48ed-bb4b-b2ab39f6c0f7
417,417,2026-01-11 13:10:04.935801,PAYPAL,6309.55,PENDING,6b54c209-aa77-4836-aaea-93f679eabc73
418,418,2026-07-01 19:41:47.635257,BANK_TRANSFER,3824.89,SUCCESS,f4fdc90c-3482-454d-8cd3-da48a8237c27
419,419,2026-06-26 20:12:01.882918,CARD,5987.12,PENDING,480ce69d-19b3-4751-8b68-abfa8892161c
420,420,2025-12-22 10:31:17.468888,CARD,1511.11,FAILED,b0fca9d9-cc11-46c0-8ba5-944f9037d21c
421,421,2025-09-12 21:47:50.571912,BANK_TRANSFER,3379.26,SUCCESS,12377609-f47b-425b-8fe4-3c25ba767b8b
422,422,2026-10-05 05:20:07.704131,PAYPAL,491.01,PENDING,09a686a9-376d-453d-99ba-118b7e5e212d
423,423,2025-03-30 12:26:27.973091,PAYPAL,1006.5,SUCCESS,1755028b-8b5e-4d91-a8a1-3331404482f9
424,424,2026-06-06 20:02:01.817614,PAYPAL,5627.66,FAILED,940e370f-486d-42df-b9ae-8b4302ab02c3
425,425,2026-06-17 04:03:20.391622,BANK_TRANSFER,6727.92,PENDING,1541fa1a-a85e-4974-a9b4-e9c5971ee001
426,426,2026-07-26 22:55:19.609083,PAYPAL,3261.89,PENDING,a7f9ead2-4fc1-4667-9932-1ab30c2cef31
427,427,2026-08-10 06:43:09.057776,CARD,14249.18,FAILED,09e52183-e96f-496d-a4c5-11d5295b5073
428,428,2026-07-01 09:12:01.976716,CARD,12351.45,FAILED,6acf86f6-e1b7-4af2-94ae-e54d8fd38455
429,429,2026-08-20 13:48:40.910977,BANK_TRANSFER,4174.4,PENDING,ea7d9349-6779-4ac0-9e7b-5e00ed032b70
430,430,2026-03-23 11:07:28.992360,PAYPAL,8847.08,FAILED,1285c5f5-f6fe-44c8-bf7c-4122087166e1
431,431,2026-07-30 18:11:16.242656,CARD,6648.74,FAILED,4abf132d-3f17-4407-8a20-4f3a9a2b3427
432,432,2025-07-13 03:51:36.422834,CARD,8183.89,FAILED,3358b2ec-c50b-4ab2-987b-589ef46c0289
433,433,2026-01-14 18:11:16.637798,BANK_TRANSFER,5503.96,FAILED,5441a465-ef3d-4f04-be22-c440e5339b2a
434,434,2025-11-30 01:30:58.559208,CARD,876.24,PENDING,ff14eeba-27eb-4195-a35e-232c42d99eff
435,435,2025-08-23 23:43:05.059833,PAYPAL,2216.43,PENDING,6ceb699e-131e-4238-b28e-2a6451ba7725
436,436,2026-03-12 18:11:58.942888,PAYPAL,1748.83,FAILED,abda4e04-fbff-49e3-90c2-ebf07a61d601
437,437,2026-08-20 23:03:39.579658,PAYPAL,13487.6,FAILED,97783a80-ed9a-41dc-b070-2886d65b7bc2
438,438,2026-04-29 15:31:52.763647,PAYPAL,4228.19,SUCCESS,0f0af0b7-61d5-4454-8b25-c717ebb848a7
439,439,2025-12-02 08:21:10.239875,BANK_TRANSFER,4299.27,FAILED,daef3802-1950-455f-bb05-7bd0c9863afd
440,440,2026-09-03 12:36:18.453329,CARD,6552.9,FAILED,1db293e7-7ed9-4689-8a6c-57e0161efdf6
441,441,2026-01-28 14:44:51.940742,BANK_TRANSFER,11045.25,SUCCESS,1906de77-b496-40e4-885e-6e15229e898b
442,442,2026-02-11 19:22:39.765385,PAYPAL,10221.67,PENDING,d1213c1b-d8fc-4b1e-ad1c-f0734f374486
443,443,2025-12-31 21:26:19.667325,PAYPAL,3413.58,PENDING,76c42543-e7fd-4630-8daf-3bea22a6df25
444,444,2026-04-04 12:34:38.326711,CARD,10151.45,PENDING,eecf6a72-f87c-4b50-a95c-c7da011a560e
445,445,2026-04-15 04:00:54.639408,PAYPAL,5125.48,PENDING,4a116962-1698-475d-a7bb-7caacd91afe3
446,446,2025-12-04 01:28:34.496424,BANK_TRANSFER,12609.48,PENDING,7599b3df-889b-4b65-9723-52ce21ecd4d2
447,447,2026-08-06 06:18:01.320756,BANK_TRANSFER,2030.52,SUCCESS,e89c8fca-22ff-49fc-912e-5e8e4c901c59
448,448,2026-08-25 13:46:44.202147,CARD,6288.61,SUCCESS,edef86d1-c5c9-4369-9338-a251b27bb97a
449,449,2026-06-05 03:33:55.963378,PAYPAL,2470.08,FAILED,d960ca79-79f7-440f-afa6-dbccf841b86c
450,450,2026-07-17 02:47:18.589544,BANK_TRANSFER,3099.74,SUCCESS,dc352b5a-4b68-4c40-a16c-ab197da8f7d7
451,451,2026-03-17 15:35:55.686448,BANK_TRANSFER,1089.55,SUCCESS,8dda0124-3d24-41c1-925e-0ce99aee253d
452,452,2026-07-19 20:56:01.070385,CARD,2813.74,PENDING,a31c6761-eb00-4062-899a-344a1466a2ae
453,453,2026-01-13 05:35:58.173272,PAYPAL,698.11,FAILED,a859decd-1c77-457a-b87a-eedb9d5ac380
454,454,2026-10-12 13:46:45.676648,CARD,3436.77,PENDING,ffae7699-93dd-49ce-884f-20dc1f42e0cd
455,455,2026-03-31 15:20:03.074814,PAYPAL,2635.83,PENDING,1e74d80a-26d9-4400-a433-ce4e3fdf77a2
456,456,2025-09-12 02:18:22.388301,BANK_TRANSFER,6079.73,FAILED,b5c1accc-137d-47fc-8c42-333be081aabd
457,457,2025-11-02 17:04:17.773536,CARD,3786.3,FAILED,54dcf02d-37c1-4995-95e4-56f0eb8a7207
458,458,2025-06-10 12:27:13.611906,CARD,4104.1,FAILED,f73f707d-6eef-482a-a9d8-7a6498c8ab51
459,459,2026-06-01 15:30:09.800103,PAYPAL,11573.13,FAILED,8c410b8e-6811-411a-9101-82d163771964
460,460,2026-03-21 23:19:08.602349,CARD,2397.81,FAILED,ff933b6d-2ace-49bd-964e-7d79582a344f
461,461,2026-04-05 02:13:18.303420,CARD,8602.85,SUCCESS,bd5602ab-7f31-4011-a7ee-d52dc1f60027
462,462,2026-08-17 07:48:36.931350,BANK_TRANSFER,5219.8,SUCCESS,a20c1072-2390-4607-8084-28f51336980e
463,463,2026-05-08 05:34:31.852415,PAYPAL,17735.1,FAILED,10a423de-cf08-4c06-b87d-6e7a7c8f1e1a
464,464,2026-09-19 16:24:39.293253,PAYPAL,2297.22,PENDING,98e2cca7-8af5-4b5e-9570-9b28776f78fb
465,465,2026-10-05 04:02:18.786513,BANK_TRANSFER,6129.7,SUCCESS,ea36fb09-8695-4cd2-8545-ce6d46a28301
466,466,2026-09-05 09:08:25.020707,CARD,1695.36,SUCCESS,48468d49-9ac1-4a87-a3f3-01a96d090422
467,467,2026-06-06 22:58:25.555809,PAYPAL,3533.12,FAILED,388d46c3-990e-41ea-b31b-7c54fb62b35d
468,468,2026-10-09 02:59:38.968000,BANK_TRANSFER,2768.67,FAILED,9741c0fa-1b20-457e-9e86-ca3d07d712df
469,469,2026-10-13 01:44:57.037186,BANK_TRANSFER,12079.97,SUCCESS,6ec480b2-573a-492a-bb00-037fb364c1fd
470,470,2026-06-20 09:52:55.802806,CARD,7413.65,FAILED,66e24a94-eac1-46f3-a9d5-1bcff0678d81
471,471,2025-07-12 07:20:32.543833,PAYPAL,1688.37,PENDING,4bd6a07d-813e-422d-873e-77c75d332535
472,472,2026-09-09 02:07:49.633312,CARD,2736.57,PENDING,72c0d42d-2f29-4a3e-bd92-ea2ada0b7ca4
473,473,2026-06-28 15:59:36.895336,CARD,10927.45,SUCCESS,63c4722c-27f3-4303-b4a7-c15b161fc0eb
474,474,2026-03-22 16:09:16.424412,BANK_TRANSFER,2304.61,SUCCESS,67b43715-5c93-49a6-a745-e323c2aafe29
475,475,2026-04-18 06:49:47.523615,PAYPAL,5913.24,FAILED,020bf53b-dfbc-4770-a1fd-f942424d3469
476,476,2026-05-03 20:27:51.941306,PAYPAL,2340.63,PENDING,4b4788c1-153f-4118-8af7-21a9a9d0716a
477,477,2026-08-04 16:23:00.497746,BANK_TRANSFER,10990.87,FAILED,1c79ac85-4642-4480-abc5-6f09a7669cee
478,478,2026-10-05 05:30:55.020115,CARD,5344.99,PENDING,60c96560-d183-4f31-bca0-cd72014dd114
479,479,2026-07-08 17:08:07.193360,CARD,5664.33,PENDING,dc740ec7-6bc5-4cdb-b605-4d3ef4aa1f32
480,480,2025-07-22 22:33:37.740733,PAYPAL,14190.84,PENDING,830f3db8-b34f-4f51-8996-89e60a5fdcff
481,481,2026-06-24 07:15:54.212023,BANK_TRANSFER,9578.89,PENDING,015162f1-e07f-4751-9a44-7ac6cedad670
482,482,2025-12-12 18:22:09.910377,PAYPAL,8900.46,FAILED,696f0161-d00f-407b-baff-c92ea35f345c
483,483,2026-02-25 23:16:04.622848,CARD,7196.38,PENDING,459e141c-ac1c-43b2-8f1a-4334997929e3
484,484,2026-10-10 18:03:15.101388,PAYPAL,2311.78,PENDING,7c616af7-19ac-452d-827b-7491cde081fa
485,485,2026-08-11 05:11:09.717657,BANK_TRANSFER,6031.44,SUCCESS,685b58a9-78c2-449a-81f9-214f2406225c
486,486,2025-07-20 01:36:11.550973,PAYPAL,5999.91,FAILED,1f28b08d-1c7f-4315-b859-75b0806272a1
487,487,2025-12-17 19:42:49.258710,CARD,3569.56,PENDING,23d77f97-294d-4e96-a8db-9b01caf13eb1
488,488,2025-10-13 14:08:14.123022,PAYPAL,7717.85,SUCCESS,2ccc181e-2e54-4a50-a5e8-c83d8d5de8d9
489,489,2026-09-20 21:43:48.025893,PAYPAL,8844.86,PENDING,471886d9-893a-4348-835f-2c0648ae3a47
490,490,2026-07-23 22:04:02.369971,CARD,2210.94,PENDING,314e8bc7-86a8-43f2-a7d1-c679ddc7af59
491,491,2025-12-22 01:32:49.568251,BANK_TRANSFER,5834.7,PENDING,4c12b1b4-9872-443b-974f-65f59b228880
492,492,2026-04-30 16:41:27.936985,BANK_TRANSFER,7399.81,PENDING,b9ee2247-09fc-4dac-979e-f85745de0e0b
493,493,2026-09-25 09:57:39.531648,PAYPAL,9029.94,FAILED,cd72da7f-9af7-4848-b3ce-9813449a1d03
494,494,2026-03-30 09:39:38.170834,CARD,1182.37,PENDING,1a0e3e79-c821-4db0-a3d0-ef715f7e9ce0
495,495,2026-08-19 12:13:43.415527,PAYPAL,7819.48,PENDING,aac16b42-58d6-490d-bf0b-dbdaef9e83f4
496,496,2026-01-16 03:45:40.027809,PAYPAL,7736.73,SUCCESS,507dbc11-c638-4e20-b218-eb0eda5dcf8d
497,497,2025-12-18 17:31:17.929985,BANK_TRANSFER,6201.45,PENDING,7168340b-f194-43d4-879e-eb8ef7993edc
498,498,2026-09-23 05:54:46.871137,PAYPAL,9977.6,PENDING,87d63a5b-a4a4-41c9-8421-fa752a2be014
499,499,2026-09-06 22:18:08.008285,CARD,1304.28,SUCCESS,caa2bc81-01f5-4adf-935d-46c4ec6cd6e0
500,500,2026-10-05 14:39:36.335191,CARD,194.7,PENDING,b340e35d-a3b9-4b3d-9e1e-fa474a0d7cd8
501,501,2026-10-09 02:59:34.874716,PAYPAL,4693.19,SUCCESS,8e78646b-7d47-4f43-b4dd-59785c009a69
502,502,2026-10-05 21:20:12.762106,PAYPAL,6174.5,PENDING,86315f2b-76e0-4135-8259-05bf994aa04f
503,503,2026-05-16 15:55:19.490486,BANK_TRANSFER,10893.45,FAILED,0466cd04-8a5a-4470-ad37-e6c820ac14c2
504,504,2026-08-11 18:07:22.746908,BANK_TRANSFER,2825.95,SUCCESS,1a321483-4cd3-4b05-a51b-c4b406132523
505,505,2026-06-15 14:58:34.453970,BANK_TRANSFER,2865.93,FAILED,f1770366-b658-47a0-9de1-7cd3e8f7f4ca
506,506,2026-09-12 02:29:21.924511,BANK_TRANSFER,1510.12,PENDING,553a0159-9cfe-45c9-93c3-76ce4d20d60f
507,507,2026-09-21 14:35:32.540454,PAYPAL,10216.23,SUCCESS,82b2a85a-c319-4d6f-8961-75192051c45f
508,508,2026-09-17 06:05:55.833927,PAYPAL,414.39,FAILED,433c2de9-a7e1-4fac-ae09-a9321879b203
509,509,2025-07-30 21:29:16.757555,CARD,6112.14,SUCCESS,744202f2-ccc4-4ce8-a8f5-21848e40669a
510,510,2025-09-10 16:53:25.076773,CARD,5746.04,SUCCESS,8cf44c1c-20ff-4efc-a0f9-90b4e23fcbcc
511,511,2025-10-22 21:37:54.977201,PAYPAL,14649.87,SUCCESS,ac941700-828b-4347-a43d-3cc615c2b871
512,512,2026-06-12 10:52:14.397746,BANK_TRANSFER,7628.55,PENDING,62b1d31f-05c7-4509-b928-65909c38e544
513,513,2026-05-23 12:54:28.499075,CARD,11116.76,FAILED,e9a87616-fb39-44f0-bf6a-b37d58278283
514,514,2026-06-20 15:34:24.975393,CARD,1996.31,PENDING,ac76dac0-0662-4d8a-b7d3-48efb5dab58c
515,515,2026-10-14 02:53:42.809506,BANK_TRANSFER,18249.99,SUCCESS,c5ea7727-95ce-4a80-8eed-7ac976f3e6e1
516,516,2026-07-07 11:45:48.931319,BANK_TRANSFER,9017.04,PENDING,d2eb985f-38cf-48b6-98eb-b9ac255a4a55
517,517,2026-09-04 23:07:49.370123,CARD,5147.27,PENDING,71d37431-b7fe-4585-a7a7-968db9b2da97
518,518,2026-07-10 07:36:04.045951,BANK_TRANSFER,11182.98,PENDING,d26fdb7e-3d53-4342-a763-5620eaef318c
519,519,2026-06-07 18:06:20.767952,CARD,10855.93,FAILED,51a5d268-0384-4427-9361-a97398a494d1
520,520,2026-08-18 12:59:46.999033,CARD,3570.57,PENDING,582fe1b6-f533-4c86-92ba-cd958d73e3f8
521,521,2026-09-23 18:29:00.061138,CARD,6817.64,FAILED,927968e9-97a4-4cb5-9f40-bbb9c8c47765
522,522,2026-08-25 02:06:20.999181,BANK_TRANSFER,4188.82,FAILED,c2728e4a-8b73-41ea-8556-cf65c4a5dc98
523,523,2026-01-25 08:18:38.426457,CARD,5606.76,SUCCESS,002b6e26-bc8f-471a-a511-2379936f017a
524,524,2026-07-07 02:05:32.813771,PAYPAL,2126.62,SUCCESS,910220ca-6e0f-47b7-b6f9-c71f9a4d5aaf
525,525,2026-02-23 17:38:22.870678,PAYPAL,16474.58,PENDING,e4d43692-5bfa-4c97-8c4c-2c7db08122b0
526,526,2025-10-05 02:43:43.111575,CARD,698.11,PENDING,6ddcd3ff-8b10-46c0-8d0e-823c9b94a510
527,527,2026-01-10 13:47:19.352176,PAYPAL,8071.52,FAILED,637536e0-0c68-4763-ba56-d9b01111c859
528,528,2025-12-10 15:00:23.622764,BANK_TRANSFER,7824.33,FAILED,73cd050a-3bc8-4160-bd97-7c5f75aec072
529,529,2026-10-05 19:51:22.348143,CARD,6141.23,FAILED,0b1134bb-e4c8-44a7-b1ad-673d5f0a8b79
530,530,2026-08-19 11:57:26.341693,BANK_TRANSFER,6987.15,FAILED,6a147272-71b4-4d8e-a4d6-bca4517f3719
531,531,2026-06-14 20:25:38.506006,CARD,1818.55,SUCCESS,8f654132-a9f4-4e23-ab12-bd633900f29b
532,532,2026-05-30 03:45:42.574397,CARD,9102.58,PENDING,0eff819a-8d45-4180-a61f-82b0967683ab
533,533,2026-06-12 07:17:03.658830,BANK_TRANSFER,6903.35,PENDING,831448cb-053f-449f-a290-8eda384ec60d
534,534,2025-10-05 06:40:55.072417,BANK_TRANSFER,3259.13,PENDING,9dafe563-6602-4424-b90f-0ddf7a99e310
535,535,2026-06-07 04:06:30.715110,BANK_TRANSFER,6780.85,SUCCESS,65d43bba-d950-4b0d-9ce5-05e9a3e0b8c8
536,536,2026-08-09 07:23:37.967895,CARD,4530.36,PENDING,d65d7815-c61c-49b4-b5b7-8c754d219a3c
537,537,2026-05-08 06:03:20.609273,CARD,4694.57,FAILED,cd7e3ac6-52b7-4f7e-ae2b-6b8de8ce4dc4
538,538,2026-08-25 19:52:11.669492,PAYPAL,7312.23,PENDING,ace1415e-4830-4db7-8810-a1690257ac68
539,539,2026-01-28 09:40:12.998631,BANK_TRANSFER,265.88,PENDING,4022e192-e6a4-4e0e-a40d-ffaebe734970
540,540,2025-06-07 03:55:47.089866,BANK_TRANSFER,7700.07,SUCCESS,c44c8117-0138-4010-8325-07834d2de4cb
541,541,2026-04-15 06:29:13.147326,CARD,5534.38,FAILED,2042c893-b59d-4b55-b451-8a2f147bf656
542,542,2026-04-28 08:56:49.879093,PAYPAL,4415.1,PENDING,3f21360a-578d-465f-94bc-0607b85b81c2
543,543,2026-09-14 14:53:55.860693,BANK_TRANSFER,10413.66,FAILED,53df7070-1ba6-42ce-99b0-b51f65f85154
544,544,2026-05-13 13:31:58.459645,PAYPAL,3383.04,SUCCESS,d8894465-4823-4c9a-b562-9bb850b9286d
545,545,2026-10-07 01:09:02.530904,PAYPAL,7616.82,PENDING,2c92f14d-6259-44b2-875f-0f97ed9c52a7
546,546,2026-09-26 06:10:03.747808,CARD,7593.46,SUCCESS,03d38568-60fa-45f1-8f1a-260b90274b6a
547,547,2025-06-16 14:51:11.540981,BANK_TRANSFER,3360.15,FAILED,0fba257b-73c1-46a2-9e71-b6622a1f7077
548,548,2025-07-15 13:46:07.067318,BANK_TRANSFER,11483.92,FAILED,a83b9212-38bc-4ce7-b680-4804c34cafdf
549,549,2025-08-17 05:29:08.502838,CARD,7775.33,SUCCESS,998b6dd0-acf7-436b-9683-0bf8cb79dcb5
550,550,2026-09-28 15:02:02.665288,PAYPAL,2517.45,FAILED,d92bba25-38e4-4bdf-ae50-9b8d2e689243
551,551,2025-12-08 14:02:07.230605,BANK_TRANSFER,107.63,PENDING,cf7859eb-ebef-4531-89ae-9834a3d9653a
552,552,2026-01-22 14:31:13.443531,CARD,8299.08,FAILED,478f8cad-0bcc-4032-b9f2-b7a3630a3b56
553,553,2025-07-05 03:45:11.134661,CARD,974.54,PENDING,6f619f65-9ae7-43fd-a3cb-56b8d400f069
554,554,2026-09-03 21:24:30.853911,BANK_TRANSFER,5971.65,PENDING,9e03383e-b0ae-4b25-a1ba-206fe7a25a16
555,555,2026-06-23 00:35:51.275077,PAYPAL,423.36,PENDING,7c4166be-1965-4efc-a86e-3525714faa88
556,556,2026-08-15 10:08:02.450622,CARD,10316.97,SUCCESS,d447c810-238a-4954-99a9-3fad282f77e5
557,557,2025-04-08 22:10:29.208430,BANK_TRANSFER,13388.92,SUCCESS,76c96825-6842-47f5-9646-79a44d523294
558,558,2026-08-09 07:47:10.934695,BANK_TRANSFER,9495.94,PENDING,1e856ded-e7b9-4323-ad44-f50ec4e3a5ed
559,559,2026-05-18 11:38:09.211888,BANK_TRANSFER,3309.25,SUCCESS,e65c6189-2d14-4d39-9720-8a863da10020
560,560,2026-08-16 21:09:15.136054,PAYPAL,13537.66,PENDING,dbc2959d-798f-4d6b-b5bd-0f089aa7d84c
561,561,2026-10-13 09:53:21.397635,BANK_TRANSFER,672.34,SUCCESS,fc77c405-38a6-4341-a56e-5a100144aea1
562,562,2026-02-06 13:51:59.069792,PAYPAL,5048.18,FAILED,f89f057b-0873-4ccf-8063-e4ed5ade15d6
563,563,2026-07-18 18:47:51.254599,BANK_TRANSFER,844.82,SUCCESS,282a09a1-961c-4ea6-bb0a-71edd6c8cdd4
564,564,2026-08-15 14:36:52.165627,PAYPAL,5535.2,PENDING,f007eee0-c7bd-4b63-8819-7b4c4d547b96
565,565,2026-08-09 20:12:28.326875,PAYPAL,7996.4,PENDING,0b8a93b1-26b6-49a6-af58-a84801f169fb
566,566,2026-05-02 14:25:04.394375,PAYPAL,6791.31,PENDING,1b32bc3b-0c7a-4f96-95c5-181babe278a8
567,567,2026-04-21 15:26:46.196890,CARD,14239.36,PENDING,5fa8f48a-362e-45cf-be57-3ce2a49acb02
568,568,2026-03-16 04:41:23.421552,CARD,6051.42,FAILED,15b25915-7cba-4756-9aac-8b797d49e8f9
569,569,2026-09-04 02:36:39.088956,BANK_TRANSFER,5447.3,PENDING,058cbf65-a568-4f3a-8ee1-ec9d00871d18
570,570,2026-08-25 05:19:11.745055,BANK_TRANSFER,12219.9,SUCCESS,6e274881-5772-4c55-a5e5-5d3a94eeb2af
571,571,2026-02-06 00:26:00.116006,CARD,8766.85,FAILED,572bcbf9-d778-41a0-af28-1d8e256efea5
572,572,2025-11-30 05:42:58.864194,BANK_TRANSFER,2679.27,FAILED,b3341bf8-47e0-4cac-ad50-dfe2b7cb05a0
573,573,2026-07-31 09:15:57.956108,BANK_TRANSFER,9673.87,PENDING,5a990478-5e53-4d53-bd6e-2570839d8c61
574,574,2026-09-26 13:11:59.564563,BANK_TRANSFER,11030.03,SUCCESS,73123d26-ba22-46d5-80a1-0bb34f21768d
575,575,2026-08-23 22:31:36.429685,BANK_TRANSFER,1996.31,PENDING,24832bc9-e605-495c-8fd8-61949f2464ca
576,576,2025-10-30 05:56:19.202326,CARD,1902.83,FAILED,5818d1ae-c796-4a8d-8b3e-75c74920aa02
577,577,2026-07-16 12:03:28.394458,CARD,7428.1,SUCCESS,be2eaf0a-22ff-490b-b79a-1afefa37efd0
578,578,2026-06-04 10:55:35.897606,PAYPAL,4538.81,SUCCESS,a0a5741e-a6a0-42d0-a293-ff3bf65e166d
579,579,2026-07-16 02:56:26.589861,CARD,3741.96,FAILED,c4b4859c-88d3-442b-8826-a9b4ea823045
580,580,2025-11-20 06:12:06.018266,CARD,7296.7,PENDING,70eb6a37-4a24-4243-a078-e10054dd07dc
581,581,2026-08-29 06:54:04.206317,CARD,10983.93,FAILED,034a0aab-71a5-49e3-bebc-7049d67e7010
582,582,2026-09-09 10:47:14.182999,BANK_TRANSFER,9067.85,FAILED,f1ea44de-4bb3-4a82-9d6c-a0211e46ecdc
583,583,2026-08-20 20:50:06.148120,CARD,2979.83,FAILED,b3054c89-9d41-401d-ad7c-61a73220b757
584,584,2026-08-29 08:13:11.664033,CARD,15104.85,SUCCESS,738c5016-ab8a-4d03-948d-31adeb84e764
585,585,2026-10-08 17:22:19.213127,CARD,9011.98,PENDING,b624c283-6bb4-4123-b81d-42726d8b643e
586,586,2025-10-14 03:10:49.413420,BANK_TRANSFER,4571.7,PENDING,a8a94ed5-2d42-4251-9837-c2f90ef42cd8
587,587,2026-07-13 01:52:59.906192,CARD,2221.72,PENDING,11202099-6b07-4a47-8279-749be575eeb5
588,588,2025-05-30 11:26:28.319019,BANK_TRANSFER,6100.6,SUCCESS,8dc42764-28fd-402e-9353-e111c8a411f7
589,589,2025-07-16 21:47:31.716601,PAYPAL,2055.27,SUCCESS,7a0eea44-5237-476e-a5e3-862eb3466a56
590,590,2026-06-10 09:52:56.528538,PAYPAL,699.78,SUCCESS,cc1241a5-12fd-46db-a984-af6c6822b2cd
591,591,2026-04-17 19:28:26.023376,BANK_TRANSFER,3190.87,SUCCESS,3ef3ba21-21cd-4ab6-a7e7-bad60f53e8c5
592,592,2026-09-07 07:20:12.470117,BANK_TRANSFER,5962.5,FAILED,a045b3f3-7a7c-41f7-a40a-eae71d270e2b
593,593,2026-05-26 07:57:54.786828,BANK_TRANSFER,5907.67,SUCCESS,62e9ee62-0627-4321-b119-bde0ed67864f
594,594,2026-09-04 16:03:40.319977,BANK_TRANSFER,11292.36,FAILED,3459f752-6d75-4096-a1f2-cce67a52a1d5
595,595,2026-09-29 01:23:49.987927,PAYPAL,3182.4,PENDING,af17b2a6-32cb-4134-a6b2-fc9a22af0844
596,596,2026-02-22 13:17:16.913556,PAYPAL,3154.86,SUCCESS,27c28d0c-95f5-442f-9b11-7f208a05ce06
597,597,2026-03-06 11:25:30.036080,BANK_TRANSFER,10029.58,SUCCESS,a2c11893-d198-4560-a0e8-b47c2357ddeb
598,598,2026-03-10 20:23:49.269078,PAYPAL,234.12,SUCCESS,5e1d47af-833b-435e-a5a9-c1be48d3ef98
599,599,2025-11-12 02:24:00.221731,BANK_TRANSFER,9265.78,PENDING,1547c5db-1573-423d-bf7b-a12ae95f9710
600,600,2026-05-31 22:02:05.607756,BANK_TRANSFER,4370.48,PENDING,314bf2c9-4fc2-4d2b-9b34-c64926f803c6
601,601,2025-02-10 10:28:41.046198,PAYPAL,9878.35,PENDING,3eade9ec-bf17-494f-b05f-a9e707672b82
602,602,2025-11-13 01:53:43.175288,CARD,3395.45,PENDING,3ee373b4-e888-49dd-85dd-5f8b562ed43f
603,603,2026-06-01 23:46:22.768075,BANK_TRANSFER,6028.17,FAILED,b2676a5d-e869-441d-9089-94b189b21c3b
604,604,2026-06-30 16:00:54.770142,BANK_TRANSFER,9653.59,FAILED,12b9ee57-b281-40d1-b3fa-5d5f3e483c18
605,605,2026-06-23 09:59:48.121611,CARD,10008.34,SUCCESS,9974c84e-5836-4e9e-aff6-6a794278a00e
606,606,2026-09-08 10:29:35.579975,PAYPAL,5291.73,PENDING,6146fc90-614e-47f0-99f9-110080907f22
607,607,2026-07-31 08:38:13.916198,CARD,5920.97,FAILED,c1456f26-7a8f-46a2-b88c-d2b020769df3
608,608,2026-09-22 06:55:54.469927,BANK_TRANSFER,7710.08,PENDING,7daae2b3-1a70-481a-8202-c418b6aedb91
609,609,2026-05-16 16:19:52.954279,CARD,3189.93,PENDING,7f36f4a1-aed9-4391-8d2b-a7af33a2f7b9
610,610,2026-08-22 08:23:53.794556,BANK_TRANSFER,1729.25,FAILED,fc45400a-e1e3-45cf-9252-f53b91f3b11c
611,611,2025-12-14 22:20:16.256702,CARD,3380.81,SUCCESS,23b3b81b-8617-4aa0-ab5a-83cc35d6d4be
612,612,2026-04-10 00:02:10.886590,PAYPAL,5190.42,FAILED,aad41a73-4658-422e-8768-d2e4192e3dc1
613,613,2026-08-08 08:11:20.903595,PAYPAL,11169.65,SUCCESS,5a64b5e8-cdc7-43a0-a349-2ba3d084b7df
614,614,2025-05-24 19:20:54.924697,CARD,3737.84,PENDING,2f19e912-4af7-4f8c-a496-5ca56d8f75e7
615,615,2026-02-10 10:24:23.237892,CARD,3524.64,PENDING,38677af3-e077-4fce-8b03-1bc6dda4fad5
616,616,2026-09-17 22:13:05.374385,CARD,2582.34,SUCCESS,24fdf258-ce34-43ea-9048-fc1f5e69b168
617,617,2026-07-29 23:41:02.017196,CARD,3673.83,PENDING,f16cd8d0-50e0-4efe-8797-222cfe50fbba
618,618,2026-03-09 06:11:12.359311,CARD,20413.44,FAILED,3fb860cb-e8da-44dc-8ecb-e1f1f6551ac6
619,619,2026-03-19 04:16:39.547850,CARD,3362.49,PENDING,646a9ebf-ac32-471b-9d8c-e9d0d59cbab8
620,620,2026-01-16 12:57:32.998075,CARD,1497.34,FAILED,7821884b-9d14-40d3-a2ca-8797c059d86e
621,621,2026-10-12 22:58:15.647011,CARD,1510.12,PENDING,82e52a40-70f8-4c5d-8768-462a429b01a5
622,622,2025-08-15 18:18:12.527786,PAYPAL,6360.4,FAILED,4757b52b-2a28-48cd-a8e4-e6536d05317a
623,623,2026-09-05 05:53:26.370121,PAYPAL,3135.08,SUCCESS,5e1b914d-b549-4451-89b8-ff0a93e7d699
624,624,2026-08-20 03:51:27.002629,PAYPAL,5146.56,PENDING,a01f1549-6823-4869-8e8c-378e058cd5ca
625,625,2026-02-24 16:10:22.377013,PAYPAL,8035.51,PENDING,941ec447-69cc-4010-b565-1938017cff67
626,626,2026-02-05 01:11:49.139657,BANK_TRANSFER,5942.2,SUCCESS,62115e17-53b5-4f5a-ab36-e98e91468a8c
627,627,2026-02-14 22:32:31.278344,BANK_TRANSFER,1216.12,FAILED,249b4a0e-1c1f-489f-9bd6-ed4a55741a55
628,628,2026-07-16 05:23:59.695300,PAYPAL,4702.62,PENDING,c4130c74-6bf4-4fd0-9dca-4b450de27365
629,629,2026-03-04 04:01:12.544155,BANK_TRANSFER,8074.62,FAILED,b60199e4-6afa-4130-a035-7af57282e9b8
630,630,2026-07-03 20:10:09.248425,CARD,5803.3,SUCCESS,bd5ca81b-3b3e-4420-b1d5-181f98e725ea
631,631,2026-04-26 05:26:11.874879,CARD,3330.81,SUCCESS,95952125-70db-45f9-9d27-d39d0593b210
632,632,2026-08-07 20:53:10.025224,BANK_TRANSFER,5383.74,PENDING,44f03f5b-e099-42de-af50-061f41e501fe
633,633,2026-10-10 14:11:39.985328,PAYPAL,10963.38,PENDING,1c392667-9355-4e00-a188-966e12acccff
634,634,2026-09-24 14:46:45.070831,BANK_TRANSFER,6343.2,SUCCESS,5f0a1c6b-a820-4206-8857-3376de6195bd
635,635,2026-10-03 03:31:01.897619,PAYPAL,3537.34,SUCCESS,32256d64-c994-4eba-a5b8-5a8e2fa0bdbd
636,636,2026-01-20 19:47:01.801744,BANK_TRANSFER,7553.17,FAILED,fbe53218-8cd3-4b4e-b622-d6797e51471b
637,637,2026-08-15 19:01:56.027933,CARD,8627.88,FAILED,ab0a9408-b301-4c84-9ac7-2a71ef56cb9e
638,638,2026-10-03 04:44:07.133571,BANK_TRANSFER,4587.81,SUCCESS,584aa3d5-e924-45d6-8970-9b550199c165
639,639,2026-10-04 11:00:33.266538,BANK_TRANSFER,1868.92,SUCCESS,dba3e45b-76b1-4e05-9136-7d62b9191ede
640,640,2026-08-14 18:58:39.429864,CARD,9354.11,SUCCESS,850e7e3a-dd30-4848-9dc0-6c565fa2f598
641,641,2026-04-29 23:25:51.346670,PAYPAL,1250.49,FAILED,0633c388-757e-4b17-8d4b-e935a7caddeb
642,642,2026-07-25 00:08:17.015811,CARD,4804.38,SUCCESS,224ad577-879a-47ac-9c68-253fa654b58b
643,643,2026-06-20 09:50:29.534532,CARD,14659.19,PENDING,d743a4cd-ae3e-4c98-8e35-490d73e99f68
644,644,2026-09-17 23:15:55.120654,PAYPAL,16074.11,PENDING,c6301690-24de-41bd-b28f-2eaffc2bdb51
645,645,2026-01-29 16:28:35.760923,PAYPAL,9333.05,FAILED,e17e22cf-bb2b-4475-a525-c6d171d857b8
646,646,2025-07-21 18:51:31.508813,BANK_TRANSFER,2698.66,SUCCESS,b2df1a53-9140-45e8-ad2c-cc5a0e5c969b
647,647,2026-06-08 18:16:13.781776,CARD,1196.0,PENDING,ec2adb5f-b7bf-4049-9064-5aa451106091
648,648,2026-08-19 21:47:58.820731,PAYPAL,6921.36,PENDING,71fd053b-bad7-4c04-8414-777b66739343
649,649,2025-03-13 12:02:01.172374,PAYPAL,10566.2,SUCCESS,383ee51f-a150-4dd7-a830-e63b327722a7
650,650,2026-05-14 00:14:22.377404,CARD,8684.47,FAILED,fac2a13b-c8a8-4522-9ce6-83a6d9448ec9
651,651,2026-07-29 12:46:16.825717,CARD,4458.62,FAILED,1ce20449-011c-453c-b351-6dac6d248547
652,652,2026-03-24 19:30:20.954530,PAYPAL,10854.03,SUCCESS,d3501f5b-cb34-4c5e-a21e-b19b2368d3c1
653,653,2025-05-02 18:50:05.881608,BANK_TRANSFER,8410.61,FAILED,0c8bf152-d74c-4860-b2fb-62c6d25b53f5
654,654,2026-08-13 23:41:15.349567,CARD,5819.1,FAILED,4acc2c22-849b-45b6-ad07-1055b854a254
655,655,2026-05-04 22:04:13.628406,PAYPAL,5736.89,SUCCESS,d12de8e2-6340-4148-a062-50f244b74a0b
656,656,2025-10-07 06:17:46.610269,BANK_TRANSFER,5791.05,FAILED,341b36b5-8b0b-4789-9ea3-352bf6f5e6d1
657,657,2026-01-16 00:00:21.037503,PAYPAL,2822.45,PENDING,d95f9ea0-6c40-46e2-b667-7765c0b3713a
658,658,2026-03-30 23:54:42.230791,CARD,2772.96,PENDING,f26e5ef7-05df-456b-a18a-e5f393859784
659,659,2026-09-22 06:13:42.981581,BANK_TRANSFER,4364.65,FAILED,b0fb843c-fa31-446b-b041-d9612a983f49
660,660,2026-05-27 17:44:59.454951,PAYPAL,3564.05,FAILED,bd74f9d3-b949-4125-bfaf-15be67ccfdf3
661,661,2026-05-29 02:57:15.059080,BANK_TRANSFER,9444.77,SUCCESS,023befcb-6195-44ec-b4f3-d38db28307d7
662,662,2026-09-20 08:06:26.233678,CARD,373.59,FAILED,9b4974a5-40d1-4c15-ad5b-9058a3de937c
663,663,2026-09-10 14:02:50.089254,BANK_TRANSFER,1691.52,FAILED,ea7dbecd-e06f-40d4-af53-5f89e401ce0f
664,664,2026-01-27 16:39:30.826830,BANK_TRANSFER,1508.49,PENDING,5ed73ae0-fc41-4175-8ff2-51cf06269f70
665,665,2026-10-08 20:00:18.518450,CARD,3993.61,SUCCESS,d57d5102-b716-4761-9179-703b47a99b30
666,666,2025-08-01 06:58:39.936620,PAYPAL,7650.17,PENDING,42f5010a-2544-49c6-b013-7a80ddf9693a
667,667,2026-06-15 19:27:31.021681,BANK_TRANSFER,6972.38,FAILED,e87907ac-17f4-488c-9dfe-9121c37b2471
668,668,2026-04-18 11:22:57.124855,PAYPAL,10085.03,SUCCESS,d32ab0f6-0cc7-454d-9fcb-995b371400c3
669,669,2026-04-27 21:20:52.289270,BANK_TRANSFER,1153.64,FAILED,13d3743a-003b-4d6e-9fe7-13bae3d6f86e
670,670,2025-04-20 14:54:45.883085,PAYPAL,4982.77,PENDING,1c16e6a2-6439-429b-8ab1-ab5954f0fec2
671,671,2026-06-30 13:34:47.597023,PAYPAL,5942.22,FAILED,b72423d6-87d5-492c-a64e-2b2dc97e4828
672,672,2026-06-16 09:50:41.287026,CARD,10226.92,SUCCESS,8a77fcc0-0f5d-4a02-a46c-9460b55f0e5d
673,673,2026-07-29 14:00:55.311075,CARD,3701.04,SUCCESS,bbd6ef33-861f-4ba0-b39f-e641377c15a4
674,674,2025-12-31 18:47:20.183376,PAYPAL,7622.12,SUCCESS,bc3c7b65-ba6e-4bfe-81e0-8486a39069f4
675,675,2026-09-30 23:23:41.151491,PAYPAL,3649.13,FAILED,0fae2755-1171-494f-a357-ba67415a16b4
676,676,2026-01-31 05:15:57.018402,PAYPAL,2878.41,PENDING,593bf230-105a-4242-bdf3-1349459dcfb5
677,677,2026-09-17 01:15:29.832117,BANK_TRANSFER,7216.55,PENDING,136ac2c8-5705-4ed4-824b-ef98e4c49882
678,678,2026-07-29 07:45:10.766338,PAYPAL,2537.44,FAILED,85beac2f-30e0-4e79-9486-334bd5694a38
679,679,2026-04-07 00:12:34.011049,BANK_TRANSFER,6773.82,SUCCESS,a54e5073-83da-4bc6-8641-baf61a600807
680,680,2026-02-13 21:57:34.147526,CARD,6925.74,FAILED,5a2df2b1-51d9-470e-b544-d3e64f6f727a
681,681,2026-08-11 11:08:32.618247,BANK_TRANSFER,11533.52,FAILED,a3a01a1b-9fdc-46ea-8ac4-a07c32742991
682,682,2026-08-11 03:13:38.162583,BANK_TRANSFER,8148.95,FAILED,ee7006f2-842d-45cc-a73f-b5b0ec139f07
683,683,2026-01-21 07:12:34.264483,BANK_TRANSFER,11815.13,SUCCESS,7cafd9ae-1c28-4b82-b287-68d148262846
684,684,2026-07-29 17:50:37.524927,CARD,2918.27,PENDING,093d4e37-4323-4c6a-8c85-af357367d2c7
685,685,2026-09-17 21:59:22.311672,CARD,3360.15,FAILED,279edbac-0986-4e01-9bb2-e446ed592398
686,686,2026-10-10 09:01:59.390781,CARD,7141.54,PENDING,1a4b0992-a834-4352-a972-1813ca51be9e
687,687,2025-10-05 22:48:33.507215,BANK_TRANSFER,2174.64,FAILED,8f0a89a5-b1a4-475d-86f1-06d99b3716cf
688,688,2026-07-26 23:32:54.688587,CARD,1714.02,SUCCESS,1a531cf9-b3a4-4d11-bbd5-ea4d3446d700
689,689,2026-04-26 19:20:11.539176,PAYPAL,5746.91,PENDING,ed871e96-8415-4038-9da5-f6751b50e4d6
690,690,2025-11-03 08:17:09.977763,BANK_TRANSFER,8204.08,SUCCESS,fa4edf5a-8471-452c-8c80-543afb1fb5e8
691,691,2026-09-29 08:57:55.018159,CARD,10284.11,FAILED,78536a36-923f-40d7-9199-9d5f15ced849
692,692,2026-06-24 10:25:12.089281,PAYPAL,10877.97,FAILED,9442ae6b-5b33-4f17-b044-348062a84555
693,693,2026-05-19 10:36:53.902854,CARD,11152.53,FAILED,32ff2dc2-a9fb-4d74-b3b3-f4458574fb9c
694,694,2025-11-26 02:20:44.502449,BANK_TRANSFER,887.21,PENDING,0aabd482-deaa-4d09-b9fb-464e10cff03f
695,695,2026-06-29 06:32:06.558131,PAYPAL,4809.06,SUCCESS,f83ac1f5-5534-477d-8730-8155dd65fdf2
696,696,2026-10-13 07:33:57.097461,CARD,2418.06,FAILED,416dea26-3089-4e76-9ffb-04563516d066
697,697,2026-03-18 06:48:01.671254,PAYPAL,9221.09,PENDING,5907f268-968b-42cc-9125-32b38a03abeb
698,698,2025-11-09 16:41:45.061179,BANK_TRANSFER,3382.74,PENDING,8ba17407-2663-4334-b4a1-7f7a709240bc
699,699,2026-05-11 16:31:32.585684,BANK_TRANSFER,10110.85,SUCCESS,fcc584be-3d4a-4466-b3ac-ca685d5ffefd
700,700,2026-05-01 23:40:49.568836,BANK_TRANSFER,14024.24,PENDING,c2d67063-c53d-4c46-97e0-58b9a7f85f02
701,701,2026-04-19 16:00:48.052546,BANK_TRANSFER,6159.38,PENDING,66722dfa-634d-4c50-a8c2-cbfc484411ef
702,702,2026-06-29 12:46:36.684141,BANK_TRANSFER,2093.82,SUCCESS,c6dad79b-e7c9-44b3-b7d7-03111821b551
703,703,2026-07-21 23:24:16.475165,CARD,6156.14,FAILED,11087e17-0b16-465d-8f3f-329b55cc7625
704,704,2026-07-19 05:30:30.539726,BANK_TRANSFER,559.63,PENDING,edd4f209-4486-4b1b-907b-77248a17d00a
705,705,2026-07-23 07:08:20.667287,PAYPAL,9468.95,FAILED,de773d4f-9ad1-4cac-bc20-ecf58c4d33b5
706,706,2026-08-27 16:47:26.685706,BANK_TRANSFER,5338.59,PENDING,33d013fd-c6c0-4a8a-9ffe-2dbcd095e5bb
707,707,2026-01-04 21:46:14.656878,PAYPAL,1334.38,PENDING,345aac28-5749-477e-83f3-c616c9e7cab3
708,708,2026-02-16 18:39:01.815336,PAYPAL,2020.32,FAILED,7a9f143b-2dc3-46a2-b647-547cd36328f4
709,709,2026-05-14 05:40:13.555017,BANK_TRANSFER,1818.55,SUCCESS,cfa57f25-8f67-4b46-97af-d8f26e1450f9
710,710,2026-06-18 04:13:25.998333,PAYPAL,9452.19,FAILED,a3521701-11d3-4d40-9110-5a80414ab65f
711,711,2025-12-13 01:53:35.558718,CARD,7958.71,FAILED,2a23a71c-0fac-451f-b5ca-7315bd185220
712,712,2026-06-21 12:31:23.810156,CARD,5276.1,SUCCESS,f181dd0c-5ee0-4c37-8492-67cbdff21807
713,713,2026-08-29 03:56:02.840478,PAYPAL,6162.72,PENDING,01218ca8-3d11-4205-b7e1-40711b434750
714,714,2026-09-24 08:20:31.847528,CARD,648.71,SUCCESS,f0fe1354-30c0-464a-9174-89127794e58e
715,715,2026-09-23 03:53:07.310617,BANK_TRANSFER,1859.25,FAILED,ec81f021-9076-47b4-aa85-5d668900f547
716,716,2026-06-25 14:36:54.343936,BANK_TRANSFER,6116.22,SUCCESS,020a80ac-d7a5-414a-b8d8-f1abe2d0f788
717,717,2026-02-22 01:37:15.581154,CARD,13610.29,FAILED,8e39d3e8-3948-4a8a-9422-7f59c3f97e60
718,718,2026-08-02 12:16:32.231135,CARD,11213.13,PENDING,7bd90579-f33b-49d7-aabb-1647d8386f30
719,719,2026-08-07 12:37:03.380294,BANK_TRANSFER,5418.5,PENDING,bf348ab6-eb7b-4ad8-b4b4-96507819bc81
720,720,2026-10-06 06:55:33.863075,CARD,2013.0,PENDING,c28c708d-e0fa-446a-9ef1-5fc11daf231b
721,721,2026-02-20 02:14:17.330480,CARD,3052.8,SUCCESS,b17bb800-20d6-497c-91ac-914923e4b52d
722,722,2026-08-05 22:35:21.114925,CARD,8528.0,FAILED,63d2d733-ebea-4850-8103-265ea7087c37
723,723,2025-12-28 14:57:17.850617,CARD,9917.14,SUCCESS,0234eddf-0fbd-4e7f-9a40-013bc7bd5595
724,724,2026-01-20 05:22:23.635314,CARD,10065.89,SUCCESS,0c4d0073-12bc-4507-a57c-3b02153bd49a
725,725,2026-07-29 05:06:10.575104,PAYPAL,4377.08,FAILED,240c4622-4756-428e-9b88-5d27b7614545
726,726,2026-09-13 11:56:30.899216,CARD,4946.12,PENDING,37738335-7d25-4adb-8a4e-f6c1acd5b138
727,727,2026-08-10 18:34:20.148079,BANK_TRANSFER,2064.38,PENDING,bd25e347-594a-4000-8d44-ab64f6dd2650
728,728,2026-08-07 01:15:29.812675,PAYPAL,234.12,FAILED,a986ee52-b115-47e2-9257-b49cd948bf57
729,729,2026-08-08 11:05:59.323409,CARD,2657.69,PENDING,9e79a387-c1e4-44fb-980c-2ae3783b0d47
730,730,2026-09-17 14:19:57.485510,BANK_TRANSFER,12235.16,PENDING,6d5c8842-e73e-453d-b639-7107c8a0c691
731,731,2026-09-24 08:01:51.947877,CARD,4373.52,FAILED,a1827433-9522-4da1-9462-39dead87f3d7
732,732,2026-09-01 11:06:30.605325,BANK_TRANSFER,8888.1,PENDING,9c23513d-b5b3-4cb5-9d61-362d604e86b1
733,733,2025-11-29 01:28:31.666210,BANK_TRANSFER,4960.86,SUCCESS,c508c7e7-6713-450d-a615-32bbc599f9ca
734,734,2026-04-13 05:24:13.414086,CARD,6242.38,FAILED,9c01a345-9b75-4b4f-8a6a-c9304bc65ea5
735,735,2026-07-06 07:50:50.175578,BANK_TRANSFER,5332.18,PENDING,3c0a12c6-dacd-40ba-8625-dbc060ac34f2
736,736,2026-08-07 05:23:42.634494,CARD,3644.89,SUCCESS,04789ccf-041d-4c52-8419-82d6c76b25ad
737,737,2026-02-10 21:13:42.580098,PAYPAL,13642.31,SUCCESS,efa8c7a7-2956-4c67-a6ff-b2a15ddc7abb
738,738,2026-10-08 12:06:16.381563,CARD,9468.7,SUCCESS,fc859916-236e-40d0-b1e9-f9bd48139734
739,739,2026-08-30 19:29:49.638562,BANK_TRANSFER,4273.14,PENDING,323f2ffd-5d51-4a84-b66f-fffeaea16edd
740,740,2026-10-05 21:31:32.965026,PAYPAL,12132.53,FAILED,b1ce8621-f50a-455f-b346-412d9fc7d5e4
741,741,2026-09-25 16:41:06.738372,CARD,12616.02,PENDING,1370b983-9457-40a5-9697-201fd6794fe3
742,742,2026-09-08 22:49:22.017162,BANK_TRANSFER,4390.2,FAILED,b4135c64-9faf-40fd-bbec-4b873e6ebd2c
743,743,2026-05-01 13:21:38.120374,CARD,5797.78,SUCCESS,48d5e760-b17a-4315-9ca1-eca40570b7f6
744,744,2026-08-14 21:40:24.086535,BANK_TRANSFER,1861.29,PENDING,c323aba4-0cd1-4fc1-abdc-82063e4569c1
745,745,2026-06-23 05:18:55.588019,BANK_TRANSFER,7187.77,FAILED,9634d83f-a3fa-49c2-89e1-16b97e2ae0da
746,746,2026-05-28 18:29:08.849399,BANK_TRANSFER,10750.12,FAILED,0982211e-5429-4824-b1d6-d202e86a5ba5
747,747,2026-09-02 23:01:03.295853,BANK_TRANSFER,2685.12,FAILED,659f86ba-11b9-456c-8b3a-2953189f6e7e
748,748,2026-04-14 07:42:43.948029,PAYPAL,2380.38,SUCCESS,0248256f-6b47-438a-a6c1-a108e8d6fcf7
749,749,2025-07-28 16:07:19.200144,BANK_TRANSFER,11445.9,PENDING,5941109a-66bd-483a-a271-e3be085ecfbc
750,750,2026-02-28 13:38:09.827028,BANK_TRANSFER,4930.35,SUCCESS,42fbc4a0-ab5f-49c9-b57c-c20cb7bfa181
751,751,2026-08-24 05:35:37.283372,PAYPAL,4777.85,SUCCESS,74a9b142-990e-4a80-9615-6797e8e465ae
752,752,2026-09-01 02:02:22.309018,PAYPAL,9563.66,PENDING,387cfb13-340b-4fcb-9a98-948deb23b938
753,753,2025-08-24 20:24:48.651182,BANK_TRANSFER,13833.7,PENDING,34ff0001-b6b7-426d-8019-cce781f21460
754,754,2026-03-12 09:16:26.373902,CARD,11590.28,SUCCESS,2fd81782-99a1-4943-96d9-aa91e4f96c65
755,755,2026-01-18 09:04:34.310959,BANK_TRANSFER,3104.92,SUCCESS,91f453b6-78d4-43ab-a725-be2592095726
756,756,2025-11-13 09:57:36.969905,CARD,8396.82,FAILED,f865871a-3e12-400c-a268-4b43408cd80d
757,757,2026-09-26 08:47:31.220883,CARD,9484.74,SUCCESS,fc25c2dc-69c5-4a32-ac93-993b815f1816
758,758,2026-09-30 14:43:36.879070,BANK_TRANSFER,3655.02,FAILED,d4eddb5a-adc4-4057-889c-0d72da626326
759,759,2025-09-22 05:58:05.981843,PAYPAL,505.06,FAILED,3529c231-e068-4f19-85df-c5bb27e04d66
760,760,2025-07-15 07:46:06.462635,BANK_TRANSFER,5123.95,SUCCESS,b1530921-7eae-443c-b320-194efeb2b833
761,761,2025-11-09 18:03:51.849470,BANK_TRANSFER,13144.38,FAILED,5d67ef18-6c5c-4ffe-a85c-f0b7a84b588e
762,762,2026-05-25 18:44:20.845798,BANK_TRANSFER,7898.77,PENDING,649183fb-4f74-4dc2-a459-42f984b8fcb2
763,763,2026-04-29 06:12:46.519949,PAYPAL,2008.75,SUCCESS,979d5820-e393-4344-9bba-4c4f438cf5de
764,764,2026-10-02 10:52:57.115754,BANK_TRANSFER,2449.5,PENDING,ab78b453-7f80-4bce-b879-84befd0e6b7b
765,765,2025-05-17 03:58:22.170527,CARD,2086.8,PENDING,08cd4ced-cf93-4908-8a15-f79a00ab4b07
766,766,2026-08-15 06:29:22.069273,PAYPAL,1010.12,FAILED,2428f9e0-a867-4ad1-ace0-8b86bc11330a
767,767,2026-01-27 12:52:52.280193,BANK_TRANSFER,933.33,SUCCESS,161bbc03-0cb4-44d4-aa00-8ba56420a286
768,768,2026-04-20 14:30:36.568365,CARD,5971.17,SUCCESS,0478c8cd-ca37-473b-a082-6fe9bf0c6693
769,769,2025-09-15 03:53:00.168704,PAYPAL,1362.76,PENDING,c4044523-8f39-48f3-862a-9d3196d7aa01
770,770,2026-09-15 01:49:38.920000,PAYPAL,287.1,SUCCESS,7ed9907d-24ab-4f4d-92eb-35a1355e6329
771,771,2026-08-10 17:10:44.883972,BANK_TRANSFER,4493.64,SUCCESS,33f272b2-a6d5-4800-b450-d66c6690a17c
772,772,2026-09-10 19:24:57.712147,PAYPAL,1375.56,PENDING,b9b9c6d4-b231-47d7-a51c-67a2e10d3cfd
773,773,2026-07-30 21:05:49.919832,PAYPAL,5155.36,FAILED,6bba1c76-e60a-4da1-91fd-198f3c0657a9
774,774,2026-10-09 08:41:35.743809,CARD,6447.35,PENDING,99286625-61a2-4caa-b791-ed72e8d9fd15
775,775,2026-05-14 11:54:56.857342,PAYPAL,5763.72,PENDING,cfd3aab2-3365-425b-a592-2f7ad525aa88
776,776,2025-03-30 19:33:53.021181,PAYPAL,2229.92,FAILED,b8ee0531-0e8e-4ab3-8ee7-0218e83608fe
777,777,2025-04-17 08:56:43.082031,CARD,3952.79,PENDING,985e4886-d21d-4696-86bd-20ac0d6b15ec
778,778,2026-03-29 21:52:58.860863,BANK_TRANSFER,2533.29,PENDING,8562f3ab-7180-4487-8d94-508a10e32e3b
779,779,2025-06-18 13:35:36.003380,PAYPAL,9814.82,SUCCESS,4f49fa99-f0c5-4bf8-8f3e-297f00e8c059
780,780,2026-07-14 19:17:57.268350,PAYPAL,5522.96,SUCCESS,2c69da1d-0b7b-4c01-b798-e193881d2168
781,781,2026-02-27 06:07:38.057385,PAYPAL,6386.94,FAILED,55ff0129-3b0b-4957-b2c7-6b30fb7e6256
782,782,2026-08-05 05:13:58.456494,PAYPAL,215.26,SUCCESS,8b33894c-55c9-4df7-9081-09b547578291
783,783,2026-08-10 18:37:18.219934,BANK_TRANSFER,7387.09,SUCCESS,9fff8f80-2e01-42a2-8189-18c699a28e9a
784,784,2026-09-13 21:22:57.865488,PAYPAL,12143.52,SUCCESS,0ca37141-3ae8-4359-bd56-1a8e9f23a324
785,785,2026-10-08 07:10:01.157663,CARD,2139.04,PENDING,71880139-a223-42ec-b87a-e2d2b4ce93c1
786,786,2026-05-15 01:18:01.223279,CARD,499.25,FAILED,6ae03e1d-c533-4386-be10-a57c16a946ed
787,787,2026-06-21 15:34:19.128682,BANK_TRANSFER,1951.7,PENDING,0654df2a-a487-4de9-aa8b-6d7388a66f33
788,788,2026-03-21 08:44:25.103676,PAYPAL,7090.61,FAILED,fc2bedfc-23ec-4390-9514-b88acf8eeaf3
789,789,2025-12-10 13:39:50.621225,CARD,7871.08,SUCCESS,11187b88-8519-4182-add8-cccca29bc628
790,790,2025-08-19 06:34:42.152946,CARD,6434.69,FAILED,9273bddd-c2d3-4238-9d7e-dcf9fbf0bc30
791,791,2026-06-19 11:19:31.930244,PAYPAL,7243.54,FAILED,fb3c8d94-b289-4d6f-a4e5-ab2a75781b4d
792,792,2025-07-18 12:12:18.475753,CARD,13896.43,PENDING,df2f438b-00f5-4d76-98c8-28ac753f6434
793,793,2025-09-07 22:35:51.276240,CARD,2688.02,SUCCESS,fe568d34-12da-4c46-b864-cb10b7c23f92
794,794,2026-09-08 04:58:35.999128,PAYPAL,5574.72,FAILED,fabf14cd-094d-4ebd-9699-517fff741b09
795,795,2026-05-29 16:46:21.042165,CARD,2660.84,SUCCESS,aca1c130-364b-479f-b266-92f68c6931d9
796,796,2026-09-18 20:57:34.471448,PAYPAL,8018.28,SUCCESS,9ce53da9-dcad-457e-8224-56cb3e9800fb
797,797,2026-01-16 08:40:18.304678,BANK_TRANSFER,4306.73,PENDING,72a7410e-9acb-4437-b3ea-e5b5ee0bde13
798,798,2026-06-25 12:53:56.674000,CARD,2308.96,SUCCESS,183bee9b-23b6-4e8c-ba8e-2dec4a4b970c
799,799,2026-02-13 08:37:22.273341,CARD,2955.87,PENDING,4ef4ec7e-bf3b-41fb-9ff2-5e0dfcc8919e
800,800,2025-10-22 20:47:47.536173,PAYPAL,7171.82,PENDING,79705db6-3b97-410d-9b3d-4cfa6c14b13e
801,801,2026-10-14 06:51:33.354850,BANK_TRANSFER,1434.32,PENDING,a5cba86d-5b21-4412-9d0f-46d4bbc326e5
802,802,2026-06-24 08:42:49.969879,BANK_TRANSFER,15093.86,PENDING,cff287e1-67d1-45ce-9a95-a394ba7d3996
803,803,2026-06-12 12:28:54.294897,CARD,2246.48,PENDING,1929c52f-dde4-45a0-b0a9-065c7a9b9038
804,804,2025-12-17 07:08:24.654305,CARD,3822.73,PENDING,e5df8633-dea6-42a8-a5eb-bf767a8d25b4
805,805,2025-12-18 00:08:30.008380,PAYPAL,6219.21,SUCCESS,f54bfabb-cf7c-4ca0-8aed-ea8a87e0913b
806,806,2026-03-26 02:15:39.286457,CARD,3113.7,FAILED,8b748936-6eb4-4828-bc76-c902ed452fa3
807,807,2026-01-08 12:51:49.914026,CARD,3358.32,SUCCESS,064a88a6-5b87-4aa9-aab1-5294aa306b9d
808,808,2026-03-03 08:14:19.729828,PAYPAL,5379.57,PENDING,c6a3cbf1-e10c-4e36-a581-d3d3a79d10a8
809,809,2026-06-14 17:29:01.595039,CARD,4078.2,FAILED,66c9e45f-eca0-41c6-b5bb-5dd72955c593
810,810,2026-05-24 13:56:11.783428,PAYPAL,1295.22,FAILED,6ea84a38-6cd4-4902-af1f-918128aeac66
811,811,2026-04-25 11:32:52.230350,PAYPAL,2216.52,FAILED,83cf176e-b0ed-42f5-94af-795e83c4e6f4
812,812,2025-10-29 00:43:23.035455,BANK_TRANSFER,6107.61,PENDING,72926459-31d8-4c57-b012-c7e6b30131e0
813,813,2026-07-07 20:26:17.817706,CARD,8860.92,FAILED,fd508f47-652a-476a-b319-23cb15eb89a8
814,814,2026-09-11 03:01:40.865671,PAYPAL,2185.14,FAILED,eab1e0a9-8ce0-4298-aff0-5b762b441d12
815,815,2026-06-11 06:14:22.255889,CARD,1733.56,FAILED,89abaadc-b6d0-40ef-a459-8034ad0ce9fa
816,816,2026-10-08 17:45:09.316701,BANK_TRANSFER,414.39,PENDING,94ae0244-4a9b-49e3-b6bb-914e002c4953
817,817,2026-10-04 08:20:11.643910,PAYPAL,519.72,SUCCESS,8913f2f0-90cb-4309-9167-dd70cef4d789
818,818,2026-07-17 18:14:36.589676,CARD,7708.98,FAILED,7a03d8a0-9f5b-4ced-9765-e2bb52ce32e8
819,819,2026-05-19 07:58:40.035063,CARD,705.44,SUCCESS,f97ae55a-529d-4531-af0f-c08b26fcbc1d
820,820,2026-03-21 19:49:35.813142,BANK_TRANSFER,2020.32,FAILED,06624e64-4bdf-40e0-a153-9a407efa38a5
821,821,2026-02-13 18:00:32.099098,PAYPAL,420.2,FAILED,5e8e36b5-8e9a-4a6a-a981-ad2e301e35cb
822,822,2026-09-20 04:11:06.691969,CARD,16300.99,PENDING,0781eccd-512c-4a25-864e-97f5883e54a9
823,823,2026-09-19 02:47:06.425148,CARD,8530.24,FAILED,ef609bc6-f0f1-4a53-b5e8-bbd4eb1feef5
824,824,2025-11-21 14:03:24.926090,BANK_TRANSFER,7775.67,SUCCESS,e4564927-1bff-4bcd-b0d9-5dd6c5f0dfb3
825,825,2026-09-14 22:57:40.791906,BANK_TRANSFER,8161.82,PENDING,8d2ae9c0-7b9b-4abf-9464-b1356335450d
826,826,2026-04-02 17:34:06.702126,PAYPAL,5220.82,SUCCESS,d2add2a6-f411-49d1-91e9-9ec492581fd6
827,827,2025-08-25 04:04:53.579092,PAYPAL,4803.1,PENDING,5a3c1a65-dceb-4f94-b2f1-feb0f50f64a5
828,828,2026-10-03 09:32:54.911658,CARD,1067.5,PENDING,88cd565c-17c2-4048-8d2a-ac5b59d5d1bd
829,829,2026-06-24 14:12:15.272656,CARD,3658.77,PENDING,d76d6de7-1d38-4bc5-a5f6-25dd148d26db
830,830,2026-10-02 15:20:11.181479,BANK_TRANSFER,662.73,FAILED,0e5b6b91-0a14-49f1-adb4-2d26868c8cdd
831,831,2026-08-26 17:29:07.741775,CARD,22222.01,FAILED,011deb99-0b28-42a5-861c-33975c6e7e01
832,832,2026-05-03 09:48:53.637991,PAYPAL,1691.52,FAILED,98285c33-450f-40b1-830b-3d762f02bf5d
833,833,2026-09-08 02:17:04.422300,CARD,7443.84,FAILED,727c1301-f2a9-40fe-85d9-b1ba2e528b8b
834,834,2026-01-16 01:13:00.339321,CARD,3143.91,PENDING,a3b3207c-597e-4005-bdc4-37dde39515ea
835,835,2026-01-03 14:11:00.925430,CARD,5946.02,PENDING,a47ed76e-3ba0-49a6-a05f-a3ef0cbf00ca
836,836,2025-09-08 20:50:26.028082,PAYPAL,876.24,PENDING,049cd160-3238-4708-96f3-5771242bf7bf
837,837,2025-11-18 19:41:48.993990,CARD,14086.06,FAILED,57036290-2661-4449-a08f-6d7bbb287a6d
838,838,2026-07-28 12:10:50.097012,PAYPAL,1262.86,PENDING,64346e31-81d6-45b4-a4cc-89db1055b63c
839,839,2026-07-21 22:48:44.318752,BANK_TRANSFER,3961.0,SUCCESS,2bc11bf7-4675-4f60-be4f-f60d093fbebc
840,840,2026-05-18 04:38:07.054974,BANK_TRANSFER,5210.24,PENDING,a95c7f25-66c8-4707-85e0-8ea8f812f394
841,841,2026-03-29 23:36:48.056267,CARD,7512.8,FAILED,2e6060c3-fed6-43b6-a634-41845839a477
842,842,2025-11-16 01:46:58.296609,PAYPAL,7329.28,FAILED,9acf760b-6877-4ecb-b064-7094d9d9f610
843,843,2026-05-03 00:05:43.487525,PAYPAL,1551.05,PENDING,04036d53-8f90-4934-a24d-084d1e7b1fdd
844,844,2025-11-14 03:45:59.852705,BANK_TRANSFER,42.39,FAILED,c84f3c33-037d-4a9d-8ab6-8866e2ed7013
845,845,2026-10-11 20:05:26.141611,BANK_TRANSFER,1057.86,FAILED,f0bf6023-0512-4656-b210-9614a3917bc8
846,846,2025-06-22 03:22:14.855006,CARD,4436.56,PENDING,e79a52b2-2c3a-41e7-8916-4a3b42fd68fb
847,847,2025-09-22 13:07:09.719352,BANK_TRANSFER,9742.32,SUCCESS,4272adf3-238e-4ae4-ac68-d3d8b5e8f105
848,848,2026-07-25 07:32:08.123019,PAYPAL,3051.63,SUCCESS,3d3d6472-5d0d-472e-b383-f5ed92ffeec1
849,849,2026-07-24 16:33:17.623349,BANK_TRANSFER,7537.88,FAILED,49ccbdfb-a293-4d60-bc1a-591fcae829a6
850,850,2026-10-11 13:16:08.990081,PAYPAL,2743.0,SUCCESS,7eac66c1-539e-4025-8f18-d1b9b28158f0
851,851,2026-10-05 00:46:27.457954,CARD,4524.92,FAILED,a45a2d29-ce87-4c55-978e-bbc2b0bcb6e5
852,852,2026-07-14 13:25:08.052824,CARD,4858.5,PENDING,a9d0ff78-f22f-4c79-a41a-6d824e196e19
853,853,2026-09-22 11:13:22.208739,CARD,1396.22,SUCCESS,ada45eb2-6873-414f-a6bb-097f5e1313b7
854,854,2026-08-11 11:15:34.050788,BANK_TRANSFER,4267.18,FAILED,b86995ca-0cb9-4e87-8176-5a5e7efc557f
855,855,2025-11-22 13:19:14.509121,PAYPAL,6506.85,FAILED,3551bf83-c9fa-49b7-be31-c35fe7394d6e
856,856,2026-09-18 23:00:48.949381,CARD,3785.17,PENDING,5f67ce49-f093-44cb-80ce-922c4dce488d
857,857,2026-03-10 07:55:58.497334,PAYPAL,6661.7,SUCCESS,47db2124-10ca-4429-b97c-5829548ef512
858,858,2025-09-10 00:54:36.974919,CARD,7153.19,PENDING,f9a599f3-8c89-4fe4-a575-741f6ddbf278
859,859,2026-05-02 23:14:42.481994,BANK_TRANSFER,18528.04,PENDING,ed6f3a74-5a9b-49dc-ab38-a504d29ddc56
860,860,2026-09-11 00:37:05.979747,CARD,729.86,SUCCESS,df61766a-bf5e-4bf2-aa8f-d30932d93235
861,861,2025-07-08 09:50:52.160356,CARD,4415.94,PENDING,8fc2ae2d-4bf2-4c01-895b-44d832c3bb98
862,862,2026-05-14 19:39:38.736978,CARD,3539.4,PENDING,ed44ab9d-f095-462e-a94e-43723a8835a8
863,863,2025-11-27 12:44:03.847437,CARD,3477.9,PENDING,a146704d-6dd0-4a83-b1d7-db6d8c0a5448
864,864,2025-10-10 23:55:24.100379,PAYPAL,3607.59,FAILED,3740eaf1-7e99-4651-9506-24d66a9f2613
865,865,2026-07-25 21:54:27.296858,CARD,3553.14,PENDING,848076ab-4cba-46ed-9472-62cf64425305
866,866,2026-09-20 04:37:00.980048,BANK_TRANSFER,8668.8,SUCCESS,a9ba1163-dc55-4e9c-8780-1bde277d6af9
867,867,2026-06-16 17:54:11.255901,CARD,6409.72,PENDING,78936d2d-8647-43c7-9d6b-4e017906f2b8
868,868,2025-10-24 00:05:34.680328,PAYPAL,5908.13,PENDING,4a6d2157-9be4-40f8-a6ad-f94882053ed3
869,869,2026-04-01 16:18:15.252976,BANK_TRANSFER,1884.27,FAILED,6894520a-a683-45d8-a242-2489c5ec796d
870,870,2026-05-31 15:17:46.870024,BANK_TRANSFER,3933.84,FAILED,a829c2ae-37eb-427f-8f94-0a739c2e7760
871,871,2026-09-15 05:06:52.000889,BANK_TRANSFER,4983.28,PENDING,df0b6363-3e6d-48ce-8cff-00d740776c4a
872,872,2026-09-29 00:00:00.032088,BANK_TRANSFER,3135.08,SUCCESS,b0c52fa8-98d9-4e8f-bf2f-63836e3d5887
873,873,2026-02-15 14:22:15.537871,BANK_TRANSFER,6632.04,FAILED,061664a3-5b24-4a29-881b-c596891b3e6a
874,874,2026-06-06 09:37:35.724935,BANK_TRANSFER,8257.56,PENDING,ccb9c92d-51b2-430e-8e3b-e7b2ca5aa416
875,875,2025-04-15 07:18:35.760438,CARD,2850.31,SUCCESS,988ba37a-0829-4bfd-b881-d322fe994342
876,876,2026-02-03 11:32:09.357192,PAYPAL,5264.59,FAILED,2a498fca-76a6-4248-a6a0-ed0444e65aaa
877,877,2026-06-27 07:26:41.320478,CARD,4394.66,PENDING,32736c91-7537-4e4f-8d17-4a200218c6a9
878,878,2025-07-21 14:16:55.328306,BANK_TRANSFER,6481.5,FAILED,9a7f8712-c216-4949-bc5e-260aeaf2b5ee
879,879,2026-07-27 14:54:51.052515,CARD,11784.5,FAILED,77aa2f40-b26a-4ae2-8bb1-9467913062ca
880,880,2026-08-27 07:10:19.617705,PAYPAL,9975.29,PENDING,e830331b-7d72-4ae1-bd01-7e57ea285bde
881,881,2026-03-28 01:54:05.874431,PAYPAL,10299.02,PENDING,450732a8-5092-4b7f-971d-4716f8dc2be1
882,882,2026-06-14 02:03:11.965950,BANK_TRANSFER,5013.86,SUCCESS,a0fea964-aabd-447f-9869-7ca2ec0dd1ff
883,883,2026-09-28 05:22:45.621453,CARD,7484.02,PENDING,ece57307-8fee-4edb-bddf-56880139bb86
884,884,2025-02-04 01:58:03.850441,CARD,9536.25,FAILED,8f20d2d1-55c7-4766-a340-c8966bf531f9
885,885,2026-10-13 13:53:45.728519,BANK_TRANSFER,10648.81,FAILED,ad349caa-09d7-45f8-9ab6-82201c24f102
886,886,2025-09-19 09:42:42.688254,CARD,10061.12,SUCCESS,4cc612f5-013e-4eb2-a2d2-95dbb27bd350
887,887,2026-10-14 00:12:21.815016,CARD,3837.16,SUCCESS,f59ca4ca-2f5b-48e8-a86e-568705edca30
888,888,2026-08-06 07:53:57.190347,BANK_TRANSFER,10003.2,FAILED,3a1b16b9-57ea-48ad-b5b0-0f9f4fc86ae9
889,889,2026-09-24 01:32:05.281938,PAYPAL,10360.0,FAILED,98bc6b45-76c8-43e0-a8aa-c4a523a724e7
890,890,2026-06-29 04:09:24.658053,CARD,4660.38,PENDING,af3e6d8e-ac1e-4050-afc9-3facaf0c363b
891,891,2026-10-03 13:05:06.251045,BANK_TRANSFER,896.46,SUCCESS,9ed530f7-7dd1-4830-8027-1c77394ac12b
892,892,2026-07-24 07:13:56.040808,PAYPAL,9642.99,FAILED,1423acc9-3026-466b-94a2-f8bdc228a0e7
893,893,2026-06-26 03:38:52.666831,CARD,8774.54,PENDING,1c96c12a-19be-4adf-a7d8-8614b991f5ea
894,894,2026-06-19 16:55:01.852952,BANK_TRANSFER,8312.71,PENDING,077928c3-937b-44e7-9a43-8639a825610c
895,895,2026-09-18 05:44:49.149859,BANK_TRANSFER,9239.81,FAILED,5ba3e762-66ae-415d-aab7-fb10de72ac23
896,896,2026-01-02 20:21:34.237659,CARD,4252.8,PENDING,26240543-43a2-4d52-912e-73a175f1afb8
897,897,2025-12-28 00:04:58.261773,CARD,3496.38,SUCCESS,e7f6dec2-615b-4d20-acf7-0176d72a88c4
898,898,2025-09-11 04:23:59.060476,BANK_TRANSFER,419.36,PENDING,b12067d8-1c6b-4e50-980c-d898aaf76d3b
899,899,2025-07-01 13:06:20.238217,CARD,6683.14,PENDING,874db931-3933-47d4-bef3-f84e5d0cda73
900,900,2025-06-03 02:05:03.822293,BANK_TRANSFER,9157.85,PENDING,593b5528-599f-4aaa-ad49-207ab7047f41
901,901,2026-09-25 04:23:21.691747,CARD,13923.39,PENDING,a1c58ede-4271-4ada-948b-119ef45e0a21
902,902,2026-09-14 00:51:07.107888,BANK_TRANSFER,7960.23,PENDING,9a8765d7-cc55-4077-8a7d-8551fa0f823a
903,903,2026-09-15 01:57:16.621595,BANK_TRANSFER,3867.77,FAILED,3b6e33f7-95a8-4dc0-94b0-bab5a0350f66
904,904,2025-12-04 14:10:03.850415,CARD,6639.31,SUCCESS,e6e16ab1-aa62-48e0-ba04-d8fc14118760
905,905,2026-10-02 23:36:08.849748,CARD,2620.71,SUCCESS,500ac7b5-5b83-40a6-942c-0ff95811b254
906,906,2026-09-25 23:38:09.366745,BANK_TRANSFER,7350.47,SUCCESS,b2d35cb1-7429-4188-b04a-908e384ca561
907,907,2025-05-14 21:02:53.896938,PAYPAL,13486.22,FAILED,7951ec7b-22be-4d3b-aafa-1ea3c3ce7118
908,908,2025-07-16 08:14:50.338795,CARD,6020.19,SUCCESS,74a40131-6a6d-4c9d-9b8f-2eefd85f18ce
909,909,2026-04-06 23:02:34.675021,PAYPAL,6270.61,PENDING,18709d0d-62a1-42f4-800b-c861713812b7
910,910,2026-10-13 00:02:16.598964,PAYPAL,698.11,PENDING,aaf4fd66-163d-4b23-988a-061923f1127b
911,911,2025-12-22 21:18:56.535942,PAYPAL,5163.54,PENDING,6c556b84-f69c-411b-9fe2-a07579c2bcb5
912,912,2026-05-22 23:27:16.362675,CARD,4193.47,FAILED,2ab27fd9-bf46-4cbe-9e96-c3f4c332f820
913,913,2026-08-09 09:50:29.506642,CARD,3206.38,FAILED,2c7e254b-19fc-4491-a20a-558241e04166
914,914,2026-09-02 15:23:39.687304,CARD,1057.86,SUCCESS,86958649-41ee-4c23-8381-8bda075bfc90
915,915,2025-06-07 00:43:17.538938,BANK_TRANSFER,3622.18,SUCCESS,712bdb36-a7ae-4221-8895-d289f9c7ec6e
916,916,2026-06-24 14:17:25.492781,CARD,7516.07,PENDING,eed3252a-9f16-423f-96d2-e428039d148b
917,917,2026-08-24 16:41:58.990838,BANK_TRANSFER,8425.52,FAILED,9a7f7500-1576-4b3e-bbea-22db922e5cc6
918,918,2026-09-13 08:58:03.756176,CARD,3340.62,FAILED,d815c81b-ca43-47c5-852a-5c273d9156b6
919,919,2026-03-14 18:35:08.352033,PAYPAL,4653.49,PENDING,f3276dbb-5605-4fb3-9903-b63f9e53d154
920,920,2025-08-17 08:11:38.911409,BANK_TRANSFER,15063.54,SUCCESS,0f2f5a82-f0e7-425c-be7b-7dacbea6bb61
921,921,2026-07-19 11:41:14.152745,CARD,5034.72,SUCCESS,b89a3e7c-5476-4d30-b657-c7e808510276
922,922,2026-08-20 17:07:48.231378,PAYPAL,2883.26,SUCCESS,eaed6c60-2491-432d-8a33-cc8f971593fb
923,923,2026-08-13 00:21:47.898602,BANK_TRANSFER,7426.75,FAILED,b93c3567-b432-4669-ad5b-a4d9ea14c6e5
924,924,2025-12-06 16:21:50.523542,BANK_TRANSFER,215.26,SUCCESS,1996dcaf-cdc7-4d02-ad3c-21793a41a2bc
925,925,2026-09-30 23:40:32.942507,PAYPAL,7612.6,FAILED,47c8195c-371e-4161-82b5-f675f3c7da4a
926,926,2026-06-23 05:46:38.300099,PAYPAL,2307.28,FAILED,eb753fd7-87f0-4615-8680-8f09d3e9b1f3
927,927,2026-02-18 23:43:59.705113,BANK_TRANSFER,6021.99,FAILED,80886f1a-4efe-4e13-89d9-b6d3f50fa11b
928,928,2026-05-08 15:45:34.346460,PAYPAL,2123.52,FAILED,4ab047e0-a856-4d84-9727-d487ef8df74d
929,929,2026-05-18 09:48:10.815845,BANK_TRANSFER,8448.28,PENDING,9b993874-5e8a-4525-a52f-152a0ea3a189
930,930,2026-06-27 15:18:14.220943,CARD,11119.01,PENDING,0bd3a0c5-5dc3-49be-8c3b-4e466696c1a6
931,931,2026-10-05 15:41:42.806706,BANK_TRANSFER,3162.04,PENDING,c912280e-2cfa-43c4-8d8f-e74d250e83ee
932,932,2026-07-08 21:57:17.266321,CARD,3521.64,PENDING,21ec7a71-415e-4abd-bf0e-99261b68bdbb
933,933,2025-11-30 16:59:58.745212,CARD,6852.82,SUCCESS,60ebb712-710a-4cd6-9eff-7485c4613bbc
934,934,2026-04-08 10:08:35.368269,PAYPAL,6426.51,SUCCESS,1c360249-105d-4857-9c10-f74d9b3b9f88
935,935,2026-09-08 01:01:22.463680,PAYPAL,1269.22,FAILED,bf9cd75c-0637-46dd-9729-0c024af53dfe
936,936,2026-05-30 06:03:47.240926,BANK_TRANSFER,2407.79,SUCCESS,15c7dc6e-e532-4380-b1af-6411423e25ce
937,937,2025-12-14 00:07:49.351669,BANK_TRANSFER,3223.29,PENDING,4c956585-a59b-4682-b3ff-e304b50e33d7
938,938,2026-09-20 07:09:33.736066,PAYPAL,4320.7,PENDING,399b29fc-5f5c-44f9-9d73-1175e207dbb6
939,939,2026-08-27 13:42:58.421097,CARD,6864.98,PENDING,af887619-09c3-42ee-a2f8-20df15a57d60
940,940,2026-09-28 07:20:50.577364,PAYPAL,14222.36,FAILED,95d35258-fb37-4111-aa1a-dda72822f0a9
941,941,2026-08-11 14:28:53.965881,PAYPAL,5371.32,FAILED,1b71a8e3-a47b-4b9a-ad9e-c1651e6346ad
942,942,2025-12-31 13:20:28.654641,PAYPAL,765.84,SUCCESS,95a4d81b-aeee-4e2c-a5a6-dcf86872b415
943,943,2026-01-15 18:06:50.136401,PAYPAL,3246.48,SUCCESS,9ade704c-77bb-471a-afa6-0f91ac5355e0
944,944,2025-05-25 19:17:57.505388,CARD,1865.38,FAILED,56f8ad8d-f5be-4e1a-8842-2488e73b63f3
945,945,2026-06-16 12:04:25.551825,BANK_TRANSFER,6280.64,PENDING,db73a0c0-36b0-4ba7-b3b0-aaf0e8e23a61
946,946,2025-06-11 22:16:07.765723,PAYPAL,1989.28,SUCCESS,242942a1-6d67-431d-9783-ac0d1c8e1029
947,947,2026-07-16 21:46:48.378820,PAYPAL,1560.78,SUCCESS,bb2ced3f-0db7-4a95-be5f-24a3155878da
948,948,2025-12-29 23:02:28.791766,CARD,4409.88,SUCCESS,27d6b2e2-9e59-4f5d-91f1-df713a84be76
949,949,2026-09-08 22:44:47.733020,BANK_TRANSFER,7813.07,FAILED,65a664a2-3f06-451f-8cc9-308797fcfb3a
950,950,2026-06-02 19:25:05.421731,CARD,6822.79,PENDING,7151bed7-527f-4409-896e-c14913550472
951,951,2026-08-26 02:34:20.681659,BANK_TRANSFER,4937.56,FAILED,7bea76c1-c72b-4da0-af65-f4bd75e3f1d0
952,952,2025-05-06 14:36:07.634179,CARD,11634.29,SUCCESS,909bfa8d-230c-47f1-9be6-6e9e06e33f44
953,953,2026-08-08 13:52:27.926817,PAYPAL,2971.28,FAILED,712b8f43-0040-45e1-bcc1-425173833649
954,954,2026-06-27 03:43:01.878292,BANK_TRANSFER,10477.59,FAILED,bd906e59-9848-49f0-99b6-9c3f58a44e03
955,955,2026-05-17 12:30:57.048203,CARD,10318.07,SUCCESS,dd070b9d-5f87-4ba1-94ba-c9b7ba9f75d6
956,956,2026-06-01 07:25:15.095333,PAYPAL,7787.88,PENDING,0d16192b-515b-4487-862f-9d6e41198320
957,957,2025-07-07 00:43:36.547570,PAYPAL,3999.9,SUCCESS,2184c4e8-0181-4f3f-ad75-fd4ffcfa2369
958,958,2026-08-16 06:43:44.467425,PAYPAL,11524.98,SUCCESS,854f6ac0-ce92-464c-be0e-023b6095aa9f
959,959,2026-02-22 10:25:07.351018,PAYPAL,3243.94,SUCCESS,08c252d6-9ce8-4e82-8e11-4e0d7e8eda3e
960,960,2026-08-31 17:00:09.352119,CARD,737.28,FAILED,a350c524-4f47-488b-b0ac-7edcbea9a566
961,961,2026-03-02 08:11:08.742783,PAYPAL,2688.02,SUCCESS,50f30807-982d-41ca-ab8b-bd4a0e277ff4
962,962,2026-04-09 09:31:27.696988,PAYPAL,5460.47,SUCCESS,0c1752fd-6587-41af-82e0-212873dce0e0
963,963,2026-08-06 06:25:34.131937,PAYPAL,13705.9,SUCCESS,022da24e-45ae-4092-8c2a-89d8c773d861
964,964,2026-10-04 06:36:29.577192,CARD,10332.84,PENDING,45ecaad1-34a9-4479-89e6-dec2b80504fd
965,965,2026-06-05 13:37:40.699086,BANK_TRANSFER,4614.82,PENDING,591596e2-adee-47ed-b590-a2f6b0950247
966,966,2025-09-08 17:58:52.374324,CARD,7630.5,PENDING,b93df0b6-b603-41aa-8956-1001119d5cb0
967,967,2025-12-14 18:50:00.789087,BANK_TRANSFER,12614.75,FAILED,8146ef20-8aad-4537-ac88-e9d7c9ef4cdf
968,968,2026-10-01 19:04:37.247505,PAYPAL,423.36,SUCCESS,d481ba96-3e5b-4677-a37f-9a6313551496
969,969,2026-09-11 22:09:11.460186,BANK_TRANSFER,7627.32,PENDING,12590735-2c2a-4a45-b247-be4a21d5663b
970,970,2025-12-02 05:40:17.017640,BANK_TRANSFER,2384.22,SUCCESS,3e62196e-19a2-48a4-9046-427fc0167336
971,971,2025-10-17 02:15:01.176168,CARD,11104.62,SUCCESS,8ba55e2f-19bd-45ca-8f63-22ae6013761a
972,972,2026-02-07 23:09:10.392084,BANK_TRANSFER,6284.8,SUCCESS,3c2a5ce4-1939-4bec-80bf-7f2f261e217f
973,973,2025-12-22 19:43:56.735630,BANK_TRANSFER,1351.62,SUCCESS,cbccd4fe-5c95-4249-ab47-72f48c01f5cd
974,974,2026-06-03 22:38:18.921441,CARD,498.51,SUCCESS,bd7fd94a-8cd8-477b-855c-dd1908121b35
975,975,2025-12-19 21:30:34.939773,BANK_TRANSFER,6679.99,SUCCESS,c0942bdf-e1a8-4cda-93a8-fde4bb3030c3
976,976,2026-07-30 09:14:41.613622,BANK_TRANSFER,6705.39,SUCCESS,c79cb953-b942-490f-9f1e-74f585e17c3c
977,977,2026-10-04 03:13:49.012387,CARD,5284.5,FAILED,025049ab-d752-433c-aa53-747a38e644d9
978,978,2026-09-22 21:06:41.863991,CARD,3042.64,SUCCESS,ae22fa57-aae5-4054-ad3e-9fa290ba2411
979,979,2025-04-30 20:59:12.582965,BANK_TRANSFER,6705.68,FAILED,fd880bfa-7a98-4635-b38f-da15f03bbd44
980,980,2025-06-25 14:51:22.057093,PAYPAL,8804.92,SUCCESS,7742614d-033b-4e59-99a8-d90461604bd6
981,981,2026-06-19 16:40:54.855401,BANK_TRANSFER,7516.54,SUCCESS,a5e46132-4e66-4424-b4d8-a6c397aecc61
982,982,2026-08-18 04:25:17.302288,PAYPAL,7627.23,FAILED,0af11f9e-0bd1-4e08-af26-e55a7b6db4c4
983,983,2025-04-07 11:39:05.603219,BANK_TRANSFER,11215.47,FAILED,b2e13d23-41c9-42f2-94ae-d155212075d1
984,984,2026-07-01 03:37:55.256445,BANK_TRANSFER,15111.33,PENDING,7950cd1f-f76e-473b-8ce4-01aac7d1b01b
985,985,2026-08-21 10:18:24.818730,PAYPAL,12817.84,SUCCESS,3dcf494c-6f07-4181-9d38-45db74edb327
986,986,2025-12-30 12:10:29.694579,CARD,6993.08,PENDING,070fc7e9-cb55-4daf-9f11-8c675d7cb047
987,987,2026-09-07 05:18:56.953833,BANK_TRANSFER,4231.49,SUCCESS,9b4dd12a-d683-41f4-887b-6650abd9c87c
988,988,2026-06-25 01:46:18.388232,PAYPAL,6189.72,SUCCESS,01a4b9bd-7572-465a-b779-19832e285c72
989,989,2026-09-18 02:13:02.966111,CARD,1871.73,PENDING,e1d4be55-1c31-4d04-83c6-835414b7a14f
990,990,2026-09-09 04:54:16.953635,BANK_TRANSFER,12598.38,PENDING,43cbfd81-9f49-489b-949b-dd63c0e3ba61
991,991,2026-10-04 08:44:12.361903,PAYPAL,5403.24,SUCCESS,ef4b2109-4271-434a-9c9f-63804dce8015
992,992,2025-11-15 14:43:17.821415,CARD,9118.53,FAILED,9de8eab0-244a-49f0-b8fd-07ff9b02912b
993,993,2026-05-08 02:30:05.456065,PAYPAL,3941.42,FAILED,1d69047d-d29c-4307-a3b5-4f0456a372ff
994,994,2026-08-01 06:53:24.432792,PAYPAL,685.09,PENDING,1408049b-7f9e-43a0-ad83-63da7419db05
995,995,2025-08-05 06:12:57.185406,PAYPAL,2467.01,FAILED,cf95e764-af31-492d-bbff-1e4b7236b469
996,996,2025-07-07 01:35:23.398103,PAYPAL,1284.15,PENDING,801f30df-8043-4a6a-acfc-9e2fc157fb2e
997,997,2026-01-28 04:10:33.683845,BANK_TRANSFER,6735.54,SUCCESS,3d9290f0-6cf7-4c55-98b1-6dcc243096bd
998,998,2026-03-18 23:07:53.196389,CARD,8993.24,FAILED,bdffd9c6-226c-41ec-9b46-f9d7669a4e0c
999,999,2026-04-13 23:06:06.911129,PAYPAL,5295.69,PENDING,c6bf9d33-ec75-4a2a-a1b5-f657d4453727
1000,1000,2026-04-15 00:27:14.639877,BANK_TRANSFER,1660.98,PENDING,5f4c1f41-0677-4680-b0a0-eebb380091ac
1001,1001,2025-12-13 14:35:07.172277,PAYPAL,7287.79,PENDING,3212a83b-1933-4ad6-b571-b6d7351cf739
1002,1002,2026-09-22 05:26:34.753002,PAYPAL,4394.57,FAILED,bf58359f-7a52-44f6-8656-34e3da216cf7
1003,1003,2025-07-24 10:25:12.054600,CARD,13086.83,PENDING,babc7d4b-2a76-4b82-8be9-eea0fe250f62
1004,1004,2025-06-27 15:07:28.348380,CARD,2702.65,SUCCESS,b7a6beb2-ed79-4d94-a7c0-37b5aff8d43e
1005,1005,2026-06-15 03:39:48.798236,BANK_TRANSFER,3554.62,SUCCESS,f61f4793-617a-48f1-aace-b98c49e7929b
1006,1006,2026-09-11 09:52:39.803664,BANK_TRANSFER,12055.77,PENDING,e2c045e6-6417-4a88-8996-e7fc4c1003df
1007,1007,2026-02-15 07:44:52.507295,CARD,3853.63,PENDING,ba3ed4f4-346d-492e-ac9c-7ebd7e8673bf
1008,1008,2025-10-07 02:00:10.414292,BANK_TRANSFER,7918.11,PENDING,1c467349-ae12-44b6-b390-ca5d4bfecfa6
1009,1009,2025-06-07 17:03:53.660410,PAYPAL,1989.68,FAILED,18c56a57-c775-4900-aa85-43a775031dcf
1010,1010,2026-08-13 16:28:50.913804,BANK_TRANSFER,7116.59,FAILED,1a2e1c6d-abc2-405c-a04f-43702c92da23
1011,1011,2025-09-05 22:10:11.857583,BANK_TRANSFER,6742.11,SUCCESS,1cd98e6b-3a0d-4859-82e8-67554ba74d82
1012,1012,2026-02-13 07:14:47.703535,PAYPAL,1454.99,FAILED,6be74e77-bcb4-467d-8828-418dfd879360
1013,1013,2025-08-08 05:01:20.909903,PAYPAL,7659.99,FAILED,7aacb531-430d-47b8-aa68-934dec4f16ec
1014,1014,2026-04-25 03:52:00.236650,PAYPAL,8402.28,SUCCESS,608a20f7-502d-46db-a367-81d0401082a2
1015,1015,2026-05-11 15:21:43.196349,CARD,5084.32,PENDING,82b10891-97d9-4588-a333-257a90bc850e
1016,1016,2026-10-09 08:35:41.019204,BANK_TRANSFER,623.91,FAILED,609d9410-3769-4eb6-8597-cbffed4e149f
1017,1017,2026-02-06 14:09:29.953886,CARD,4493.12,SUCCESS,00c3f267-3b38-487c-b617-2de1c78764de
1018,1018,2025-01-28 11:00:04.447831,PAYPAL,17675.19,PENDING,aed34855-7c86-4c03-b84a-aaa98a91919e
1019,1019,2026-09-14 12:05:46.740955,PAYPAL,5937.33,SUCCESS,ba9b9531-66cc-4f46-ba53-8c4ca404aeeb
1020,1020,2025-05-29 15:08:06.646104,PAYPAL,4470.26,PENDING,5832295f-c3f8-425a-9429-7ac2d7cadeaf
1021,1021,2026-03-08 21:33:09.553832,PAYPAL,1179.8,FAILED,251c8c20-f3bc-4432-bf2f-97f32e5e34f0
1022,1022,2026-06-23 10:55:18.109886,CARD,8472.8,SUCCESS,980726ce-f2b2-4021-bce2-8232b4fa785b
1023,1023,2025-04-19 11:48:12.971020,PAYPAL,13828.38,SUCCESS,ef5eecaf-7b88-4ce4-aaec-3c2ba4d34b17
1024,1024,2025-02-18 11:38:41.839695,PAYPAL,5065.06,SUCCESS,47b88951-391a-4488-992a-da0b546fc668
1025,1025,2025-12-18 18:08:52.051127,PAYPAL,10636.91,PENDING,608af5ee-0cc4-4865-83a4-14a2e8686363
1026,1026,2026-06-09 17:47:20.853487,PAYPAL,9849.26,SUCCESS,181cb16f-9439-463e-a528-cf08af82e87c
1027,1027,2025-08-13 05:45:32.915496,PAYPAL,7295.6,SUCCESS,8378dd18-20d7-4ec8-ab9b-541c73a0294a
1028,1028,2026-05-02 10:38:36.262936,PAYPAL,42.39,FAILED,314ce4b2-84c2-41a6-9fc3-86097ad51b22
1029,1029,2025-09-23 08:37:20.854286,BANK_TRANSFER,8217.8,SUCCESS,b24f59f9-7243-4ed5-9d3d-0b4a895654d7
1030,1030,2026-03-20 16:01:17.073001,PAYPAL,335.52,FAILED,a6e9b5ae-6685-4327-b22d-1294fd28a4d7
1031,1031,2025-04-12 23:32:30.599329,CARD,6886.8,SUCCESS,ad596310-55ac-4899-baff-5380d3cf6541
1032,1032,2025-10-21 16:41:42.226379,CARD,6174.01,FAILED,d62598ba-ca41-48af-baa6-302f9ce1e6a5
1033,1033,2026-07-18 14:07:56.300780,CARD,5264.13,FAILED,9398daad-d527-4a01-8085-fa43a7faaf3a
1034,1034,2026-05-17 13:13:13.508796,BANK_TRANSFER,1434.32,FAILED,72e44643-9d42-4ad0-94e6-0ced48ec8cc6
1035,1035,2026-08-17 05:43:06.811304,CARD,5988.22,SUCCESS,ee0b349c-2946-4d29-90d3-46e80e8fb3d4
1036,1036,2026-10-12 15:32:27.469690,PAYPAL,10757.82,SUCCESS,1c41c9cf-1fce-4d86-bd86-6eaa1b40abe4
1037,1037,2025-08-26 15:53:15.223197,BANK_TRANSFER,2221.72,SUCCESS,55f3d1e7-ca60-4190-a8c2-9304da89f0cc
1038,1038,2026-10-07 11:45:50.960633,CARD,5567.38,FAILED,184cbb24-bcde-4407-844b-f02f5b1f4979
1039,1039,2026-08-11 22:13:36.340619,CARD,14348.98,PENDING,feb1d313-1a1d-47ec-a9b4-715f88d76d5a
1040,1040,2026-09-06 14:11:48.157898,BANK_TRANSFER,4053.2,PENDING,13b445ba-6ec3-4dff-8268-e69ef7c85570
1041,1041,2026-09-23 01:17:54.532882,CARD,14027.06,FAILED,daa9f6dc-af49-4e2f-8d00-7cada1c06f17
1042,1042,2026-10-09 20:43:04.437604,PAYPAL,2504.64,SUCCESS,dc8fe37c-6808-4b5d-9039-df9ab4e18029
1043,1043,2025-12-11 02:33:11.355078,PAYPAL,11040.75,FAILED,d43f46de-333a-41ae-a86e-677bfe3f4d89
1044,1044,2026-05-12 11:55:23.509721,CARD,2536.36,FAILED,f4806394-fb27-4440-b603-fce398ac352b
1045,1045,2026-05-08 12:07:30.235766,BANK_TRANSFER,3687.92,FAILED,2d91f696-d166-41b4-b2d9-80c15a36d3df
1046,1046,2026-09-11 19:23:17.973402,BANK_TRANSFER,3595.64,SUCCESS,6b264020-1a75-45b5-aa17-47f5c0d7e804
1047,1047,2026-03-01 11:05:55.130482,PAYPAL,8328.6,SUCCESS,7cedcd0c-37c9-4360-a917-e2e29bda79cc
1048,1048,2026-09-15 12:57:33.853004,CARD,6790.0,FAILED,92eef5bb-16b3-4ada-922f-0f9481d2645b
1049,1049,2026-10-05 12:37:53.330965,PAYPAL,11717.97,SUCCESS,b092e5d3-da5a-448c-868a-d1f436151464
1050,1050,2026-08-23 23:07:52.156770,CARD,4865.42,SUCCESS,95d2c673-e316-4417-94ac-d159a5f50a05
1051,1051,2026-01-22 07:16:08.023118,BANK_TRANSFER,10251.65,FAILED,2aac2c7f-f2a0-4e81-ba60-291f87c860bf
1052,1052,2026-07-12 03:12:26.178026,PAYPAL,4629.96,FAILED,a49bc679-3509-4895-837b-eeab1d23dfce
1053,1053,2026-09-16 13:10:51.474339,BANK_TRANSFER,5646.77,FAILED,fdb94388-6d0f-4812-93ad-147a7fe5339c
1054,1054,2026-07-11 09:42:06.112118,CARD,1543.34,PENDING,b21352ae-aeea-4345-8b9b-b44130432eca
1055,1055,2026-05-18 22:20:37.331614,PAYPAL,6584.19,FAILED,fbd1c5ff-cd6f-4c98-b8c8-1b7c6396a633
1056,1056,2026-07-26 23:30:44.212910,BANK_TRANSFER,584.1,PENDING,cd6586ee-1edb-468b-abc1-9f826bed6efa
1057,1057,2026-08-09 21:32:56.896267,PAYPAL,4586.13,SUCCESS,dc695efe-9d29-4050-b85f-731313ae858a
1058,1058,2026-05-22 18:59:35.234819,CARD,3717.04,PENDING,c11aa7ba-0960-459c-9411-bd98448bfa0a
1059,1059,2026-09-16 12:39:11.912743,PAYPAL,7942.93,PENDING,d5b50c21-9a20-4881-b072-7fa84f7b1ca3
1060,1060,2025-08-06 09:59:05.926334,PAYPAL,4921.85,PENDING,99f3d11d-29d0-4b45-ac2c-96e779e9a90b
1061,1061,2026-10-01 07:17:19.874011,CARD,11189.03,FAILED,c6ca565f-8411-4531-9f1f-4fae4bbd0ebf
1062,1062,2026-09-14 14:46:25.930394,BANK_TRANSFER,7100.65,FAILED,6bcd1399-b1e1-45ce-977c-b0ac399388f9
1063,1063,2026-10-09 16:16:09.017266,CARD,7317.67,PENDING,ae19e2b4-3c02-433f-9e19-6147d2011306
1064,1064,2026-09-04 19:42:31.795832,BANK_TRANSFER,3189.93,SUCCESS,d4b39235-c22d-4852-8c54-21089603df79
1065,1065,2026-01-22 17:40:43.429371,BANK_TRANSFER,685.09,PENDING,ffcaf334-4748-4b80-99c1-ab2d7b5926b1
1066,1066,2026-07-14 03:26:28.028777,BANK_TRANSFER,4930.87,PENDING,253f7bb6-2774-4089-a1d2-75059a8fcb92
1067,1067,2026-09-01 01:04:21.809685,BANK_TRANSFER,1665.46,FAILED,578efffe-e458-4c5e-b608-f37bc6f64c51
1068,1068,2025-07-28 16:30:44.663760,PAYPAL,926.18,PENDING,d56891ca-11da-487e-85b7-5b82cf086740
1069,1069,2026-02-08 22:38:28.891199,PAYPAL,11806.53,PENDING,8ec23f07-529a-4573-af2b-68babd61592e
1070,1070,2026-10-06 21:12:28.601695,PAYPAL,13612.14,PENDING,d7d1a5fc-bd32-440a-a11d-19a41117c3a0
1071,1071,2026-10-12 01:22:49.983917,CARD,14164.69,FAILED,d502a21b-410a-40b8-94db-61f9f2dcb2ef
1072,1072,2026-09-28 18:00:30.888521,PAYPAL,4352.74,FAILED,e7941ab1-2df3-4bdd-a5e5-50496bc4cf7b
1073,1073,2026-09-23 12:24:13.959577,CARD,4848.24,PENDING,2ea4790b-fdd0-4c32-b405-e657d1a37650
1074,1074,2026-08-12 10:44:06.673219,CARD,5144.01,SUCCESS,1f1b8f72-098d-4a47-8fa4-1ffa67e38fcd
1075,1075,2026-05-17 20:11:07.681365,PAYPAL,4779.26,PENDING,9925df49-924a-4fea-bbb7-a5776529880c
1076,1076,2025-08-15 02:10:59.865677,BANK_TRANSFER,4927.34,FAILED,35398963-d327-4cc0-9900-c3214219eb72
1077,1077,2026-05-04 07:42:19.902289,PAYPAL,7017.38,PENDING,3bd75053-517e-4aa6-806e-b2c68e0b38ab
1078,1078,2026-06-28 21:21:38.609731,BANK_TRANSFER,6984.82,PENDING,0d7f241e-c6a6-4eb4-b7b6-78c463bd994c
1079,1079,2026-09-27 06:07:39.272043,PAYPAL,877.29,FAILED,cd0d01ef-c595-406e-a50e-bfaf0238a72d
1080,1080,2025-12-01 06:20:33.372530,BANK_TRANSFER,14599.77,SUCCESS,bca40fc2-a956-4750-8574-fe6d6662a715
1081,1081,2025-09-18 14:34:58.410758,PAYPAL,7715.02,PENDING,a68e851a-0bcf-4d34-9f2b-d1def53b1b90
1082,1082,2026-09-07 22:28:41.350056,PAYPAL,3150.33,SUCCESS,5cc3c950-4e4c-4008-a95e-bce8b21d8ed2
1083,1083,2026-08-22 13:03:56.604846,CARD,1567.54,SUCCESS,22b76d0e-76fe-4b48-89d3-3a59944caad6
1084,1084,2026-07-21 15:51:19.467995,BANK_TRANSFER,7375.43,PENDING,8ff9aa6c-0838-43e9-bab8-a244ea279487
1085,1085,2026-10-10 02:35:32.712500,PAYPAL,12971.81,FAILED,2d03fb11-ddc2-44eb-9af8-53fb9c7cc702
1086,1086,2026-06-12 19:52:05.170549,BANK_TRANSFER,8474.2,SUCCESS,c6c2236c-a2d4-4fa4-bbc3-b7b175fdb0a0
1087,1087,2026-08-22 23:56:50.590102,BANK_TRANSFER,10570.71,FAILED,c2abd8e0-f219-4c35-a69e-22fd542092e1
1088,1088,2026-09-19 20:24:56.730801,CARD,2749.53,SUCCESS,107aad8b-821a-4ae4-a684-8d4a6b253e7b
1089,1089,2026-05-11 12:10:50.680056,BANK_TRANSFER,5035.76,SUCCESS,9f27bc06-f686-45aa-b73e-2f8f34c93ebf
1090,1090,2026-09-24 19:04:13.315087,BANK_TRANSFER,7995.1,SUCCESS,075e5026-73ec-4831-adc5-559bef2ea5e6
1091,1091,2026-02-19 10:23:28.603066,CARD,3158.19,SUCCESS,a828211d-7a94-40b6-9efb-6bc522d67eca
1092,1092,2026-09-20 14:47:49.765445,BANK_TRANSFER,3568.68,FAILED,b4d32b86-02de-4777-b980-c29c4b322b05
1093,1093,2026-09-01 22:56:44.280006,PAYPAL,2685.12,FAILED,2bf14f70-a684-4cf3-a1f2-57f24e3dc31a
1094,1094,2026-04-25 16:40:42.960153,CARD,13422.42,SUCCESS,4537277c-f1f1-46fb-99da-15e6bc275719
1095,1095,2026-07-06 08:02:56.375999,CARD,8706.85,SUCCESS,cabac975-e12a-4803-8674-32ec9de1f9ef
1096,1096,2026-07-03 03:29:43.802619,BANK_TRANSFER,6445.61,PENDING,0fb361e9-cf33-471c-8f8d-dcd63ac2bf85
1097,1097,2026-02-09 12:14:34.898373,BANK_TRANSFER,16723.25,PENDING,bbc7f19e-2f50-4acb-bee1-d728e9909a64
1098,1098,2025-11-08 01:36:15.615238,PAYPAL,1773.29,SUCCESS,03b0c4c0-e6db-4a5b-8efc-8d6d500b3933
1099,1099,2025-07-19 13:27:27.031354,BANK_TRANSFER,9128.16,SUCCESS,ca7898e6-a618-446b-9991-9b618b55cfe6
1100,1100,2026-01-19 17:12:21.145514,CARD,15883.71,PENDING,c2c26d9f-4be9-42b5-ab0e-e2c844b97f9c
1101,1101,2026-09-26 19:03:58.230964,PAYPAL,6494.49,FAILED,27c1d438-454f-42ab-9a5e-a455df63b4e9
1102,1102,2026-05-19 22:46:27.392128,PAYPAL,6297.29,SUCCESS,b170c9b9-2847-4f5d-87e3-a513ab0c16dd
1103,1103,2026-09-08 18:35:32.998285,CARD,1952.93,PENDING,5e2bcab9-c102-4fc8-9637-7a84cefa8037
1104,1104,2026-01-25 08:00:19.929107,CARD,3637.1,FAILED,694e69c3-7070-4b65-8ec2-2c2a99d6168d
1105,1105,2025-11-29 08:43:47.451248,CARD,4937.17,SUCCESS,1e3640b1-1742-4052-b01f-7382e4fa62c2
1106,1106,2026-07-13 13:21:09.512504,PAYPAL,1655.7,FAILED,10ac12e9-a849-46af-ad01-02f983c6e86c
1107,1107,2026-10-10 09:56:18.324767,PAYPAL,3022.22,PENDING,021081cd-4622-4884-bd5c-8bcd6aa19b75
1108,1108,2026-09-05 11:10:54.370384,BANK_TRANSFER,9045.46,PENDING,4f15fdac-1a61-4eb4-88f6-3a9e9371fe14
1109,1109,2026-04-07 15:36:09.541234,CARD,4442.85,FAILED,9ebb05ca-8a05-4899-9ef9-ab9a31417cc0
1110,1110,2026-05-04 03:20:42.172643,CARD,8339.72,FAILED,09f76898-77ab-4595-b149-0475e5b27ed0
1111,1111,2025-08-20 17:00:47.390660,PAYPAL,8099.1,SUCCESS,4cd22b5d-225d-4bc8-a2e3-bca4d4b07d7e
1112,1112,2026-07-07 11:17:43.653597,BANK_TRANSFER,2129.06,PENDING,a228f934-af33-481d-97e5-0b8dfd786451
1113,1113,2026-03-16 09:18:03.265522,CARD,3700.44,SUCCESS,2dd86931-d31c-4274-a8c7-c8678231b35c
1114,1114,2026-08-20 15:22:11.136504,BANK_TRANSFER,8727.43,PENDING,d2621558-e6dd-4969-aada-8ba0137ad987
1115,1115,2026-09-02 08:12:13.774805,PAYPAL,2695.46,PENDING,517c8165-331b-46c7-a49b-ed7b06f40c1e
1116,1116,2026-07-23 11:04:18.645000,CARD,14577.52,SUCCESS,bfd554ff-2e65-471f-8465-1be59dd3225e
1117,1117,2026-07-21 17:05:24.220448,CARD,9158.28,SUCCESS,a2592eb5-0905-41a0-ace8-e005fd75a89a
1118,1118,2026-10-01 04:51:07.443242,BANK_TRANSFER,746.55,SUCCESS,b60c498a-61d9-44fe-baf3-f3983deaa9c7
1119,1119,2025-10-12 18:00:21.886000,CARD,8312.9,PENDING,ffbd04fd-efc1-4e17-a9f9-9d4f9545201e
1120,1120,2026-04-08 08:33:23.260172,CARD,6082.31,FAILED,91e184e2-2afa-4f05-867e-7ffb2c5b5c64
1121,1121,2026-09-02 14:52:19.804663,BANK_TRANSFER,4605.7,SUCCESS,17e093ca-623b-41c6-8989-d6053b5187cb
1122,1122,2026-07-05 01:49:17.665677,CARD,8889.8,FAILED,a0075f86-10bf-4144-95b3-1d9a17c602cf
1123,1123,2026-08-18 01:13:39.332401,BANK_TRANSFER,1833.01,SUCCESS,9bdc44e5-311e-4154-8126-90a1c84db23a
1124,1124,2026-07-18 22:03:25.254568,CARD,7561.47,SUCCESS,3b01bd8e-cb05-4b74-9f01-2883d5f553d8
1125,1125,2026-09-09 09:08:19.411443,BANK_TRANSFER,8073.4,FAILED,a759361d-47cb-4782-a077-0cc94e381d81
1126,1126,2026-10-02 00:11:02.486300,PAYPAL,6179.79,SUCCESS,60e86fd5-0090-4816-8b47-42fc2617836b
1127,1127,2025-11-28 10:46:05.944713,CARD,4559.52,FAILED,301503ee-bea3-4692-832b-d0422d7c1657
1128,1128,2026-08-14 17:46:57.922679,PAYPAL,11419.91,PENDING,4cc6c4d9-ce52-46b3-b39a-34cb30fa0cb4
1129,1129,2026-04-14 16:18:42.762702,CARD,3059.32,PENDING,f3c818b7-3ae6-4248-9ac1-080989eea9ac
1130,1130,2026-02-18 04:24:51.009615,BANK_TRANSFER,8516.04,PENDING,1a3f3ff2-5ef5-42bb-b8fe-ec67356c8206
1131,1131,2026-09-24 06:12:02.262864,CARD,3464.16,PENDING,6fa97de7-6199-47c0-86dd-0792bcd1e347
1132,1132,2026-08-16 08:09:18.995807,CARD,4958.68,PENDING,81fa9da6-098b-4863-bb4d-b99f41207a2d
1133,1133,2026-01-13 16:51:24.776858,PAYPAL,4476.98,FAILED,49b868c2-cfda-4f51-9caa-2701cef1878f
1134,1134,2025-10-13 06:31:09.112762,PAYPAL,515.57,SUCCESS,2d355557-8fe0-4af7-ba3a-b69d3fc4520b
1135,1135,2025-10-31 10:31:24.442596,PAYPAL,6088.18,FAILED,8df2bbdd-2230-4240-b1d8-cf109ec6e137
1136,1136,2025-11-09 01:53:00.898316,BANK_TRANSFER,6733.08,FAILED,34469c32-44dc-4f42-b323-eab30554b144
1137,1137,2026-08-29 20:16:06.886683,CARD,443.76,FAILED,dca9fd33-93de-416a-858e-b663d53690b0
1138,1138,2026-05-07 14:49:44.133435,CARD,5184.2,FAILED,8f379da5-da41-4f0b-8255-9353f95d62ff
1139,1139,2026-04-03 19:36:52.257066,PAYPAL,8059.78,FAILED,9f18336d-ce94-492b-85e7-6074ef9a354a
1140,1140,2026-10-09 08:50:10.428670,BANK_TRANSFER,6408.06,PENDING,fc49f545-e10f-4f09-85a0-71179bd8ea38
1141,1141,2026-10-10 23:01:36.008465,BANK_TRANSFER,4809.57,PENDING,021d1d13-dd99-4991-a1ad-9b2ed7f1736f
1142,1142,2025-09-26 14:01:22.265682,CARD,8760.91,SUCCESS,9ae48021-e780-4c62-8e81-d5416d4aa116
1143,1143,2026-10-12 10:30:59.799245,BANK_TRANSFER,12580.42,SUCCESS,35a3b604-53a6-4d03-888b-8a9c6c04e0d4
1144,1144,2025-08-06 18:17:19.024474,CARD,6559.5,SUCCESS,78672905-dca4-41c9-96e9-ebe0189bb8d4
1145,1145,2026-01-11 15:23:18.813416,CARD,5763.54,PENDING,1fe5d69e-7539-41bc-8234-8b760b781dbb
1146,1146,2026-06-27 22:45:39.098710,PAYPAL,3872.72,FAILED,09a27c56-0128-4485-b38f-8ce985e58910
1147,1147,2026-05-26 19:47:41.383199,CARD,6656.94,SUCCESS,4622d06e-5718-4a0a-96b5-3c4ccc54d981
1148,1148,2026-05-29 23:40:27.670044,BANK_TRANSFER,7746.87,SUCCESS,3657197b-7490-459b-b315-0cf782377592
1149,1149,2026-10-11 12:47:23.719057,CARD,2380.38,FAILED,bacf5012-bd54-4545-88e8-c79afc678db7
1150,1150,2026-06-19 19:49:44.094074,BANK_TRANSFER,2482.23,PENDING,842f2c4b-6096-49e6-aabe-05a366e7303c
1151,1151,2026-09-28 03:52:35.476678,CARD,6749.62,SUCCESS,89f4f37c-96cb-432e-b331-7cff6e00c90c
1152,1152,2026-06-19 09:14:35.739914,PAYPAL,335.52,FAILED,6898e551-0432-4d05-b4fc-fa93421a51df
1153,1153,2026-08-11 15:05:05.532104,PAYPAL,11705.61,FAILED,daea3e48-da75-4fd5-b345-8e147523b4be
1154,1154,2026-09-25 13:59:39.110893,CARD,6300.82,SUCCESS,dae8d1a7-ddd5-4c3c-9d00-992fdf475b94
1155,1155,2026-05-25 10:49:28.566306,CARD,7329.52,FAILED,42c7de49-d8a5-4329-95c2-ca8c0d2e773e
1156,1156,2026-08-18 17:39:13.694630,BANK_TRANSFER,5456.21,PENDING,06bcb3c0-14ae-434d-9500-46e3e87ed008
1157,1157,2026-10-13 09:31:30.047021,BANK_TRANSFER,5482.37,SUCCESS,42bde34a-860a-4d63-8c65-4e5f370336f9
1158,1158,2026-07-18 15:49:32.387199,PAYPAL,7995.41,FAILED,f2011d1d-eead-49ed-b740-41d4f37ab829
1159,1159,2025-10-26 04:31:52.654239,PAYPAL,1381.08,PENDING,d44afdde-7afd-4081-a466-7f7056336f85
1160,1160,2026-05-21 22:54:36.375411,PAYPAL,5264.39,SUCCESS,00036056-5367-410c-ba57-5e206ea0682e
1161,1161,2026-09-15 22:06:37.996424,PAYPAL,941.1,SUCCESS,8153af6c-ba5c-443e-8af6-38a3139a538c
1162,1162,2025-11-14 08:09:39.102025,CARD,1926.46,PENDING,6265617a-188e-46da-afac-70bc051ee74a
1163,1163,2025-11-27 10:12:16.937684,PAYPAL,3389.53,SUCCESS,e3068822-901f-4323-82c1-21844ae352b6
1164,1164,2026-07-08 05:05:16.879863,CARD,11248.5,FAILED,b1bd449c-48b9-4631-b454-39ff2e427c4b
1165,1165,2025-08-11 14:14:46.473234,CARD,5999.85,FAILED,e3393838-9c56-4701-9e31-24a5f72e5937
1166,1166,2026-03-06 11:05:12.069937,BANK_TRANSFER,4078.2,FAILED,53e1eeef-8462-4ac5-9352-e5e16f580d82
1167,1167,2025-10-07 03:54:13.248002,CARD,7126.8,PENDING,473aa92a-ed25-425c-be00-60aef9f5abe4
1168,1168,2025-08-10 08:39:28.447262,BANK_TRANSFER,1284.15,FAILED,55caab20-a54d-42ab-8442-7173e8c9ec24
1169,1169,2026-06-06 01:03:36.965206,CARD,3479.08,PENDING,939cfc04-b518-49e1-9b5b-f8d9689552a7
1170,1170,2026-08-14 04:48:52.815243,PAYPAL,7767.14,SUCCESS,4f94f545-57d9-4d12-bc06-64aa3ab51e50
1171,1171,2025-12-14 18:30:30.479620,BANK_TRANSFER,4821.8,SUCCESS,e6b519bf-bfd8-4514-b641-3edad327aa97
1172,1172,2026-01-23 07:00:07.470551,BANK_TRANSFER,8229.05,FAILED,6f442446-8f9d-4bb5-8b9f-a5ec2d8dfa8e
1173,1173,2025-03-06 12:15:12.711828,BANK_TRANSFER,6640.61,FAILED,967bdaf2-897c-4965-b3f8-5398d4d92be8
1174,1174,2026-05-09 09:51:26.956070,BANK_TRANSFER,2629.15,SUCCESS,1fd6d1df-7219-40e8-8d31-8c5354c5237b
1175,1175,2026-06-13 13:31:58.313452,CARD,7662.05,FAILED,54979c9e-214b-486f-9830-22250885dbcf
1176,1176,2025-05-23 04:30:23.806022,PAYPAL,10832.38,SUCCESS,3d9fa8db-dbf8-4c3c-aeb7-976fdcb96c70
1177,1177,2026-10-03 10:41:59.947778,BANK_TRANSFER,1325.46,PENDING,7d918fcb-ffbd-4fdc-b4aa-6acedf0d13ac
1178,1178,2025-11-22 03:25:29.508663,PAYPAL,7859.31,FAILED,dfe223fd-605b-4b1b-816d-074a2c2459bf
1179,1179,2026-09-13 14:52:56.248880,PAYPAL,6542.54,PENDING,1243a7d7-ca22-46d5-be22-a8c383a022e0
1180,1180,2026-09-21 19:05:57.466503,CARD,13232.41,FAILED,846de41e-3fd6-4772-8181-19a6c2b619f5
1181,1181,2026-06-02 15:50:00.484027,PAYPAL,8267.08,FAILED,bfa7db26-c23c-4879-be97-257392ae2d72
1182,1182,2026-02-02 23:30:10.623645,CARD,13191.0,FAILED,abd20197-0d40-47ac-9e40-8bbe8f2d7a0c
1183,1183,2025-10-28 02:41:25.552572,BANK_TRANSFER,9563.41,SUCCESS,388211e0-59cd-420b-831c-313952b52069
1184,1184,2026-02-27 05:31:46.026764,PAYPAL,3759.44,SUCCESS,c510559c-0590-47ef-95a7-0b2dd7039652
1185,1185,2025-07-27 02:34:42.205471,CARD,5747.12,SUCCESS,8c9d0e58-7074-42ae-a42c-60e4c39dd70c
1186,1186,2026-06-04 22:04:23.869350,CARD,5985.34,PENDING,f782b24b-1584-46bf-955d-ddac99e0859c
1187,1187,2026-07-26 15:09:50.566681,PAYPAL,7755.79,SUCCESS,c253dac4-0064-44a9-b559-74b4a6058c3e
1188,1188,2026-02-20 17:21:07.002676,BANK_TRANSFER,2930.48,PENDING,5e6e7e00-dc12-4f44-80f3-78ccebb06b15
1189,1189,2025-11-26 14:34:01.393372,PAYPAL,9089.68,PENDING,7d5ea741-b546-4571-a759-070ede441c40
1190,1190,2026-07-13 12:12:22.763349,PAYPAL,1415.68,FAILED,798fa5eb-c24c-438a-a044-abd08630b789
1191,1191,2025-06-17 22:51:06.654610,PAYPAL,5803.29,PENDING,6a3a6b21-53da-4de8-a325-8518375b2b77
1192,1192,2026-06-24 04:54:36.302476,CARD,9375.03,FAILED,6c2678a1-bf52-4943-b1bd-d7def202c05a
1193,1193,2026-08-10 11:08:26.415954,BANK_TRANSFER,7834.34,FAILED,3616c37c-4800-4596-ae14-aa404dd5dda9
1194,1194,2026-09-18 23:40:07.703008,PAYPAL,4492.39,FAILED,c7e7f31f-8238-4310-a728-cd494217199a
1195,1195,2026-08-06 21:47:12.994897,BANK_TRANSFER,1342.56,FAILED,3e9e7190-b7fe-4e51-bd1e-b06fbf490d20
1196,1196,2025-11-01 07:58:01.607296,BANK_TRANSFER,8199.75,PENDING,f6876db2-ac9c-4563-926a-9d3c89870d1b
1197,1197,2026-05-07 05:05:40.460418,CARD,3740.29,SUCCESS,adfc11fc-7093-472e-9eeb-afad38ebf35d
1198,1198,2026-09-25 20:31:51.535582,BANK_TRANSFER,2352.42,SUCCESS,be2721cd-d79b-47a1-b6cc-ece57a0e1bfe
1199,1199,2026-08-30 19:39:26.438983,BANK_TRANSFER,11807.78,PENDING,d6942cdf-3847-4d4d-a1fe-dffb72d07352
1200,1200,2025-06-30 02:50:10.017913,BANK_TRANSFER,3992.62,PENDING,ddcb8943-47aa-4d02-8d2c-0893724ddd1e
1201,1201,2025-10-19 23:18:55.150196,PAYPAL,5218.56,PENDING,2c4d9dd1-6d91-48b9-a2da-32dd762831bf
1202,1202,2026-06-16 00:30:46.720310,BANK_TRANSFER,425.56,PENDING,3eb88403-635c-4b32-a2ca-a952e3e3a2b2
1203,1203,2026-10-13 06:27:42.428228,BANK_TRANSFER,11078.07,FAILED,b255b709-502b-4dc0-89c6-589a71ca8099
1204,1204,2026-07-03 02:16:54.704122,BANK_TRANSFER,1946.13,SUCCESS,8de481c5-e8d4-423c-a6d7-b38f9d3fb2bf
1205,1205,2026-09-05 06:59:56.354366,PAYPAL,8540.6,PENDING,7ef32adc-d04f-475a-bd06-cba89aff0070
1206,1206,2026-07-14 14:36:23.778047,BANK_TRANSFER,7241.45,PENDING,dbd31e61-c5fc-41d6-b758-20c17eec7024
1207,1207,2025-09-11 21:55:29.372694,PAYPAL,3786.29,SUCCESS,a66a8b58-496f-48e1-af23-b0ab45ca18b9
1208,1208,2026-04-03 19:47:58.178905,BANK_TRANSFER,4138.6,PENDING,b67e2215-809f-4b4f-96dd-12af4906c7ee
1209,1209,2025-12-26 04:05:20.454334,BANK_TRANSFER,1004.3,FAILED,30b4c334-d933-48c0-9aa9-060996620519
1210,1210,2025-10-21 01:29:46.397251,PAYPAL,2258.85,SUCCESS,e0d03f68-40f5-4102-8986-b12d75ae9fb5
1211,1211,2026-08-17 11:44:02.289237,PAYPAL,12070.62,PENDING,c8b4c241-c0d4-4af4-b659-7e63070a0069
1212,1212,2026-06-01 21:07:05.222383,BANK_TRANSFER,9568.87,PENDING,8ebd14ca-6b7e-4381-b73a-24b663a8bb64
1213,1213,2026-06-04 04:31:37.360482,CARD,815.15,SUCCESS,2679e833-df43-4659-83e0-1c800667daa2
1214,1214,2025-05-23 11:50:46.486161,PAYPAL,1398.24,FAILED,779d6d31-6bd7-417b-bae2-7d85ddd7f32d
1215,1215,2026-06-17 09:36:02.620031,PAYPAL,6690.31,SUCCESS,59c99716-71f5-4def-98c6-1a6d4ee14e1b
1216,1216,2026-01-17 05:26:44.477100,CARD,5033.2,SUCCESS,c11f1ed9-512c-4058-9376-ca781698a88d
1217,1217,2025-12-24 04:57:33.551834,BANK_TRANSFER,5589.59,SUCCESS,353ced5c-c6e6-421d-a6d8-7a72352ba3e3
1218,1218,2025-06-29 15:31:33.964409,BANK_TRANSFER,4879.15,FAILED,084601b2-c9ec-479e-8ee5-76d1969ecc23
1219,1219,2026-07-01 04:16:15.264505,PAYPAL,12869.61,SUCCESS,471b7d74-d9e2-41e3-922b-713c0be82a0b
1220,1220,2026-07-06 11:50:39.332879,CARD,5283.15,SUCCESS,65ff6086-5f62-41be-a8b6-ec5bcbdae3ef
1221,1221,2026-03-11 02:20:35.818828,CARD,5102.8,PENDING,beaf7c57-3dfe-4b6e-a667-64518198fc8e
1222,1222,2026-01-10 18:33:47.316724,BANK_TRANSFER,7086.57,PENDING,867c45aa-3e81-4c75-97e9-687c436da10d
1223,1223,2026-10-05 08:20:48.993839,BANK_TRANSFER,7661.94,PENDING,a83fe708-a79a-48d9-9562-5d91cceced0c
1224,1224,2026-09-14 16:10:01.931719,BANK_TRANSFER,1992.75,SUCCESS,2e27b51c-f42e-466d-978a-75683ef9f977
1225,1225,2026-09-29 22:47:14.441326,BANK_TRANSFER,9314.83,SUCCESS,f10543f9-2150-40d4-ad44-fe0cdd6b5802
1226,1226,2026-07-04 11:58:02.605394,PAYPAL,6013.53,PENDING,aefc5dae-a19c-4bff-882a-0d76fbddcffc
1227,1227,2026-08-27 04:40:19.508533,PAYPAL,6157.49,PENDING,dc986ec2-0373-480a-833f-c2a6abcda916
1228,1228,2026-09-29 09:50:57.376288,PAYPAL,13768.32,SUCCESS,daffe5fa-0766-4276-b766-fa13429e5407
1229,1229,2026-10-14 11:10:05.085703,PAYPAL,7157.3,SUCCESS,0f57928f-11f4-4af7-9424-7666bca30593
1230,1230,2026-06-30 17:47:03.931810,CARD,6953.11,PENDING,fd566c86-95bc-41b9-8ec3-20f7d09f6ec0
1231,1231,2026-10-09 02:16:38.127253,CARD,10027.47,SUCCESS,13ea7ae0-6be1-4e7d-9310-96065c969bed
1232,1232,2025-12-17 16:09:17.105900,BANK_TRANSFER,7398.31,FAILED,807a2c52-990c-4751-83f0-2831b07ecdca
1233,1233,2026-08-27 12:58:29.361964,PAYPAL,6457.58,PENDING,5079c6f8-d563-480d-a62b-901cbc502b20
1234,1234,2026-10-13 04:37:17.619221,BANK_TRANSFER,7570.36,SUCCESS,aecf1445-1a0f-476e-8c30-bb021636244e
1235,1235,2026-08-29 16:33:49.289694,CARD,2911.06,SUCCESS,f62f7486-bfb6-4261-b70c-a09a809c2262
1236,1236,2026-02-20 10:22:19.391885,BANK_TRANSFER,3790.46,PENDING,6d279518-66db-4857-86d4-9eb2eddcb5ce
1237,1237,2026-04-07 13:27:46.269610,BANK_TRANSFER,2103.18,FAILED,72dc83ed-786b-4336-8e71-0f53baec2ca3
1238,1238,2026-02-28 17:03:21.764249,PAYPAL,1338.94,FAILED,c39d06fe-a490-49d1-82be-fc4917cf76e2
1239,1239,2026-04-02 09:25:08.947424,CARD,12311.95,PENDING,0003ed63-ab3e-481d-bca2-e89382d8dfa7
1240,1240,2025-08-31 12:29:23.479167,CARD,7060.98,FAILED,695f30c5-9563-4ea4-bbaa-fa3c7628aede
1241,1241,2026-09-30 02:24:31.927369,PAYPAL,7929.19,PENDING,d57a1134-c82f-48db-9bc6-9dfca6a148c3
1242,1242,2026-09-19 00:22:26.448938,PAYPAL,5404.01,PENDING,9d3651cf-b54a-4d93-a5b2-e968e2ac12f2
1243,1243,2026-02-05 11:44:29.091162,BANK_TRANSFER,3779.78,PENDING,5e6d9db3-2217-4f70-b646-9a1f5f7402f2
1244,1244,2026-03-08 06:51:43.582704,PAYPAL,2804.6,SUCCESS,5ffb3b71-960f-48b4-99b3-bde0fa5afb37
1245,1245,2026-09-29 20:09:16.119254,BANK_TRANSFER,12864.43,PENDING,46b6c5a8-115b-4d5e-9e6b-42d2a453cfdc
1246,1246,2026-09-14 03:28:14.399440,BANK_TRANSFER,3603.42,SUCCESS,3b4757e5-b110-4482-bb90-4a84b38de0cb
1247,1247,2025-10-11 07:52:25.395743,CARD,4847.13,SUCCESS,2f997d4c-b451-43f2-9302-26392e33faf0
1248,1248,2026-08-22 12:12:21.116745,PAYPAL,8030.48,PENDING,0470fd4d-daf9-4a25-8928-654ce88442c0
1249,1249,2025-11-20 06:52:32.670728,BANK_TRANSFER,7502.04,PENDING,3df1b08f-ae2f-4a94-bb2e-86f3d692b225
1250,1250,2026-07-10 21:21:56.224532,BANK_TRANSFER,9920.15,FAILED,27d32d45-ea24-4a3a-acbb-71d76c1de2fa
1251,1251,2025-11-22 09:59:05.121876,CARD,249.06,FAILED,375e38b7-1136-49da-9ac4-01de0e070e00
1252,1252,2026-09-29 07:31:40.303783,BANK_TRANSFER,1146.86,PENDING,08405335-6047-4b30-a377-ff85882cd5af
1253,1253,2026-05-09 04:12:46.185727,PAYPAL,2944.56,SUCCESS,3e5eed9f-de1c-41f3-b379-24444eba2d22
1254,1254,2026-03-06 03:14:30.715285,PAYPAL,7729.81,PENDING,40da438d-171d-48b0-9687-b993973d68a5
1255,1255,2026-06-03 08:30:58.776395,CARD,2813.36,FAILED,2aebbd96-56ee-4d68-8016-75efbd9b3532
1256,1256,2025-12-07 14:11:38.755136,BANK_TRANSFER,4592.49,SUCCESS,d3de7fba-4d6d-4283-9d5f-dcf64c9a7c98
1257,1257,2025-04-14 19:45:19.852731,BANK_TRANSFER,4188.43,SUCCESS,43304aa7-9b0f-47c1-93ca-dfcd301f4cda
1258,1258,2026-09-23 08:04:37.031576,BANK_TRANSFER,10364.81,PENDING,bf0dcfc6-e5ae-465c-ae15-fd4e04459990
1259,1259,2026-08-02 00:14:08.805758,PAYPAL,11928.41,PENDING,39d68ef9-b8d5-43fc-aa94-34342a9ea8d8
1260,1260,2026-08-04 18:52:08.355567,BANK_TRANSFER,9799.19,FAILED,d69b0190-39c4-4ffa-a527-e02f7b190a51
1261,1261,2026-03-15 01:24:28.977596,PAYPAL,4361.32,FAILED,bf6a806a-ea70-4729-898a-90241503a2aa
1262,1262,2026-06-27 08:49:05.917307,PAYPAL,3541.89,PENDING,69e2fcb5-6802-411b-9c01-bcc5c13967c6
1263,1263,2025-12-01 15:47:48.974121,BANK_TRANSFER,4437.05,PENDING,7aa41188-7f34-405a-9d51-ad4bddf7e954
1264,1264,2025-09-19 19:49:00.718511,BANK_TRANSFER,2803.02,FAILED,341c3b08-f828-4db0-9715-8cbe342b6225
1265,1265,2026-09-03 17:03:31.594836,PAYPAL,6976.9,SUCCESS,301a1db9-ac9f-495f-8167-4d9b138bfe04
1266,1266,2026-07-07 03:50:39.147067,BANK_TRANSFER,3876.13,FAILED,321289ec-5fb7-4099-839d-27745af7a91c
1267,1267,2026-07-08 14:39:17.679230,BANK_TRANSFER,3690.15,FAILED,c5bf05ef-6b1c-4b2c-b872-5a04f1d64fc9
1268,1268,2025-12-08 03:23:17.460478,BANK_TRANSFER,13034.57,FAILED,35c50282-5969-4879-941a-db56d0912596
1269,1269,2026-09-22 02:33:32.101156,BANK_TRANSFER,1334.38,FAILED,89b80812-c69c-470f-86f8-6d78ef87bdbe
1270,1270,2026-02-12 12:44:04.587926,BANK_TRANSFER,1417.74,FAILED,7d2c70bd-1e72-4652-b19a-adda2af41faa
1271,1271,2026-07-25 12:41:50.609298,CARD,9250.83,PENDING,9f63e175-e077-4f89-97fe-816053ef2e33
1272,1272,2026-07-27 05:35:19.018624,BANK_TRANSFER,14773.49,SUCCESS,85c38220-93cc-40ac-8f10-869c0ed19b4b
1273,1273,2025-09-23 11:29:31.218385,CARD,4946.69,PENDING,f9350fc2-cb2c-4a3e-ad6b-2d45e2dd8660
1274,1274,2025-04-25 14:50:16.718290,PAYPAL,6037.74,SUCCESS,8dd2fb1b-ff7a-4f96-b89b-affc2bba25b5
1275,1275,2026-10-02 02:11:12.660330,CARD,3648.36,FAILED,84d1fe3b-cec2-4863-9c6a-e28e548e0580
1276,1276,2026-09-20 21:10:22.118823,CARD,11011.06,SUCCESS,60754bc1-1c50-4b06-9d87-a274f9169caf
1277,1277,2026-03-26 01:38:18.115820,BANK_TRANSFER,3020.29,SUCCESS,3712e715-2d85-40b4-9eee-f474c205a109
1278,1278,2026-03-02 00:36:03.848656,BANK_TRANSFER,5835.7,SUCCESS,966cbc20-18db-4a78-9a93-97a6f14552c8
1279,1279,2026-05-26 18:33:18.527702,PAYPAL,3625.45,SUCCESS,926aa390-f460-4426-831f-d74988517e04
1280,1280,2025-09-24 04:53:41.832925,PAYPAL,2962.67,FAILED,0a8267b1-c3f3-4de9-b76b-05b3e43b37eb
1281,1281,2026-06-23 01:24:03.402096,CARD,5693.95,SUCCESS,886a22ca-f5e4-46c6-b232-2ae9fe2507bc
1282,1282,2026-01-21 06:14:10.511943,CARD,703.84,FAILED,30677475-629b-4f6b-9dbb-ea9f421974c2
1283,1283,2025-09-08 03:26:56.560982,PAYPAL,3476.27,FAILED,d101929c-fb66-4abf-9b50-b5fbb41da663
1284,1284,2026-09-17 10:49:45.931484,PAYPAL,8096.75,PENDING,b06b4ec8-1a50-4c62-a830-3f49ea2b9b89
1285,1285,2026-07-16 05:01:00.477922,PAYPAL,1895.6,PENDING,be9bab1a-769b-40ab-9300-f3dd5eb6b5bf
1286,1286,2026-07-31 00:38:12.144032,BANK_TRANSFER,7260.54,FAILED,0d51524c-d8d4-425c-835c-6b32fa631e09
1287,1287,2026-07-31 08:06:54.159625,PAYPAL,6335.88,FAILED,2c6336ba-1a02-4693-ac7a-4974bc4a171c
1288,1288,2026-06-15 07:19:07.399931,PAYPAL,1655.7,PENDING,e7940b08-78e0-49ac-a79c-e2d1507c2d8d
1289,1289,2026-06-05 08:51:10.175813,BANK_TRANSFER,9280.06,FAILED,4bb47f88-164f-4b8c-bd7a-39501736aadc
1290,1290,2026-05-05 07:32:59.046954,PAYPAL,2068.19,FAILED,157706e6-3fdc-448e-b257-1e92168f1a46
1291,1291,2026-06-04 01:27:49.140402,PAYPAL,8914.71,FAILED,321e746b-5cc9-4412-9b3a-4ee2a42000aa
1292,1292,2026-08-24 14:28:06.258398,PAYPAL,8758.58,SUCCESS,39347ab6-521b-4730-9011-d01af3c7f5f2
1293,1293,2025-05-26 07:23:05.902809,CARD,3502.8,FAILED,4bfd3801-4eab-4d0d-8ef7-b77e0f13280b
1294,1294,2025-12-21 06:10:16.326955,PAYPAL,10850.99,FAILED,abf5c0bc-1683-4329-8867-260d70e22b70
1295,1295,2026-07-16 12:39:30.144278,PAYPAL,834.95,SUCCESS,fff3f7ef-9ddc-4c0b-8c25-db04e4c9bdec
1296,1296,2026-09-04 15:29:56.260915,CARD,7775.9,SUCCESS,8c8d33d0-9d29-4bd2-9c4d-d3e66842a80a
1297,1297,2025-07-18 13:44:48.723105,PAYPAL,1980.88,PENDING,74e4f34c-51dc-4a8e-9017-bacec49f2e14
1298,1298,2026-06-03 02:13:27.263399,PAYPAL,7357.77,FAILED,3cc4fe31-6ea1-476d-b53a-45c3d6e3965f
1299,1299,2026-06-10 12:17:21.412197,BANK_TRANSFER,2456.84,FAILED,e2e7855f-fcea-4251-9356-59374e307317
1300,1300,2025-10-25 21:37:46.145287,BANK_TRANSFER,8330.55,SUCCESS,f947e835-bdf2-4031-8ef0-cbccc87849c1
1301,1301,2026-04-18 08:38:49.366263,PAYPAL,1010.12,PENDING,681791ea-2430-4bac-9928-e991974c934e
1302,1302,2026-10-05 09:55:48.156465,CARD,1663.07,FAILED,44539a53-9913-4320-a7a3-8ff8db915ffd
1303,1303,2026-03-09 15:28:03.993158,CARD,3518.91,FAILED,af373150-4e89-4769-aabe-f1300e197c86
1304,1304,2026-07-14 10:56:59.412189,PAYPAL,6228.33,FAILED,cdbeb893-bbd6-4d8c-aad8-2bb69e3d59f0
1305,1305,2026-06-13 12:42:24.805666,PAYPAL,2229.92,FAILED,eaef91c8-1ac9-49d3-b8c1-43756b5a9672
1306,1306,2026-08-17 15:01:13.747954,CARD,7485.27,SUCCESS,616ac44a-a405-4f2d-bb71-9d0461e7eed9
1307,1307,2026-07-09 00:08:47.927206,CARD,11944.15,FAILED,e529f653-0f12-443f-846b-c3d717e16c8b
1308,1308,2026-06-19 14:44:27.866268,PAYPAL,1031.14,FAILED,ba09ad83-b3cb-4f5a-998d-f6a0d7177de4
1309,1309,2026-08-09 02:04:45.636732,CARD,10392.93,PENDING,4003d920-aa05-4bd5-a8f8-344e21e5eed2
1310,1310,2026-01-19 21:45:55.257154,BANK_TRANSFER,1297.42,PENDING,89199f95-678d-4bb9-9f9d-8ee5bd742407
1311,1311,2026-09-29 02:41:09.312307,PAYPAL,5724.27,FAILED,203dfc74-ecd0-4b5a-80e2-9c59d30087ae
1312,1312,2025-11-15 04:49:17.582766,CARD,10785.33,SUCCESS,7fccf867-cf80-4983-a200-7835156e9644
1313,1313,2026-08-11 19:09:51.210224,CARD,10043.42,SUCCESS,a67f8850-2ba5-462a-a6f0-9429a3565dd0
1314,1314,2026-05-28 02:38:11.700659,BANK_TRANSFER,851.12,FAILED,c772e2ba-9187-445a-9e47-cedcd5edb0c8
1315,1315,2026-08-06 15:56:18.811551,BANK_TRANSFER,1968.97,FAILED,318cac32-8771-4a3b-87cd-57062560f364
1316,1316,2026-08-27 09:05:40.297888,CARD,5575.56,PENDING,eeb1ae97-ccb4-4d2d-92ab-e1cb7f1f2b30
1317,1317,2026-10-09 05:51:43.824218,CARD,922.89,FAILED,5863229c-02d8-4b63-80fe-6cccbee9d208
1318,1318,2026-02-25 12:17:18.266133,PAYPAL,7498.89,SUCCESS,a25750d7-ccb6-4e9e-a97c-0644239f7c50
1319,1319,2026-03-27 06:44:09.825509,BANK_TRANSFER,13912.88,SUCCESS,5a08afd7-a230-44a7-b27a-a368efde16bc
1320,1320,2026-08-29 04:07:48.430393,PAYPAL,4269.48,SUCCESS,a0968dda-8d1f-49e4-a1f6-9c30c2938347
1321,1321,2026-02-09 22:57:07.324604,CARD,10266.09,FAILED,255100c2-286c-4d47-b384-4055b415e6c8
1322,1322,2026-03-02 22:49:15.759784,CARD,3406.94,SUCCESS,769aff7e-a937-44c7-a538-2d43f5cd3fcb
1323,1323,2026-09-03 05:28:57.725452,BANK_TRANSFER,10590.14,FAILED,9d9d817c-56f0-4bd9-8f11-3c8d446fd414
1324,1324,2026-08-04 16:45:05.534574,PAYPAL,5229.11,SUCCESS,30fdecec-ce18-4222-810b-f3d120fa3560
1325,1325,2026-02-20 07:40:13.055044,CARD,4546.79,PENDING,9c2ce814-250e-4556-9f41-b98bf0745dda
1326,1326,2026-08-09 22:46:56.900257,BANK_TRANSFER,1152.66,FAILED,e6a5cf84-2faf-465c-95ad-66554b94f3d9
1327,1327,2026-05-04 15:07:08.229738,CARD,6519.66,SUCCESS,feeffc7f-ad48-4174-94c8-633b0b7130f6
1328,1328,2026-04-04 10:31:09.519753,CARD,8293.41,PENDING,05e7c959-a47c-45e7-8d87-0962ecedecb0
1329,1329,2026-06-03 12:00:37.800422,PAYPAL,1110.27,PENDING,f29e1da3-a1ba-435e-a9dc-f05e25bd4ead
1330,1330,2026-07-20 21:37:47.605940,CARD,8448.43,PENDING,0b3e32c1-614e-43e0-8e56-e8a604145aec
1331,1331,2026-03-04 10:30:03.609622,BANK_TRANSFER,5768.13,PENDING,ef70014e-ca92-4da8-ac6a-a91f0757912b
1332,1332,2026-06-27 07:48:17.538307,BANK_TRANSFER,11957.91,SUCCESS,c87e332c-6b23-486b-8346-7306431c17b6
1333,1333,2026-09-13 17:25:15.896288,CARD,7372.83,PENDING,437414db-7a23-4fff-a2eb-b14a4ce95e09
1334,1334,2026-04-13 20:05:10.076800,PAYPAL,10736.94,PENDING,facf99ff-b14d-44c0-a62d-ffb1cdfd1fe9
1335,1335,2026-02-25 15:18:34.784878,CARD,7227.05,SUCCESS,945ed196-b7cf-480b-8aaa-1a1857500fb7
1336,1336,2026-04-16 01:18:48.710301,PAYPAL,3269.52,PENDING,80af677b-a272-4eba-955b-c59adee14213
1337,1337,2026-10-11 19:57:20.447067,BANK_TRANSFER,13022.04,SUCCESS,6f86dcc9-549a-4833-814b-939a959cc9ce
1338,1338,2026-02-09 19:16:01.208670,BANK_TRANSFER,1022.06,FAILED,0907ec9e-3448-4c44-8274-2e66b0145cbb
1339,1339,2026-09-25 00:15:39.803120,BANK_TRANSFER,12212.61,SUCCESS,d74b9eea-a083-4609-9448-58746390d5d3
1340,1340,2025-11-11 08:39:18.969823,BANK_TRANSFER,7930.2,FAILED,83cb763e-3876-4632-a271-0801ce257693
1341,1341,2026-01-17 16:14:50.722149,BANK_TRANSFER,3442.76,FAILED,82ace0dc-ed3f-4aff-8237-7bd087e555c1
1342,1342,2026-06-21 22:04:57.303366,BANK_TRANSFER,5926.22,FAILED,6cf2059b-58fb-47c7-a183-c623e14c7ea0
1343,1343,2026-04-20 12:57:51.586715,CARD,6303.51,FAILED,9f99c8fc-9d04-4243-ba05-7940e94c700b
1344,1344,2026-08-13 00:48:00.144807,PAYPAL,9391.59,SUCCESS,a8b45926-63ac-407b-b4bc-a6b412f62dc7
1345,1345,2026-10-09 10:23:28.097075,BANK_TRANSFER,4447.64,FAILED,e292939c-20c3-48d5-a5ab-e7f96aac39e9
1346,1346,2026-09-26 01:25:27.952245,CARD,2077.22,SUCCESS,e27d114a-05e5-4cf0-9771-ab1dd7e58438
1347,1347,2026-08-12 05:45:39.419931,PAYPAL,2668.7,FAILED,de3e2bc2-ba17-4ab1-8ca3-24c619020277
1348,1348,2025-06-01 13:12:16.882058,BANK_TRANSFER,11508.8,FAILED,47898629-ec0f-4157-8255-c99461d73db1
1349,1349,2025-12-10 13:54:32.654343,BANK_TRANSFER,15769.11,SUCCESS,c0d4173b-aa58-40e6-86ef-a55196d0ae38
1350,1350,2026-01-24 16:50:10.297599,PAYPAL,997.56,FAILED,93d1a873-c0f0-4632-9463-6298e1d852f3
1351,1351,2026-09-24 04:09:55.959043,CARD,124.53,FAILED,3512902b-0444-4642-8249-dfeb36dd9d1e
1352,1352,2025-11-01 07:38:08.136153,CARD,8142.67,FAILED,41a03734-baf3-42fb-b895-7c93c28aa3ec
1353,1353,2026-10-05 03:43:11.442025,PAYPAL,1523.19,PENDING,fd8629e2-cc32-4064-963c-ae6e8563e2f8
1354,1354,2026-07-24 16:23:38.055443,PAYPAL,5788.37,FAILED,2b220ef0-8f63-4db2-bef2-c525bad79fa1
1355,1355,2026-09-16 01:29:49.683628,BANK_TRANSFER,2391.48,SUCCESS,12cb8302-4edb-40cb-8a33-7f1b91cd3af7
1356,1356,2026-02-16 20:04:51.513804,BANK_TRANSFER,1900.78,FAILED,75a870a1-4276-490d-9f3d-b3acc0e46ec7
1357,1357,2026-09-04 02:11:00.121895,PAYPAL,8111.66,PENDING,5c978975-f500-4058-8c3b-491fbb27dcbb
1358,1358,2026-06-02 15:55:40.446843,BANK_TRANSFER,6009.76,SUCCESS,3d4740c7-8f90-464f-a0ce-29eb70c497ac
1359,1359,2026-06-23 05:20:03.362156,BANK_TRANSFER,6106.95,FAILED,bc44427f-f512-430d-97cd-4206e1f8f3f6
1360,1360,2026-03-19 08:22:41.134916,BANK_TRANSFER,3612.1,SUCCESS,d1f055ba-0e69-40ed-a3bd-2289370db45e
1361,1361,2026-07-03 23:04:54.096380,PAYPAL,3672.56,PENDING,a8527165-2047-4bff-b897-9041ba8cecfc
1362,1362,2026-07-02 02:55:00.187525,BANK_TRANSFER,7408.63,PENDING,8e7ce430-cecd-476b-8200-eb7f7e510fa2
1363,1363,2026-06-22 07:42:22.381893,CARD,4838.89,SUCCESS,676d5654-845e-4f4e-8256-f22482b248b6
1364,1364,2026-06-28 04:04:11.667032,BANK_TRANSFER,5178.26,FAILED,69f37bf1-c52d-40fd-bf8a-ff19875a3a92
1365,1365,2026-09-03 06:35:43.126222,CARD,825.38,SUCCESS,a92c1fd3-b053-4141-a147-89ed54ec2b91
1366,1366,2025-11-04 19:22:08.330589,BANK_TRANSFER,9822.24,PENDING,c6386ae0-5e18-48c9-aab3-5719e41342ec
1367,1367,2026-09-24 08:16:09.694215,PAYPAL,10844.08,FAILED,2f8199c4-a9de-44a3-88e8-6648a994ddca
1368,1368,2026-09-23 07:28:45.153007,CARD,4967.1,PENDING,2a2d0813-e7fe-467f-8689-9a0528aa6964
1369,1369,2026-09-29 19:32:10.050587,CARD,9364.42,SUCCESS,c391af62-c298-4f2b-8069-8a2ae6ac8886
1370,1370,2026-04-06 01:47:47.368871,CARD,9000.46,FAILED,5f9ec8e9-3ed7-4432-a77d-bdc637e4b927
1371,1371,2026-03-24 15:00:56.051037,BANK_TRANSFER,7934.03,PENDING,83a52e89-828c-4bac-a5f5-883f6fd17141
1372,1372,2026-06-23 08:01:18.740000,CARD,866.93,FAILED,ae7754d2-4c4b-4f67-ba3c-fc8489016a1b
1373,1373,2026-09-08 15:49:13.308886,BANK_TRANSFER,5571.65,FAILED,68d544a8-e81a-43f0-bc26-3cec6c22c110
1374,1374,2026-06-18 04:35:11.354729,BANK_TRANSFER,3789.3,SUCCESS,f2f79114-9c5e-4a3c-84ba-966f809c187c
1375,1375,2025-10-25 20:26:08.154556,PAYPAL,10405.04,SUCCESS,3803fd7f-8d39-4b39-8d3c-e09052ee3db5
1376,1376,2026-06-12 14:38:32.915250,PAYPAL,10345.7,SUCCESS,93148969-47dd-4fc9-bbeb-c04344d02163
1377,1377,2026-07-30 20:32:02.117916,CARD,2976.26,SUCCESS,2584e912-55b0-4753-b995-ec3f9328cf63
1378,1378,2026-03-02 08:14:28.247732,CARD,8880.67,PENDING,14c6f6aa-335e-4aa5-a2dc-95f55b7f7f66
1379,1379,2026-10-06 12:57:59.286479,BANK_TRANSFER,5982.57,FAILED,af05977a-5838-4d77-a5b0-69f552875036
1380,1380,2026-07-12 12:14:53.850483,BANK_TRANSFER,7633.66,FAILED,289cad9c-a0e5-4a70-9985-f511546ab1da
1381,1381,2026-09-12 13:20:38.304631,PAYPAL,13124.82,FAILED,46481f0d-7d11-443f-9f66-2738b3348662
1382,1382,2025-12-19 22:07:21.778398,BANK_TRANSFER,10377.25,FAILED,1644b00b-46c4-42a7-b722-5aff751526df
1383,1383,2026-09-25 12:06:37.794210,PAYPAL,12992.05,FAILED,4a87aa78-a2d8-45c2-b4ac-4cd1107a8d83
1384,1384,2026-09-29 06:21:57.757323,BANK_TRANSFER,8827.81,FAILED,fb962c66-e327-429d-af14-58cf62c1ef4c
1385,1385,2026-09-17 21:07:58.909896,CARD,5016.39,PENDING,c2b787b1-52bf-4c8a-b19a-704d6db4f3b8
1386,1386,2025-07-23 18:55:45.959844,PAYPAL,10490.46,SUCCESS,ca3778da-1e29-4577-a6e3-d14abf898112
1387,1387,2026-06-16 12:44:27.235206,BANK_TRANSFER,289.85,FAILED,55ab4e6d-41d6-445c-aca5-87a37e368b30
1388,1388,2026-05-11 13:15:27.590506,BANK_TRANSFER,8509.12,FAILED,c981602a-5b08-4fac-a800-99bc9cf5fe16
1389,1389,2025-08-06 04:59:05.550520,BANK_TRANSFER,7328.37,PENDING,a42df296-c755-46ad-9bb2-5e79c47b15e0
1390,1390,2026-09-09 00:38:19.194182,BANK_TRANSFER,7750.85,SUCCESS,673ed606-9c83-49b9-9c91-5117e3001ec4
1391,1391,2026-05-02 05:35:22.475273,CARD,3319.48,SUCCESS,ef7419b8-3cd2-4aaf-ad40-a9b8994e594e
1392,1392,2026-08-14 09:46:53.168044,BANK_TRANSFER,3022.22,PENDING,90d35298-0cc1-473e-8f16-f365e9dc1dbc
1393,1393,2026-10-09 06:01:13.944225,BANK_TRANSFER,6538.37,SUCCESS,d17403d2-811a-4804-bc84-93da59d8ac2f
1394,1394,2026-01-27 20:03:36.840220,BANK_TRANSFER,1385.76,FAILED,c8c6cbbb-6560-4cc7-9c39-d22bd5c729d1
1395,1395,2025-05-07 15:46:04.689425,BANK_TRANSFER,1344.01,PENDING,bc853e82-c233-4baa-95fb-04bf09a2b826
1396,1396,2025-09-30 06:38:33.975608,PAYPAL,7253.53,PENDING,27bd668b-a3a9-41c1-a6f7-150479b3d03b
1397,1397,2025-12-26 11:14:23.205046,BANK_TRANSFER,6402.0,FAILED,863a329b-2052-48cc-a503-6cd347e151e5
1398,1398,2026-06-16 20:45:04.475472,CARD,9061.65,PENDING,37080b78-bebf-4e40-8ab8-aadd8a9c7a82
1399,1399,2026-05-31 19:51:59.884030,PAYPAL,8148.8,SUCCESS,7ac6e470-2ada-4447-99a6-dd39a9ae7949
1400,1400,2026-03-10 05:17:15.785769,CARD,3233.19,PENDING,a0e0c1c8-9156-4743-8c7f-758b8da4e2e5
1401,1401,2026-09-21 07:34:18.969584,CARD,1074.43,SUCCESS,b1b45409-a7a7-4955-af96-be804108c01f
1402,1402,2025-04-07 06:56:53.536357,PAYPAL,11929.23,SUCCESS,dfce8001-a23e-44cb-8df1-60a1153335f8
1403,1403,2025-12-05 09:52:25.678101,BANK_TRANSFER,10429.02,PENDING,cb2b9704-0213-4726-864b-cffb089918a2
1404,1404,2026-04-29 10:42:08.398061,PAYPAL,6982.24,PENDING,01483558-8db5-4f78-8ccd-97d3e8f50fb0
1405,1405,2025-04-23 15:50:50.958019,BANK_TRANSFER,13180.35,FAILED,381bc235-ded6-4cef-9569-af97dab584bb
1406,1406,2026-05-22 05:32:10.453778,BANK_TRANSFER,9184.6,PENDING,e192abec-cb68-4168-9fee-2bc93df46bd2
1407,1407,2026-09-30 20:21:12.662747,PAYPAL,856.34,SUCCESS,7c688e33-bf32-4d0d-bc9c-9a0f667676eb
1408,1408,2025-06-06 07:52:52.961560,PAYPAL,5740.16,FAILED,45c6dc78-42de-4747-9388-2299588e3ff3
1409,1409,2026-08-28 02:12:38.256206,PAYPAL,9643.91,FAILED,95f50f19-3ebb-4dfe-9855-37a30409aaeb
1410,1410,2026-04-11 16:59:34.345498,BANK_TRANSFER,7670.6,SUCCESS,e3f9d5ff-9d74-421a-8a78-9cfd64986ec1
1411,1411,2026-08-24 12:14:21.512282,CARD,2513.02,FAILED,bf6bcbd4-ee6f-46ca-846f-4fd0db15304f
1412,1412,2026-08-27 01:12:26.043813,CARD,9424.89,PENDING,2345f384-b354-45f5-a20b-c47d67247e29
1413,1413,2026-10-03 18:36:16.840644,CARD,7006.18,FAILED,bfd7d03f-552f-4fed-a10e-6d9e0c4ed3f4
1414,1414,2025-09-19 14:49:50.472217,PAYPAL,3749.98,SUCCESS,cb164140-da41-445c-b25f-1f04ecd884c7
1415,1415,2026-02-19 02:16:05.554449,BANK_TRANSFER,2425.83,SUCCESS,996bc6f2-1b69-451d-901e-92c692c965d1
1416,1416,2026-04-19 21:10:20.666112,BANK_TRANSFER,6682.93,PENDING,fb418306-d22d-41da-87dc-fa74b5e9b522
1417,1417,2025-11-06 14:29:18.494732,BANK_TRANSFER,2971.28,SUCCESS,ececb339-a064-40cc-bd27-9fd871c74f62
1418,1418,2026-05-29 09:47:57.137733,PAYPAL,6223.49,SUCCESS,bce49724-5d4b-4593-8055-f3c8cd92b0bb
1419,1419,2025-06-16 04:53:44.767108,BANK_TRANSFER,7865.41,SUCCESS,e1990278-e125-47f7-95e2-c230fb2a5d58
1420,1420,2026-09-25 21:49:44.324046,PAYPAL,3137.66,PENDING,e2d54777-b8ff-48b1-922b-e5d5f848169c
1421,1421,2026-08-17 19:15:27.962919,BANK_TRANSFER,1477.68,SUCCESS,37ae9a19-a807-499a-96a3-6876a62562ca
1422,1422,2026-08-30 21:08:51.764157,PAYPAL,9523.72,SUCCESS,7f43be26-ac6f-4539-8505-2c45dc63a396
1423,1423,2026-09-02 04:07:28.357115,PAYPAL,11367.29,FAILED,2385c221-8c8c-4dd5-91ed-328bdfefbce2
1424,1424,2025-03-04 06:08:55.401775,PAYPAL,1921.24,PENDING,6ab26bc8-2eb1-4ec4-a2e3-129d28a189bc
1425,1425,2026-07-01 05:44:57.005584,PAYPAL,2536.36,FAILED,65cd5ee7-5eeb-48bf-9b7a-a110f140ab80
1426,1426,2026-05-09 11:56:38.326761,BANK_TRANSFER,3648.36,PENDING,bf966001-49df-4018-8459-c7bd83125577
1427,1427,2026-06-02 11:40:10.977573,BANK_TRANSFER,6121.65,SUCCESS,c6d9d7fa-9c08-4e1b-8fa9-67a97220abf9
1428,1428,2026-09-11 20:26:29.746885,PAYPAL,6649.59,SUCCESS,57e8a949-d483-4b09-bb01-e4c2d4c8d608
1429,1429,2025-09-26 01:21:56.405941,CARD,2761.13,SUCCESS,b26c73c3-9005-442b-a4ca-37e3c801be4c
1430,1430,2026-04-13 16:20:02.295759,PAYPAL,4199.84,PENDING,108e7b32-813f-41fc-9b6e-2c87199d32d8
1431,1431,2026-08-22 01:01:36.078070,CARD,1114.96,SUCCESS,27369729-118a-430f-9ecd-a3625fe8b045
1432,1432,2026-05-25 12:19:18.344664,BANK_TRANSFER,676.84,FAILED,1891f883-4c87-46bb-86ff-8b15b02044ec
1433,1433,2026-06-03 20:55:57.753122,CARD,373.59,FAILED,56cc310a-2a4b-4ab3-87df-66009aa0bf74
1434,1434,2026-04-10 03:42:29.866277,BANK_TRANSFER,1752.48,PENDING,468d3d28-eaeb-4c59-adf0-0b4e19adeec2
1435,1435,2026-07-21 03:00:09.608073,BANK_TRANSFER,11848.2,SUCCESS,ac475be8-c263-4f0d-851f-9a502d871eb0
1436,1436,2026-06-24 23:54:34.413196,CARD,3216.33,SUCCESS,561aa5be-a4e3-43db-87d6-f18b8471000d
1437,1437,2026-08-27 14:11:02.537230,CARD,2632.8,FAILED,71e7ac0c-70a2-4023-85a9-37a979d28895
1438,1438,2025-11-28 16:31:14.907229,BANK_TRANSFER,2497.34,PENDING,9514d18f-51b9-4a71-87b6-ba726115914c
1439,1439,2026-10-05 01:15:29.723811,CARD,5560.02,SUCCESS,537e2657-5c94-4008-84cc-47737b3d9b73
1440,1440,2026-09-19 01:56:38.483097,BANK_TRANSFER,6207.74,FAILED,cb35eba9-a60d-49d9-8369-33449cdda58c
1441,1441,2026-05-07 16:20:21.402867,PAYPAL,172.33,FAILED,38ffecca-4e50-4dce-95d9-211ea37e5f52
1442,1442,2026-10-12 11:23:00.938976,BANK_TRANSFER,8407.72,PENDING,a8410ef7-7883-4ccc-897b-ae296e919cf9
1443,1443,2026-03-24 09:53:45.138810,BANK_TRANSFER,4124.21,PENDING,ccfae0aa-6918-4fe9-9c1d-63095616d07b
1444,1444,2026-01-13 19:40:54.213176,PAYPAL,263.89,SUCCESS,00af2bad-b9d6-479b-a40f-aa2ff36450ac
1445,1445,2026-10-11 11:15:19.667975,BANK_TRANSFER,11113.01,PENDING,dbccee78-9ccc-4ea8-8486-ca7144006cc6
1446,1446,2026-09-17 03:09:37.393558,PAYPAL,4762.74,FAILED,f30fe9da-f254-470f-a7a8-87ef7ca3f6b2
1447,1447,2026-08-25 03:51:16.230229,PAYPAL,7967.83,PENDING,5884a8c3-1cd0-4b14-9d79-170f4c67c10f
1448,1448,2026-02-19 22:11:12.878310,PAYPAL,2001.57,PENDING,1fff4d86-7774-4cd0-b6bc-70a097ff7fd8
1449,1449,2026-10-13 19:56:09.385672,PAYPAL,5152.56,SUCCESS,1f8178d2-1c1b-4fdd-8c38-9a24a9fb4275
1450,1450,2026-09-20 01:38:56.186008,BANK_TRANSFER,11347.95,FAILED,7471527a-765c-4768-8094-2f81a4b912f1
1451,1451,2026-09-12 12:41:41.755138,PAYPAL,4414.16,FAILED,f6003f09-9d53-47f8-89a9-17d6c43953ed
1452,1452,2025-06-30 14:24:38.465054,PAYPAL,4296.78,FAILED,e4f96eed-d192-4cc4-925e-a338a9c84868
1453,1453,2026-08-27 14:19:03.067139,CARD,9923.69,PENDING,222c8612-7bd7-4913-895b-f8a9b1b9585a
1454,1454,2026-04-18 15:55:35.135965,BANK_TRANSFER,6167.2,SUCCESS,f640ab28-77e2-47ad-9d83-25fff14d3410
1455,1455,2026-03-16 16:08:43.166026,BANK_TRANSFER,1505.9,PENDING,3926f68b-1a96-49d0-812a-fff666baff8a
1456,1456,2026-02-11 11:02:38.424264,BANK_TRANSFER,7538.82,PENDING,a245f5c0-bb31-407f-b766-3db2a5edab34
1457,1457,2026-06-28 07:19:48.111832,CARD,12697.1,FAILED,542c2bf1-88b2-43b3-a4bc-ef25186109a9
1458,1458,2026-08-13 22:13:35.666349,BANK_TRANSFER,1976.66,SUCCESS,9e9c6f2a-36c8-4c6c-b7b4-2cd65fc487a2
1459,1459,2026-09-07 20:47:08.553924,PAYPAL,3342.06,PENDING,25025d89-dc57-4f3f-bcdf-a05226d27228
1460,1460,2026-09-12 21:54:24.700640,CARD,9806.97,FAILED,8d7cf0c2-597a-44c4-9f75-047ef77c2763
1461,1461,2025-08-29 01:22:41.682983,BANK_TRANSFER,5562.18,SUCCESS,9502bcac-bff7-4b5c-ac95-2a16c6769625
1462,1462,2026-09-07 05:29:14.255840,PAYPAL,4839.6,FAILED,bf30bbb6-7c69-497c-9811-1179d6305b45
1463,1463,2026-09-07 14:54:01.822916,BANK_TRANSFER,10182.76,SUCCESS,ed8f2ec6-5cb4-4f8e-bce0-6759d5369970
1464,1464,2026-01-07 22:36:05.076817,BANK_TRANSFER,10281.89,PENDING,0b57fc73-6707-4746-a8a6-143da753b685
1465,1465,2025-10-02 15:59:26.006183,PAYPAL,9849.4,FAILED,c5fe5b58-87e9-4307-a8f2-6352e5de7e4f
1466,1466,2026-09-27 22:25:40.171656,BANK_TRANSFER,4909.44,PENDING,c6d575e0-1e18-446b-a3e9-10bfa0c92f46
1467,1467,2026-07-12 14:50:39.735321,BANK_TRANSFER,3931.89,PENDING,bddda93f-36a1-44f7-bd03-994f2aeabc3a
1468,1468,2026-09-23 04:27:34.951802,PAYPAL,1047.88,SUCCESS,4d4cb4c5-a359-4308-b65b-4437c97f4cbe
1469,1469,2026-08-05 08:46:44.838073,PAYPAL,1989.84,PENDING,1a0d12e1-770b-48a3-84ab-90e44cf30233
1470,1470,2025-12-16 08:57:50.794092,CARD,3360.15,PENDING,f9ce407a-ff41-4009-97c8-7e0fce8e9fda
1471,1471,2025-10-19 04:56:51.789702,PAYPAL,10892.33,PENDING,bac2b1e1-4125-44e2-9894-8127b76091df
1472,1472,2026-10-13 05:43:23.390619,BANK_TRANSFER,2420.86,FAILED,b869cac8-7d38-43c0-9701-89aaab607bb0
1473,1473,2026-07-08 17:59:19.631096,PAYPAL,4721.93,SUCCESS,f964bdab-3edc-410d-b18b-7838d20d468c
1474,1474,2025-12-21 03:51:16.917579,BANK_TRANSFER,10585.84,SUCCESS,51c06134-b6b1-46da-996b-b0ba8e541da7
1475,1475,2026-10-03 00:55:06.444074,CARD,1913.52,SUCCESS,b67e82c0-84a8-4b26-8aaf-7ae7fea44402
1476,1476,2026-09-11 10:21:24.440626,BANK_TRANSFER,6465.14,FAILED,b6c12525-5f73-4838-888c-fa0ff0572b06
1477,1477,2026-08-20 00:48:32.948528,PAYPAL,7947.24,SUCCESS,0680809e-7623-450e-9f66-b98f097e0cad
1478,1478,2026-06-05 05:28:24.275718,CARD,4834.15,SUCCESS,04f08423-19cc-4183-a367-e39fd31bf9f1
1479,1479,2026-07-30 23:20:02.679440,BANK_TRANSFER,7129.66,FAILED,07ff5498-ad84-48a2-9da3-68c959123e03
1480,1480,2026-04-09 09:57:43.806520,BANK_TRANSFER,5634.83,SUCCESS,70365ba0-1ad8-4d87-820a-e0f10a1075ef
1481,1481,2026-09-16 22:08:51.581427,CARD,6225.37,SUCCESS,92a19e46-75c3-4754-a21a-8cbff0ab8589
1482,1482,2026-09-01 22:53:56.115877,BANK_TRANSFER,3816.47,PENDING,7d27519b-088f-41e1-931a-8fd8450bbc4f
1483,1483,2026-07-11 08:19:35.566406,BANK_TRANSFER,2306.37,SUCCESS,f1b46b8c-2d97-443a-98ee-0e5cb362fb84
1484,1484,2026-06-15 22:42:07.148374,BANK_TRANSFER,7984.52,FAILED,65dab531-190d-4c47-ae0e-317d50563fa8
1485,1485,2026-10-04 22:50:55.087914,BANK_TRANSFER,10079.64,SUCCESS,cc520538-bfcf-439e-9c1e-9a5a27f5e4d5
1486,1486,2026-04-17 23:00:05.057002,BANK_TRANSFER,15328.78,PENDING,aa2213a7-3c81-4b14-87d4-f9bacf77d5c0
1487,1487,2026-03-18 00:16:12.176835,CARD,5508.84,SUCCESS,6c99b726-95db-4721-ac60-7079ca9d32b9
1488,1488,2026-08-16 18:35:48.242325,BANK_TRANSFER,5074.56,PENDING,ff8afa10-5a5a-4071-bfff-2063ad466df0
1489,1489,2026-01-22 13:07:46.780637,BANK_TRANSFER,3957.51,PENDING,3d7aa6a5-fff6-43fa-bc9f-62d96dae0002
1490,1490,2025-11-25 14:51:24.749235,BANK_TRANSFER,2380.38,FAILED,b406f1c1-5b25-41f1-8bab-5e74ac7e9900
1491,1491,2025-12-13 12:54:41.105407,BANK_TRANSFER,5326.09,SUCCESS,0ecb845e-7d32-4d96-8ba4-475b68532e2e
1492,1492,2026-09-06 19:17:33.543105,BANK_TRANSFER,13249.16,SUCCESS,36e2d60f-89d0-4d69-88b2-d0072201c388
1493,1493,2026-06-04 21:48:05.779624,CARD,9511.96,PENDING,3b00feb6-36b0-48a9-b78f-d86315db1e89
1494,1494,2026-08-22 01:30:25.512998,PAYPAL,7536.25,SUCCESS,31a0261e-c0d7-4f89-9b41-a626d1fd6684
1495,1495,2026-08-23 02:32:17.336908,PAYPAL,3721.61,FAILED,0c109a7a-3087-4aa9-85a8-abb1130c93bd
1496,1496,2026-08-23 02:41:11.430291,BANK_TRANSFER,1604.27,PENDING,2a3b6003-4f54-490e-9b76-11cde9289668
1497,1497,2026-02-28 07:11:01.657914,CARD,504.96,SUCCESS,3a09bb30-9d4e-4cd4-b9bf-a7ad4f4c2b42
1498,1498,2025-12-31 09:39:38.744915,CARD,5064.27,FAILED,399aa53f-ec42-4181-ac20-93d4d9df734f
1499,1499,2025-09-26 20:45:46.734042,BANK_TRANSFER,5698.67,SUCCESS,9159c84f-ba28-4777-859a-a49db657294f
1500,1500,2026-02-12 10:19:31.186182,CARD,702.03,FAILED,1003a4ad-e26a-471b-91f7-8e4ec4c4a450
1501,1501,2026-09-14 14:31:31.083430,CARD,648.71,PENDING,05b88314-f698-4180-8529-3585449d9f4f
1502,1502,2026-01-08 00:01:58.926802,BANK_TRANSFER,3852.45,SUCCESS,e42c885a-f930-4a7e-9aa9-d91ac4844fcc
1503,1503,2026-05-28 06:19:30.746014,PAYPAL,5496.03,PENDING,74ce90ca-ea07-4d86-8d32-5a89aa088f0d
1504,1504,2026-08-30 23:57:32.583519,BANK_TRANSFER,7744.55,SUCCESS,c6309f00-5d3c-4eab-8df9-c9d13a73a893
1505,1505,2026-06-24 22:43:39.484527,CARD,14524.18,FAILED,d052857e-8f8b-45d1-9d60-be10d7ee5d4f
1506,1506,2025-11-06 13:38:23.291771,BANK_TRANSFER,7717.92,PENDING,2c923aa8-837f-4030-8672-d829d3096484
1507,1507,2026-10-02 12:21:19.076017,BANK_TRANSFER,934.34,FAILED,fddd99ad-f2d6-4ef9-ae75-20e457bb861d
1508,1508,2026-08-10 11:19:51.980778,BANK_TRANSFER,1684.35,FAILED,788b4ccd-babd-4fea-a59c-fdf43cbeaea2
1509,1509,2026-07-12 07:12:41.820048,BANK_TRANSFER,9846.46,FAILED,c74577f9-b521-48c0-83b0-cd6af22b77ae
1510,1510,2026-08-30 08:59:26.568686,CARD,6519.29,SUCCESS,dd2e033a-81af-4834-a2e8-396d2438b7fd
1511,1511,2026-10-01 14:26:16.776441,BANK_TRANSFER,11423.85,FAILED,95517152-f060-4f3e-addd-b4ed63ed5635
1512,1512,2026-07-15 18:28:59.570979,CARD,3612.53,FAILED,20e04cd7-ac16-4dcc-a052-4c9acf6c678f
1513,1513,2026-09-22 19:28:30.698177,PAYPAL,8155.8,FAILED,1357d2fe-2a8f-49ce-8d61-647ccbf8b7e9
1514,1514,2026-03-07 04:29:59.518947,PAYPAL,5916.23,PENDING,dde27d0a-5280-4fbc-aa98-9e21a85d6083
1515,1515,2025-06-03 18:41:46.854173,BANK_TRANSFER,10500.26,FAILED,1bb359e4-ec5b-4ce6-9525-d26e60ab19d9
1516,1516,2026-04-13 15:39:25.349653,BANK_TRANSFER,5850.91,PENDING,914ecec3-8bea-4a46-a454-4a75ca2af73a
1517,1517,2026-09-19 14:48:22.297799,CARD,1491.76,SUCCESS,cf5cf1dd-5549-4a19-97c8-6ae22591316b
1518,1518,2026-09-10 06:19:48.784861,PAYPAL,5064.2,FAILED,c21aeb93-fa0c-41ac-a4f1-ca6b4e5ecba4
1519,1519,2026-06-21 19:56:17.068882,BANK_TRANSFER,9533.07,FAILED,a111bdbc-439c-425d-b6b9-0ae07395d3fc
1520,1520,2026-06-12 20:33:44.579467,CARD,6486.51,FAILED,b3378e70-5f4f-4723-aa2a-aae960a69e36
1521,1521,2025-09-27 23:04:31.002710,PAYPAL,3537.24,SUCCESS,512896b9-d1a8-470a-afba-959b5ff1e393
1522,1522,2026-10-01 20:24:36.647091,BANK_TRANSFER,8892.82,SUCCESS,85514ed6-1c00-4740-938f-aa8eecae4832
1523,1523,2025-12-13 00:20:52.007050,CARD,2787.55,PENDING,aa6d7584-8846-49fb-b002-2232c5c04ac0
1524,1524,2026-09-25 06:17:15.906841,CARD,7348.4,SUCCESS,15d80f71-57b5-46ea-b23f-9a7ce7b3a985
1525,1525,2026-03-09 20:00:01.397513,PAYPAL,6656.85,FAILED,82de9e73-3005-4231-b33c-bb95ebdeaaf9
1526,1526,2026-10-01 16:25:10.682973,PAYPAL,6715.8,PENDING,0ed511e4-24f6-41b4-968f-84d5afe906ad
1527,1527,2026-09-13 02:10:39.797018,CARD,5090.62,PENDING,8a353f73-a4ba-45b5-a5e7-c785d355e653
1528,1528,2025-09-07 01:04:47.476982,PAYPAL,5859.03,FAILED,d6667cff-71ce-4101-b765-305597d63070
1529,1529,2026-09-20 09:15:56.132191,BANK_TRANSFER,4850.5,SUCCESS,c7c33f17-4d08-4264-8353-61856dc86ca7
1530,1530,2025-09-16 12:10:44.349144,PAYPAL,7298.79,SUCCESS,dca91aee-478a-44a7-a5d6-ce9fc751f523
1531,1531,2026-07-17 15:14:24.598351,BANK_TRANSFER,3786.18,SUCCESS,abb6f922-61ca-4f6b-829a-8d6f148ca70b
1532,1532,2026-08-16 13:09:53.135680,BANK_TRANSFER,7474.09,FAILED,42d3388c-1312-4c2b-b234-d465072489f7
1533,1533,2026-04-01 04:24:39.345683,BANK_TRANSFER,4884.61,PENDING,52da47ac-3e30-4d5e-b2c5-82ac3e6ba669
1534,1534,2026-03-06 06:41:03.498993,BANK_TRANSFER,1410.38,PENDING,1c7da3b3-18f2-4779-a63f-174d0f4634ef
1535,1535,2025-06-09 23:29:47.472968,CARD,8580.64,PENDING,e952b547-3501-4e80-8aad-06932b428873
1536,1536,2026-03-05 12:47:16.982754,PAYPAL,4258.64,PENDING,7b4f9914-8216-4806-806a-218f321284c4
1537,1537,2026-09-03 12:05:46.892156,PAYPAL,8823.3,FAILED,77fd9050-4a84-45ed-ab8d-eb4e6517afcc
1538,1538,2026-10-01 22:02:37.826637,CARD,1232.62,FAILED,02b48699-92b0-47cd-bb78-f7a70bd46916
1539,1539,2026-10-09 14:37:04.542079,PAYPAL,4128.58,PENDING,6f7c4fd6-7bb0-4de3-aa3e-3c23a95186d0
1540,1540,2026-02-12 12:48:06.349217,BANK_TRANSFER,12902.89,SUCCESS,770c5816-c685-44ec-bcbb-a6ad8b20658e
1541,1541,2026-07-04 17:50:40.172098,CARD,5373.7,SUCCESS,00a95273-5f88-4f61-9a8c-1761bd8ef507
1542,1542,2026-04-24 21:49:44.313005,PAYPAL,1319.17,SUCCESS,d69d4bf7-b065-4d39-bb97-7dcea77a0637
1543,1543,2025-04-12 11:35:19.487080,PAYPAL,11094.19,FAILED,1803e038-f55d-4579-af7f-aa736a815581
1544,1544,2026-03-17 21:13:56.318906,CARD,2441.36,PENDING,86078b10-8bac-439c-882d-26490ab32f56
1545,1545,2026-07-21 02:48:18.166319,BANK_TRANSFER,5068.98,SUCCESS,a8221fae-0ca0-4c81-8f98-1207650e7547
1546,1546,2026-07-31 20:35:10.331020,CARD,10494.81,SUCCESS,93058303-d05d-4802-a3d2-848e8041ca31
1547,1547,2026-04-08 03:22:32.398858,BANK_TRANSFER,8190.09,FAILED,abd96ad9-d3bd-4e0d-a2d4-0e2a39e77878
1548,1548,2026-05-29 03:22:26.826658,CARD,14343.77,SUCCESS,54190014-a782-49d2-8c20-a369d84eaf52
1549,1549,2026-09-17 06:11:28.335276,PAYPAL,6295.53,PENDING,779ee330-6ded-43f8-9d60-cc7341b74316
1550,1550,2026-02-06 04:20:17.325488,PAYPAL,6927.47,SUCCESS,66ba2851-1554-4a3f-9ce5-55f496bd0f63
1551,1551,2025-06-13 15:01:04.764866,PAYPAL,1514.88,PENDING,c0b30303-af47-4a0b-a7fd-3482b7c9debe
1552,1552,2025-12-05 10:45:51.095625,PAYPAL,2500.67,PENDING,c8dd57fd-630c-4e84-853b-1b94ae85e861
1553,1553,2026-08-26 14:52:30.392955,BANK_TRANSFER,3379.45,SUCCESS,087f29de-91b2-4d34-8c2f-c11fcbcc3488
1554,1554,2026-10-09 06:57:58.552871,BANK_TRANSFER,7138.44,SUCCESS,7c8e107b-c02d-44a8-b5ab-f569b8253bbb
1555,1555,2026-06-03 19:49:02.568323,BANK_TRANSFER,5599.66,PENDING,56174d9e-2174-4b53-8c61-d5053abe6b28
1556,1556,2026-09-10 23:12:06.734731,PAYPAL,10576.72,FAILED,f61998ee-b485-4c54-9d4f-642cff8023e9
1557,1557,2026-10-06 15:54:57.203713,BANK_TRANSFER,3757.88,FAILED,8d644744-1f96-4458-8d96-abacaec3ec41
1558,1558,2026-05-19 08:24:43.553845,BANK_TRANSFER,6714.1,SUCCESS,92e90654-8f03-4621-9fae-fa38dd063bad
1559,1559,2025-11-04 21:20:26.149086,CARD,4481.32,SUCCESS,2467517c-8b79-4ccc-be54-0e0f65a8bdc1
1560,1560,2026-05-17 15:54:19.641940,BANK_TRANSFER,10618.35,FAILED,765dfb30-02c2-4093-b459-1b8676ec8b23
1561,1561,2025-09-03 19:31:32.716422,BANK_TRANSFER,5110.41,FAILED,ec1a1d25-5505-49a3-b5f2-1b991e2c723c
1562,1562,2025-11-29 18:52:43.296729,PAYPAL,3320.27,FAILED,e6bd7270-a33a-4286-bfbc-6187992e31ac
1563,1563,2026-03-05 20:48:56.341053,BANK_TRANSFER,6914.38,FAILED,57471072-dfe7-4319-87ec-eb5e2377d43c
1564,1564,2026-09-14 10:21:17.581524,PAYPAL,3501.05,FAILED,23fe1431-00e1-4bae-8bbf-77ab66ca9c9c
1565,1565,2025-08-09 18:15:28.503062,PAYPAL,8273.6,PENDING,ede18254-bc27-4701-9246-67536c66ccf5
1566,1566,2026-09-14 08:10:05.531267,PAYPAL,6553.51,SUCCESS,749b5bee-8292-4f7f-b534-efc58ce73502
1567,1567,2026-03-03 08:43:22.843632,CARD,16463.82,FAILED,243d9300-02ad-4dde-83af-a81546be81c7
1568,1568,2026-08-18 14:47:53.932240,BANK_TRANSFER,10835.54,FAILED,32f0cc06-3b5e-4089-9a7d-f010ed951bcc
1569,1569,2026-09-13 05:10:59.242753,PAYPAL,7784.04,SUCCESS,c18990d5-3b15-4490-8b94-9c8b5e38ff70
1570,1570,2026-07-22 02:01:06.395782,CARD,6041.03,FAILED,d6d58e12-aeb4-44ff-b12f-0c124c4c83d0
1571,1571,2026-06-05 23:53:00.995906,CARD,11962.07,SUCCESS,5cb1c89e-6883-4f57-8117-4bf8152ab4d9
1572,1572,2026-10-05 06:12:38.596783,BANK_TRANSFER,1818.55,FAILED,d9edaf6a-5386-4606-8dae-0f08e2a8e2f8
1573,1573,2026-05-10 15:38:26.466672,PAYPAL,4888.68,SUCCESS,40f3de91-eb14-4767-968b-e1db4fbe5bf9
1574,1574,2026-03-13 23:42:35.516989,PAYPAL,9203.96,PENDING,b4bd9fca-b0b5-41e7-8580-424f37b95cc5
1575,1575,2026-06-11 18:51:14.221789,BANK_TRANSFER,13438.1,SUCCESS,bc01f14d-29b5-4963-a046-e5c806a7d305
1576,1576,2025-06-29 23:12:21.168643,CARD,828.78,FAILED,c3e158e1-cecc-436e-a847-d6b70c0dc186
1577,1577,2025-12-07 15:38:26.643273,BANK_TRANSFER,2380.38,FAILED,307c68e0-3e9a-46d6-8b07-475ae92f924a
1578,1578,2025-08-24 08:15:28.817767,PAYPAL,6663.26,FAILED,f396523a-8362-4be6-9e1d-dfb8549657d6
1579,1579,2026-04-12 17:49:06.632680,BANK_TRANSFER,2201.74,SUCCESS,94042b7f-90f6-4142-bb70-df10b4df649a
1580,1580,2025-01-18 19:50:59.904829,BANK_TRANSFER,3444.86,PENDING,c2245536-ceda-4cec-96c0-7f2b3875c569
1581,1581,2026-08-02 02:28:52.658533,BANK_TRANSFER,5088.12,SUCCESS,edcf79dd-7e26-44ae-9997-6388742bf60d
1582,1582,2026-04-10 05:32:28.411036,BANK_TRANSFER,1232.62,FAILED,06de0c92-b302-411e-bc66-1196db65aeb8
1583,1583,2026-07-03 12:28:04.389037,CARD,1114.96,SUCCESS,73afccd9-8014-46d0-a92a-8cc2586c1d23
1584,1584,2026-10-03 20:00:22.592305,BANK_TRANSFER,7386.09,FAILED,12dee971-4daf-4e3f-92b8-9c2ae4ac24e1
1585,1585,2025-12-30 21:17:59.590169,BANK_TRANSFER,10077.87,PENDING,61c9e3d4-b2da-486e-aecf-dd43e8fabfb4
1586,1586,2025-07-29 01:18:05.693478,CARD,7341.3,PENDING,40dcdba4-6464-4fe2-b692-b9be17dd70d0
1587,1587,2026-05-02 19:51:08.924090,CARD,6530.94,SUCCESS,a1961c45-a274-45fa-82c1-925c3b5b1d47
1588,1588,2026-02-18 03:09:47.382791,BANK_TRANSFER,12971.56,SUCCESS,72be6ac8-3d33-4c19-b576-237c521d56b5
1589,1589,2025-09-28 11:32:04.430651,PAYPAL,7917.02,PENDING,8eaea75f-c18c-4413-9d84-848442452602
1590,1590,2026-05-07 15:06:58.872302,PAYPAL,12665.0,PENDING,76fc5c77-751f-4dda-a759-a88bd52daf3f
1591,1591,2026-08-16 10:51:55.080593,BANK_TRANSFER,840.11,FAILED,02676114-0f86-4b69-9b92-cb576f82614d
1592,1592,2026-07-08 14:48:20.655352,BANK_TRANSFER,8749.36,SUCCESS,f1160667-5318-40ae-8f66-e8803974f1d9
1593,1593,2026-09-26 03:50:44.698918,CARD,2505.11,SUCCESS,964da5b0-ee64-4bbf-b6e3-543cd7c13092
1594,1594,2026-08-12 06:26:31.359123,CARD,9440.37,FAILED,ab1579aa-a290-43ac-ad23-75a1747dedaf
1595,1595,2026-10-10 11:12:35.494956,CARD,3861.43,FAILED,c3370882-a398-460d-947c-c606d7bf0636
1596,1596,2026-09-01 12:34:53.003139,BANK_TRANSFER,6368.97,FAILED,39cdea83-3a47-4c64-8b6b-60bc3c80666f
1597,1597,2025-08-01 23:14:31.398758,CARD,7893.06,PENDING,bf983f33-6b92-473a-8a8f-0a3a94845332
1598,1598,2026-08-20 07:20:46.670882,PAYPAL,7403.15,PENDING,e993a0e5-5555-4e00-b381-1b54b9ace500
1599,1599,2026-06-23 18:32:29.408019,BANK_TRANSFER,6353.16,FAILED,43974997-fae2-4ced-a569-3bb57ff7a5fc
1600,1600,2026-10-11 02:10:20.537764,BANK_TRANSFER,6529.04,SUCCESS,00151f29-c78c-4b73-9dc6-8494571cf96e
1601,1601,2026-01-18 08:30:13.195042,BANK_TRANSFER,8217.06,FAILED,dbd959b8-8888-4491-a59b-918547e9773e
1602,1602,2025-07-01 03:48:11.111250,PAYPAL,10678.28,SUCCESS,fbb43d04-df8d-4ac1-b36e-ce454db03f46
1603,1603,2025-10-17 13:08:24.554144,PAYPAL,7781.5,SUCCESS,1df8252e-d7fc-4bd6-b79b-8119cd4f66ac
1604,1604,2026-06-28 16:28:50.168407,PAYPAL,3670.62,FAILED,05002962-6313-471a-982d-1e50fda6d971
1605,1605,2026-08-16 12:18:49.686579,PAYPAL,8839.34,FAILED,7bd06794-2985-4dd3-8a1d-5528d85a254f
1606,1606,2025-06-08 17:19:05.827297,BANK_TRANSFER,5725.78,FAILED,956bccd5-d945-4f4a-878a-112598276b5e
1607,1607,2026-09-06 17:32:44.516203,PAYPAL,4591.8,SUCCESS,b7d6a62f-9468-4f11-9150-190b5c21018d
1608,1608,2026-08-08 10:14:47.528976,BANK_TRANSFER,1295.22,SUCCESS,d4fb02df-69de-4796-ba31-942ccd80c7ae
1609,1609,2026-07-01 13:47:56.169933,PAYPAL,9714.78,PENDING,f40f9b9c-7bef-4435-8d1d-14a01b8549f8
1610,1610,2026-10-10 23:11:57.373070,BANK_TRANSFER,3473.17,PENDING,e1909c43-4e82-463e-a467-8700790003b9
1611,1611,2026-02-16 16:15:58.933385,PAYPAL,5309.58,PENDING,59e14007-be41-46d0-ac71-c3d14a38da42
1612,1612,2026-06-27 04:35:44.128417,PAYPAL,6506.48,PENDING,90b5d26a-8301-4292-a65d-18f6761a0820
1613,1613,2026-10-07 05:26:27.606456,CARD,10823.58,PENDING,aee12e2d-632c-48db-aa9a-762526d5db2f
1614,1614,2026-04-29 22:38:57.921302,PAYPAL,7163.46,FAILED,44b3725c-567d-4eb7-81c4-d9434bc97e36
1615,1615,2026-09-22 15:23:30.365059,BANK_TRANSFER,3539.4,PENDING,34061068-c21a-4ab3-8654-a5bfae282815
1616,1616,2026-02-19 22:05:26.392480,CARD,2013.0,FAILED,f4e63ead-4200-40a1-81e9-98609bdded0f
1617,1617,2026-07-22 16:14:03.330274,CARD,8195.0,FAILED,bddc50ba-594f-4bf8-9bb7-ae2d8746d7c6
1618,1618,2025-12-19 15:26:15.232019,CARD,6830.91,FAILED,b93b8ca7-6103-4446-af12-5159d7c514e9
1619,1619,2026-06-07 19:08:25.456087,CARD,9255.26,SUCCESS,dd918930-ec13-4367-ae97-4f7a98f314cb
1620,1620,2026-10-05 16:19:35.017412,CARD,8944.46,SUCCESS,11536ed5-6860-433c-9ce7-2ef0b7c39f86
1621,1621,2026-07-14 02:56:40.854567,BANK_TRANSFER,8943.12,PENDING,c8233e35-68e6-4ec7-ae75-ff6421d8f576
1622,1622,2026-06-17 03:09:35.260736,CARD,6264.82,FAILED,dcbfd53e-c47c-4413-9ff2-9cff08a526c6
1623,1623,2026-03-09 23:40:54.798505,BANK_TRANSFER,2030.52,PENDING,70647540-74ca-4521-a3ef-54b770d230e3
1624,1624,2026-07-16 11:32:13.760016,CARD,5514.86,PENDING,a77d38ce-c1c2-47fd-8a77-201e77e83c58
1625,1625,2025-05-29 22:52:48.293542,PAYPAL,5449.11,SUCCESS,68012c50-d34e-4d4a-a4a0-e5ff90a3e4be
1626,1626,2025-08-26 17:34:39.297005,CARD,5066.12,FAILED,96d9b70b-77eb-4995-bf3b-8cbb390ace15
1627,1627,2026-08-22 01:06:41.864355,PAYPAL,2257.85,PENDING,ec3c8084-c240-4b62-8ed2-57f8bed47280
1628,1628,2026-04-20 21:45:36.252885,PAYPAL,14787.22,FAILED,0e1fe432-15dc-4535-890b-07d5ab8a5c06
1629,1629,2026-09-22 23:58:56.396538,BANK_TRANSFER,4772.13,SUCCESS,5b8b0b44-fd04-45e7-bd05-5998c260ca06
1630,1630,2026-04-06 07:58:03.776914,BANK_TRANSFER,5621.61,PENDING,2c21d58c-6b60-4d92-98d9-d65a8dcc4d11
1631,1631,2025-08-02 12:57:07.917916,PAYPAL,630.3,PENDING,8a25cb4a-6828-4956-8850-bdf6cb005473
1632,1632,2026-10-07 13:29:12.811784,CARD,2819.65,PENDING,49945532-2afd-44e3-aa91-c395a7355dab
1633,1633,2026-06-13 18:15:30.175632,PAYPAL,1063.31,FAILED,f10f5e2d-af35-4d31-b14d-bbab3b591927
1634,1634,2026-09-09 16:54:33.421815,PAYPAL,16321.54,SUCCESS,37367c37-24a2-4a3a-89ac-d6350d486241
1635,1635,2026-04-11 07:43:09.861916,BANK_TRANSFER,349.45,SUCCESS,47a9087e-4092-48d6-bad3-34a6edd7c801
1636,1636,2026-01-20 08:55:53.909491,BANK_TRANSFER,3738.17,PENDING,b557ad80-d07c-4682-a6b0-d207c99979a6
1637,1637,2026-08-05 08:21:53.286547,CARD,10220.11,PENDING,f29941da-f3b1-4dda-9921-44bdd5a30080
1638,1638,2026-03-31 11:35:01.556551,PAYPAL,6280.92,FAILED,b52d00ee-4232-44f6-b96c-7d29fc231b0c
1639,1639,2026-07-14 06:18:26.458087,BANK_TRANSFER,3718.07,PENDING,9caa3398-6619-40c8-8097-223feac90c4d
1640,1640,2026-07-02 04:22:38.253831,CARD,6720.31,SUCCESS,700991ec-574d-4150-b0d3-a0de21696a07
1641,1641,2026-05-06 04:22:10.961698,CARD,7590.8,SUCCESS,23fcb5bd-c74d-4c94-92b7-e822644c347a
1642,1642,2026-06-22 23:30:23.408452,PAYPAL,10550.06,PENDING,57f86ee9-817f-4667-a2f4-4bda1720c826
1643,1643,2026-06-01 16:05:28.770347,PAYPAL,2559.58,PENDING,08731942-0c6e-403f-95ab-3fd6b7249d79
1644,1644,2026-10-05 16:56:41.102580,CARD,346.48,PENDING,40f99662-43d0-4ed1-b0b1-5398dc8a56ad
1645,1645,2026-03-20 22:09:32.882917,BANK_TRANSFER,4007.79,PENDING,498a6c25-5619-4679-8e41-7853d3f9a489
1646,1646,2026-08-25 11:26:07.658944,BANK_TRANSFER,7684.44,FAILED,3ed31eb3-5734-4c4d-b273-f4a4c7a5b755
1647,1647,2025-11-11 00:33:18.785238,BANK_TRANSFER,7426.55,SUCCESS,c0e1ab61-a1ba-41ed-9422-e251f63b93bf
1648,1648,2026-06-21 19:30:21.921429,CARD,13025.11,PENDING,41844e37-0282-40c6-8886-878d853135f4
1649,1649,2025-04-24 07:28:31.724264,CARD,1756.53,FAILED,e78e3f5d-4f9e-4382-b68c-c63e599dbe1a
1650,1650,2025-07-18 03:38:44.572518,PAYPAL,2685.12,FAILED,3f617ca8-52f0-44d3-81a7-7438cd5a708a
1651,1651,2026-10-08 12:45:45.453884,PAYPAL,16038.57,SUCCESS,4d7ca70d-fe4c-43d1-8298-0d476902ad05
1652,1652,2026-10-01 09:00:53.453032,BANK_TRANSFER,11977.78,PENDING,07a523cb-ccfb-4e47-9540-e2e15d7b5b55
1653,1653,2026-04-07 23:05:32.506576,PAYPAL,11678.98,FAILED,6c9d65d4-f381-4e6b-b88e-b897dc115b32
1654,1654,2026-07-24 22:54:08.204254,PAYPAL,7060.18,FAILED,8b5af1d2-7256-4a3e-b5e8-ea6ea335edb8
1655,1655,2026-03-28 00:47:32.636768,CARD,9357.86,SUCCESS,3a8b17bd-0ac3-4863-ae30-6a4aadc19d07
1656,1656,2026-09-19 18:54:34.603197,CARD,3313.09,FAILED,1f51e3c6-2b35-4a41-a14b-b3fef371cfac
1657,1657,2026-02-06 17:36:51.284473,BANK_TRANSFER,7660.23,FAILED,08c031d7-7b04-4535-aac3-ff36133dbc1a
1658,1658,2026-09-01 19:40:53.228334,CARD,10002.09,FAILED,b792acbe-f805-4265-9f16-2c7017d0d0fc
1659,1659,2026-08-28 07:55:46.636035,CARD,4151.82,SUCCESS,6a2a26fa-f6e6-4949-a6ba-881e8f68216d
1660,1660,2026-09-15 13:42:32.590705,CARD,11181.82,SUCCESS,93a1f127-c693-4901-9784-905ef3904b98
1661,1661,2026-03-24 18:45:57.404439,CARD,4657.33,PENDING,90dc3842-78d3-4023-8fa4-e7648a39dfaf
1662,1662,2026-07-10 09:55:01.635301,BANK_TRANSFER,4176.53,SUCCESS,e2b345ea-eb70-433a-a8d3-a7097be9cb19
1663,1663,2025-12-13 20:20:15.529416,PAYPAL,11292.82,PENDING,b31d6e22-cc2e-4560-938c-bef333f6ac67
1664,1664,2026-06-24 12:49:54.742362,BANK_TRANSFER,4459.74,PENDING,4f497e7e-ce39-4ee9-a852-46aacd2b1777
1665,1665,2026-05-31 02:10:20.033993,CARD,8433.19,SUCCESS,9386e7f1-2c76-4e0e-a8a0-072bcc158832
1666,1666,2026-07-04 16:29:59.396269,CARD,6429.51,PENDING,93d2f0f6-aaa1-487b-aa6c-32b47950d1be
1667,1667,2025-11-22 17:26:22.977196,PAYPAL,3966.88,FAILED,0222b300-6d57-49ab-9d67-278f4ce821f1
1668,1668,2025-09-13 08:09:27.038834,BANK_TRANSFER,1949.22,SUCCESS,8e84687a-8aba-4684-aec8-c9fac29f3369
1669,1669,2026-04-02 17:02:44.790817,PAYPAL,1120.05,FAILED,52fd8d5b-04f6-4d68-8126-32587893f0a7
1670,1670,2026-06-28 09:50:30.917756,PAYPAL,1295.22,PENDING,7cd7d303-86ee-40c1-adc5-ab490a946f99
1671,1671,2026-02-08 06:08:42.324654,BANK_TRANSFER,1221.51,SUCCESS,f0621680-266a-4733-944c-3815af4d65d4
1672,1672,2025-05-23 14:31:56.782755,CARD,4430.67,FAILED,b40c034b-bb0a-43e5-a8c2-0b8dae5cf007
1673,1673,2026-03-17 12:20:27.221738,PAYPAL,6082.39,PENDING,e32fb9b9-b920-4a47-950f-95db00eda9d7
1674,1674,2026-01-12 00:42:15.906818,CARD,414.39,FAILED,4586fcc2-f276-485b-9dd7-cb884c2cb985
1675,1675,2026-08-29 09:04:00.204738,CARD,6838.16,PENDING,9e9877f7-7f8f-41c6-87a2-c2ec46825e82
1676,1676,2025-06-20 14:05:52.425858,PAYPAL,897.66,FAILED,0e38c346-1172-4478-b238-9847dd6952d9
1677,1677,2026-07-29 10:44:37.494602,PAYPAL,4027.19,SUCCESS,21b1107e-6a40-4034-a7e1-e6e744e12017
1678,1678,2026-09-23 16:39:02.247955,PAYPAL,3746.32,FAILED,0495845b-bd5e-428b-a675-bb7b51cd3d87
1679,1679,2026-09-18 11:28:45.917966,CARD,2044.14,PENDING,ae527935-67df-4ad3-abce-57b35b02d0e3
1680,1680,2026-09-05 13:21:15.306088,CARD,11185.3,SUCCESS,2bba374c-4699-4fb4-80bb-96717283555d
1681,1681,2026-09-03 05:50:17.280203,CARD,673.15,FAILED,65f340f1-b8a7-4f81-9e22-f95d3ad4f204
1682,1682,2025-11-28 10:50:16.627939,CARD,2628.72,FAILED,5776a917-c45a-40ac-a896-941f88d8845d
1683,1683,2026-04-10 09:32:39.142139,PAYPAL,8103.89,FAILED,ce151855-f058-4da7-ae97-d7258af8689b
1684,1684,2026-09-17 08:20:41.660483,PAYPAL,4067.73,FAILED,5f59bdec-f7b4-43f5-92a7-4604036df96e
1685,1685,2025-12-31 05:40:52.509052,PAYPAL,11999.92,SUCCESS,3ce7845d-e6ef-4a35-a44a-4cc27e50337b
1686,1686,2026-04-27 09:03:27.546347,PAYPAL,4425.33,SUCCESS,b50c39ce-88ef-46f6-a5dc-8a7e3756befe
1687,1687,2026-08-20 15:06:28.430874,CARD,8719.16,PENDING,168238e9-cbad-40cc-8c89-956d6d1e5ed7
1688,1688,2026-07-31 19:05:27.131143,PAYPAL,15010.39,SUCCESS,982bd35c-fa52-4fce-b207-fa0d55e81c69
1689,1689,2026-07-31 21:45:48.496155,PAYPAL,7668.62,SUCCESS,13527b16-7c44-4a59-a6bd-f3812273fa05
1690,1690,2025-12-15 06:13:04.600054,PAYPAL,6458.14,SUCCESS,800afc1e-579d-46cc-8812-0589a9e59b45
1691,1691,2026-05-29 01:41:59.676469,CARD,16981.55,PENDING,01c89c55-75d6-4196-a25f-60269ef7497f
1692,1692,2026-06-30 07:54:48.792745,BANK_TRANSFER,9352.98,FAILED,90c45d25-1b5b-4268-b8ed-09330b563fd8
1693,1693,2026-03-05 00:15:46.688818,BANK_TRANSFER,7515.45,PENDING,f9b5dc89-d8d6-4519-bb31-02279bfb5f8a
1694,1694,2026-05-13 08:08:30.831116,PAYPAL,11858.79,PENDING,210e7075-9e0f-4375-8717-ec4721da1e34
1695,1695,2025-08-30 16:47:14.967322,BANK_TRANSFER,2705.19,FAILED,1e812495-0bd5-45dd-a175-47ed924b0644
1696,1696,2026-07-24 17:00:12.546711,PAYPAL,2523.77,PENDING,b88af834-b94c-4fd1-8cb9-b57e279cdef7
1697,1697,2025-09-30 15:01:35.962409,CARD,11820.85,PENDING,263eb969-b47c-49be-ba12-7eae3cff9604
1698,1698,2026-10-02 21:27:08.689174,CARD,3717.61,FAILED,d4d2beb8-00f5-40cc-977e-b5b77330cb0e
1699,1699,2026-03-21 23:46:36.333733,BANK_TRANSFER,5855.42,FAILED,c102ec3b-329c-4d35-99da-ea9da5bef82e
1700,1700,2026-01-15 17:46:23.204805,PAYPAL,2135.82,FAILED,97e864ca-2959-4968-8169-d0cf5728c50d
1701,1701,2026-10-04 23:27:14.252494,CARD,3034.92,FAILED,f01ac6cb-f6f4-4272-8918-3f4257fad2ab
1702,1702,2026-03-30 14:35:37.572173,BANK_TRANSFER,1206.79,SUCCESS,cf80790b-529d-4142-aa1b-ba425f3860e3
1703,1703,2025-04-08 21:15:01.714484,CARD,6644.39,SUCCESS,cd549bfa-3604-4be1-97a2-24916dea4b87
1704,1704,2026-03-16 05:05:26.713519,BANK_TRANSFER,3467.49,FAILED,99fea79b-484c-45ce-9551-f6cf7191d9b0
1705,1705,2025-11-24 13:47:38.860084,CARD,8021.52,SUCCESS,777614d6-c99d-47c8-a76f-04bc04f73813
1706,1706,2026-09-18 23:26:21.200463,BANK_TRANSFER,2380.34,FAILED,b22c79f6-4d7e-4130-b5a1-2a1aefb2ad6b
1707,1707,2026-09-03 20:10:30.233569,PAYPAL,5784.51,SUCCESS,4f4d4844-f692-4421-8aad-ece3feb3034b
1708,1708,2026-09-18 20:03:04.309515,BANK_TRANSFER,6225.06,PENDING,77be1204-cf8a-460c-8fb0-98f94c8d03f6
1709,1709,2026-07-04 04:11:11.510877,CARD,5111.17,FAILED,62aebdb6-2890-440c-a97b-cee79533f25d
1710,1710,2026-09-21 06:28:53.627808,PAYPAL,1895.6,PENDING,ecf91c93-8462-4a57-9469-153999ee2665
1711,1711,2026-03-09 12:24:17.857485,PAYPAL,1774.42,PENDING,4ce5a613-2d85-4e37-91f1-68ffb16f0ae5
1712,1712,2026-07-30 16:24:50.717689,PAYPAL,11004.05,FAILED,caae8f1a-f7c4-46ab-ba0b-14f4f3d50d58
1713,1713,2026-09-03 15:29:37.445012,CARD,8651.5,SUCCESS,c27d5571-3c52-49ca-b314-834eba451fa6
1714,1714,2026-10-05 03:52:02.338855,BANK_TRANSFER,8802.34,PENDING,7609dca4-ca16-4cd7-b551-d7766f2a9106
1715,1715,2025-11-29 19:28:04.253305,CARD,9847.99,PENDING,4c0c94ed-4204-4e6c-8062-0e1ce1c22249
1716,1716,2026-02-11 12:26:25.416390,CARD,1594.32,FAILED,e222af50-a131-4298-b292-d4d14e437186
1717,1717,2026-08-11 09:42:47.260536,PAYPAL,6478.47,SUCCESS,766274f1-e590-4906-9f65-10f54de6a5f1
1718,1718,2026-04-22 08:29:27.122450,CARD,6440.18,SUCCESS,ddf4576b-f977-4e47-9a85-9d272a2fbccd
1719,1719,2026-08-20 17:45:37.269907,PAYPAL,6975.72,FAILED,e76cc750-566a-4ae3-9c3d-c6fd79ff5f76
1720,1720,2026-07-07 08:08:05.811752,PAYPAL,5049.84,FAILED,39097369-4eb0-4bac-99f5-fadeb6045b36
1721,1721,2026-10-07 18:34:43.530206,BANK_TRANSFER,4207.41,PENDING,0b02be16-a5c8-4c04-ad25-34edddd62795
1722,1722,2026-09-21 20:24:17.759882,BANK_TRANSFER,4196.9,SUCCESS,0c000432-9244-479f-aa71-2e4e9d06b0ab
1723,1723,2026-05-25 04:15:43.594250,PAYPAL,2909.98,PENDING,88b05aaf-ed97-4f62-852c-863439f4fc02
1724,1724,2026-09-22 14:12:49.580452,PAYPAL,3691.83,FAILED,4b02cd01-2017-4988-8bfc-fba0a40566ac
1725,1725,2026-04-03 05:17:05.257116,BANK_TRANSFER,6298.12,SUCCESS,0cf1ce3a-f604-4b96-ab33-f714dd388a74
1726,1726,2026-08-17 16:07:40.253923,CARD,1094.79,FAILED,497e1b15-914f-4104-8cc2-44a5b89320a0
1727,1727,2026-07-22 11:00:06.745440,CARD,14729.43,SUCCESS,5ab5cea8-b2f1-46db-ab40-521810d9493e
1728,1728,2026-06-25 16:18:33.533587,PAYPAL,11236.58,PENDING,49b94f84-20a0-48fc-aa4a-86767a567dd0
1729,1729,2026-10-08 07:49:27.899502,BANK_TRANSFER,5241.9,FAILED,c77a0940-b1cc-4f7c-a1c7-041e67cfffa0
1730,1730,2026-09-30 01:14:00.624470,BANK_TRANSFER,344.66,PENDING,5db00973-203a-404d-a36f-8f92d55273ef
1731,1731,2025-09-21 21:24:51.091013,PAYPAL,9246.9,PENDING,3887e814-0876-48b5-ac3f-6c13275ec353
1732,1732,2025-12-05 00:50:48.790996,PAYPAL,18271.98,SUCCESS,986e4827-0d94-45c9-bb1e-27d9997f14d6
1733,1733,2026-09-16 01:27:04.618779,CARD,6170.05,SUCCESS,ec469e83-44b7-454b-b51c-6ebcb7c3dd6c
1734,1734,2026-07-15 17:42:49.072075,BANK_TRANSFER,1686.16,SUCCESS,19aa5d3f-e991-4230-8f03-842ef97b9c71
1735,1735,2026-09-23 02:33:01.257964,PAYPAL,5547.82,SUCCESS,1bd5f014-3de1-4ef6-b77d-a5d025f78b6f
1736,1736,2026-09-21 13:17:28.970257,BANK_TRANSFER,5200.79,FAILED,2f3157fa-75ca-45dc-808c-62fc1d1817f6
1737,1737,2026-07-14 17:17:45.042818,PAYPAL,1478.06,SUCCESS,10da782b-e954-4e99-8f8c-99466560624f
1738,1738,2025-08-11 00:02:15.082582,PAYPAL,84.78,FAILED,6bcd7ba3-5408-4506-9dc4-c146f5c2aa4a
1739,1739,2026-08-17 07:42:04.302776,BANK_TRANSFER,1246.13,FAILED,02f35565-e0f9-4b39-8343-77e6c9b7b6e0
1740,1740,2026-03-27 10:56:21.508930,PAYPAL,7846.06,SUCCESS,eb1cad69-2039-4286-8411-b5a6858e59fb
1741,1741,2026-04-12 21:57:27.686091,BANK_TRANSFER,7573.48,SUCCESS,547833ab-fa98-40fe-b7a9-56913907bb02
1742,1742,2026-05-24 02:02:16.360445,CARD,7206.69,PENDING,72c8b629-45dc-4a48-bca9-864afc2c64e0
1743,1743,2026-10-09 02:59:45.102859,BANK_TRANSFER,9415.48,FAILED,89e88154-9340-4e4b-a86d-17da29e0a292
1744,1744,2026-09-20 03:12:07.782910,BANK_TRANSFER,1789.2,SUCCESS,c2fc1353-f67b-4794-8b3f-5768d58539af
1745,1745,2026-02-27 22:59:36.550743,CARD,1505.35,SUCCESS,af344e9d-6ad1-4f02-9dd0-1cdb52b2e02a
1746,1746,2025-12-20 13:20:49.691097,BANK_TRANSFER,9971.94,PENDING,7a06cd74-c99a-408f-bb36-7176b18bcf04
1747,1747,2026-08-16 04:48:32.394152,BANK_TRANSFER,9360.13,FAILED,3fcb545c-5a58-4ba4-bba1-d51b151979a1
1748,1748,2026-09-20 01:05:37.101627,CARD,7430.19,SUCCESS,2a89bad4-2b37-4e07-8a26-1add0516cbbc
1749,1749,2026-07-10 08:46:43.580199,PAYPAL,3204.08,SUCCESS,4d1b1b51-bde3-44b1-a9dc-d31ee9ababc8
1750,1750,2026-02-18 21:27:23.229681,BANK_TRANSFER,4282.76,SUCCESS,530ef98a-6716-4d37-bc7c-b085c784f38b
1751,1751,2025-02-15 07:47:59.430636,PAYPAL,9406.35,SUCCESS,9ae8be7a-24ac-4060-b3ea-336cb83e7321
1752,1752,2026-09-05 09:17:18.578047,CARD,7827.42,FAILED,f8acffb4-b403-43c4-89b6-258c931c387a
1753,1753,2026-07-12 09:20:21.821554,CARD,8926.22,FAILED,740a5464-d7a9-4992-8cf5-09eb6eacc868
1754,1754,2026-05-12 20:50:29.559908,PAYPAL,2300.66,PENDING,4fcfc66c-a519-4e6f-9738-d6eddd5ab402
1755,1755,2026-09-29 02:29:19.155931,PAYPAL,4549.27,SUCCESS,3fd9f587-7d27-4dc0-80d4-36f6739cb832
1756,1756,2026-08-05 07:58:45.734359,BANK_TRANSFER,844.82,SUCCESS,4282c052-516e-4ddc-932b-bb65b4a6747e
1757,1757,2026-08-05 07:20:24.820045,CARD,4009.77,FAILED,48bd6976-ebcb-4289-b6e2-d3440d7079bd
1758,1758,2025-08-18 19:15:22.007695,BANK_TRANSFER,7769.4,SUCCESS,9e86b8f8-668a-4942-9ffc-21233fa33888
1759,1759,2026-06-01 17:00:24.821438,BANK_TRANSFER,13416.23,FAILED,bffb163b-b490-48bd-b95f-d28824c382be
1760,1760,2025-04-27 01:12:30.077799,CARD,8325.22,SUCCESS,5d1a71a6-f34b-4820-b160-3b596ed06ef9
1761,1761,2026-09-05 22:26:28.937955,BANK_TRANSFER,4114.32,PENDING,39819a9d-9226-4970-b232-e8714484051d
1762,1762,2026-10-07 06:58:49.719026,PAYPAL,10673.13,PENDING,af14b802-3b2f-4527-b4b9-a6d84e47671d
1763,1763,2026-05-24 04:55:34.829554,BANK_TRANSFER,5913.72,FAILED,51c8709f-46f5-4bca-84eb-e955966539d0
1764,1764,2026-08-30 15:40:53.323771,PAYPAL,3393.33,FAILED,9707e14c-abff-4892-8722-acc4bd457fdb
1765,1765,2026-07-26 02:29:56.208589,CARD,364.93,FAILED,58c53d09-b05b-4220-bdc8-9a97ca8b116c
1766,1766,2026-08-08 22:52:25.702904,PAYPAL,6663.16,SUCCESS,38f14f3d-b1a4-4be9-8ed4-e35b7803ec73
1767,1767,2025-09-25 21:31:19.023042,PAYPAL,15791.67,PENDING,cc5322e3-d3c5-445d-bf84-ca5232b88480
1768,1768,2026-08-05 03:43:30.366586,BANK_TRANSFER,7136.52,PENDING,3f0bc49b-38a8-4aaa-a455-f625193e5f90
1769,1769,2025-08-19 12:29:14.492555,CARD,6453.82,SUCCESS,572398eb-46f8-4203-bb81-6a017b3d2792
1770,1770,2025-07-04 19:47:07.404145,PAYPAL,7336.7,PENDING,354c087f-ade0-4a8c-9698-06a3e5ece8fb
1771,1771,2026-09-16 11:59:15.942394,BANK_TRANSFER,5319.66,SUCCESS,4f6afb49-6c50-420b-bae1-7621fc5ac906
1772,1772,2026-01-24 23:23:36.964853,CARD,4686.84,PENDING,c2165055-4b09-4df3-a70c-03022dc028f3
1773,1773,2026-03-30 11:24:40.534208,CARD,6442.8,FAILED,91ef3fa5-a22f-4ed1-858a-1ecf40e54037
1774,1774,2026-01-23 21:24:46.705926,PAYPAL,4324.01,SUCCESS,75692fd5-d1a5-43c4-b6ee-ac6130dd57bd
1775,1775,2025-11-30 21:34:12.631912,BANK_TRANSFER,3692.53,PENDING,0b797acf-58ca-4e2a-baeb-35623de1dade
1776,1776,2026-01-28 04:52:50.780091,CARD,5642.25,SUCCESS,2021a70d-0c56-4028-a656-bec212976a45
1777,1777,2025-12-18 08:36:19.640901,PAYPAL,3229.79,SUCCESS,d1a0635e-1888-4fc2-939f-916e21cf4640
1778,1778,2025-08-12 17:37:21.752459,CARD,11802.17,SUCCESS,f27c592d-5d9a-4b90-96fb-74d5b56d7ac7
1779,1779,2025-10-30 17:18:36.850525,CARD,8116.18,SUCCESS,0ddc0d6e-7fa7-407d-9bf4-7ef788c949cb
1780,1780,2026-09-24 17:01:36.035582,CARD,5642.4,PENDING,a2511820-444b-4ea4-b763-42bcf4bdde6b
1781,1781,2026-10-13 18:55:30.728838,PAYPAL,10206.19,FAILED,26fdf58f-26e1-4756-85fc-6aff0d65519e
1782,1782,2026-08-27 14:11:05.790473,BANK_TRANSFER,8700.34,PENDING,4c95575d-acd3-47e7-afe4-4754d15ca103
1783,1783,2026-10-12 23:33:00.531457,PAYPAL,8018.48,PENDING,14256fbe-123a-4587-8e38-6be364ad5c24
1784,1784,2026-06-24 05:53:40.084548,CARD,4598.82,PENDING,5f4c8833-d021-41ac-9f0f-dbea2801461d
1785,1785,2026-08-05 22:11:59.766332,PAYPAL,11314.92,SUCCESS,82bcb1ee-3b89-48ca-921c-242821b044fc
1786,1786,2026-09-09 21:16:40.335956,CARD,8707.45,FAILED,c54c409e-7c7f-44c5-b0fe-4ca8091ca4c7
1787,1787,2026-06-02 11:30:04.072149,BANK_TRANSFER,5367.46,SUCCESS,3fdd0452-d82f-4ff4-9754-7fcd961d2aae
1788,1788,2026-06-23 08:46:59.903169,CARD,1845.78,FAILED,5862ea56-e2cc-4c67-b945-8ce6bb962969
1789,1789,2026-09-26 02:25:57.816718,CARD,5412.78,SUCCESS,39248a1a-be30-4bfe-b72a-ccc6596b7f24
1790,1790,2026-07-17 10:27:28.892282,PAYPAL,3246.42,FAILED,41017319-f603-4719-9c7a-3fb54f601dfd
1791,1791,2026-09-23 18:09:43.320076,PAYPAL,2889.44,SUCCESS,b683ee69-9dd1-40f6-9181-7582f95f0b2f
1792,1792,2026-08-17 20:19:11.822402,CARD,5392.98,FAILED,7f494f83-b127-46fd-954b-631f1c2de327
1793,1793,2026-07-14 10:27:56.822825,CARD,3424.62,FAILED,f30b79dc-7f05-4f98-9ba2-1b8c50662b04
1794,1794,2026-05-14 11:03:31.590862,PAYPAL,7402.61,PENDING,cc2bb3da-6ea7-451c-a46f-dc80ee8bc68b
1795,1795,2026-10-01 00:37:21.917102,BANK_TRANSFER,249.06,PENDING,a64bddd8-a1bd-41ac-83d2-863ef5736bb8
1796,1796,2026-05-19 04:49:23.696762,CARD,4012.6,SUCCESS,047790cc-3efb-496d-a8da-3509471531d4
1797,1797,2026-09-26 15:29:37.056697,CARD,5642.25,FAILED,6917a9fb-beb7-4b53-9ecd-97f56e3ab4ad
1798,1798,2025-04-10 08:53:07.554841,PAYPAL,9722.24,SUCCESS,ab6be073-abdd-48c5-930e-1283da2187c8
1799,1799,2026-07-27 02:47:05.521779,CARD,256.83,PENDING,f2cfea1d-e44b-447c-9d5b-ec72a839e062
1800,1800,2026-04-14 09:27:03.782860,BANK_TRANSFER,1063.31,SUCCESS,025ebdbb-21a4-4525-90e1-9f953cc94bec
1801,1801,2026-09-19 20:45:58.640725,CARD,4945.02,SUCCESS,f08633fd-6f91-4bb3-b54c-b07d0032d8f6
1802,1802,2025-04-19 17:38:06.133079,CARD,6160.37,FAILED,0e031c36-2762-4cda-8a06-819d0aa212d9
1803,1803,2026-09-17 16:03:10.807017,CARD,6021.86,SUCCESS,803fe303-62aa-416f-a8d6-fd038ff7f0ad
1804,1804,2026-09-22 22:00:46.971623,PAYPAL,95.7,SUCCESS,987c48d7-6b86-4231-a6f2-0f6aaaeac217
1805,1805,2026-05-16 17:00:59.984422,BANK_TRANSFER,9252.58,SUCCESS,3099d7f6-4e5a-4b0e-93cc-fa78e094675d
1806,1806,2026-04-26 01:36:12.895287,CARD,705.24,PENDING,0623778d-6c26-48ac-b6df-ca85b156c74e
1807,1807,2026-09-30 14:55:36.529495,CARD,3335.82,SUCCESS,c3f54f4f-bec2-4f04-8ac2-aa3d8153e500
1808,1808,2026-09-14 02:08:31.139211,PAYPAL,8815.33,FAILED,ea9d2a40-1422-49d6-8b4c-30c01bfb5dbf
1809,1809,2026-06-24 21:00:03.590668,CARD,8488.71,PENDING,189688fe-bb94-477a-aae7-b0b1c11a7ae5
1810,1810,2026-10-07 03:07:41.995042,CARD,4376.34,SUCCESS,2617b8ea-9992-4403-b76f-c21dbb90e31c
1811,1811,2026-08-29 20:38:27.370806,BANK_TRANSFER,3441.49,PENDING,8ea91fc9-8036-43d8-8642-07018371151c
1812,1812,2025-07-21 00:05:04.206522,BANK_TRANSFER,2915.38,SUCCESS,47f2bc0d-09cb-4a81-b506-14d298099f12
1813,1813,2026-06-09 20:54:12.939451,CARD,7239.56,SUCCESS,1d552067-a80c-4095-a407-7b44e55531d8
1814,1814,2025-12-19 21:20:43.977636,CARD,6118.17,FAILED,1d275978-85e3-41a2-8e0b-79913e3a0808
1815,1815,2026-04-27 21:39:14.689840,BANK_TRANSFER,5673.36,FAILED,8920cd4d-b52d-4d21-b91f-308c821d138f
1816,1816,2026-04-29 23:20:35.422246,CARD,6005.71,SUCCESS,af5f8913-d13a-462d-8706-741a16ae2932
1817,1817,2025-11-20 00:48:49.133538,BANK_TRANSFER,6620.65,SUCCESS,0bb6014a-988b-434c-ae53-a2ef6ba388ae
1818,1818,2026-10-13 22:33:12.630035,CARD,10306.14,SUCCESS,9759ac2c-a92c-43ec-8901-db16a0b1a2d9
1819,1819,2026-01-22 04:36:30.303671,BANK_TRANSFER,9753.31,SUCCESS,8e8abaa4-c23d-4381-a677-6c0cfe465a13
1820,1820,2026-02-11 07:42:39.767677,PAYPAL,7439.81,SUCCESS,2d14b4e2-7a87-407c-a154-5cec290a3795
1821,1821,2026-02-09 00:41:42.286904,BANK_TRANSFER,1949.22,FAILED,27f5042b-f301-4fca-baaa-b71203147f77
1822,1822,2026-04-12 16:54:21.484761,CARD,209.68,SUCCESS,b9583979-0074-4f3f-92f9-a8de28167a6f
1823,1823,2026-03-31 13:39:42.482168,CARD,515.57,SUCCESS,ab3426b9-ac58-45d2-9cbd-0fb28dd15aeb
1824,1824,2026-09-20 14:57:21.623049,BANK_TRANSFER,5359.56,PENDING,a1dcaf26-2782-4e78-b28a-ae314a568c93
1825,1825,2025-05-27 19:23:31.557094,PAYPAL,2849.85,FAILED,486032b2-6b83-4aae-9a09-550f35f591b7
1826,1826,2026-06-03 21:52:34.742696,PAYPAL,12358.34,PENDING,b9743fb4-ba26-4dde-b928-9fd084092d5c
1827,1827,2026-09-23 07:11:29.432670,PAYPAL,10329.08,FAILED,38d16511-8891-4fbf-b59d-079f075e03ed
1828,1828,2026-06-05 15:56:42.659547,CARD,13852.42,SUCCESS,f3c9ee87-7185-45d1-9a89-7dbd667cd512
1829,1829,2026-08-25 12:12:38.251097,PAYPAL,8411.57,SUCCESS,a0f9bfd0-9580-41aa-9931-ba4cc29ec3a9
1830,1830,2026-10-14 03:21:18.831382,BANK_TRANSFER,6228.16,FAILED,415b8dad-a43c-4d7b-9a6d-f3445f08d24c
1831,1831,2025-10-01 04:11:35.703796,PAYPAL,10770.1,FAILED,3454d6fa-8c72-4b40-9b89-5f0148b7de64
1832,1832,2026-08-24 06:51:12.111967,BANK_TRANSFER,10908.38,FAILED,63350ca2-429d-4602-9455-9383e4465eb1
1833,1833,2026-01-24 04:18:56.349528,PAYPAL,1186.41,SUCCESS,6f4dd75a-f19e-44ab-890a-a3c69075e069
1834,1834,2026-01-16 15:38:02.382454,CARD,9893.47,FAILED,730e8658-6af8-41a0-b924-cc7b83ddbc2c
1835,1835,2026-01-10 05:58:15.857666,BANK_TRANSFER,1944.9,PENDING,c34ae3df-566e-4d36-8fa9-ef09de4f495b
1836,1836,2026-07-08 02:21:01.578061,PAYPAL,8280.34,FAILED,4de80b73-6ccb-4b85-9581-184d19d99470
1837,1837,2026-08-24 12:55:32.603017,CARD,2685.12,FAILED,9b8cfe0e-ab38-4a29-99e1-50a50ba18cf1
1838,1838,2026-07-02 19:13:45.317327,CARD,10842.27,PENDING,ff35a7c0-350c-4885-a6f4-a892d22ed018
1839,1839,2026-01-13 16:21:17.568397,CARD,1841.74,PENDING,80f7c5f0-16e3-4c1d-8020-6118ed16bee5
1840,1840,2025-12-04 20:03:27.902592,BANK_TRANSFER,1710.64,FAILED,35a262f7-705b-4572-a7e3-e464a03587be
1841,1841,2026-06-13 23:12:03.767459,CARD,4290.53,FAILED,08498f04-b842-431b-8429-73a92584470c
1842,1842,2026-02-02 01:19:10.001797,PAYPAL,3650.15,PENDING,589a15bd-f619-42af-95bb-a4bc877d51d2
1843,1843,2026-06-17 15:02:47.358188,BANK_TRANSFER,6169.46,FAILED,3d7f7a91-36c3-4d85-8a7f-7244c227ed50
1844,1844,2026-06-17 11:06:41.983217,BANK_TRANSFER,419.36,SUCCESS,cb6b078b-7b6b-4fc1-ba10-b865b418f5ac
1845,1845,2025-09-09 06:44:27.049242,PAYPAL,6879.2,PENDING,60e73853-1973-42bd-b337-521cad5052a4
1846,1846,2026-07-27 10:46:47.640870,BANK_TRANSFER,3772.08,PENDING,9786eef2-1bb7-4787-bb24-df018ea54843
1847,1847,2026-06-21 16:10:29.851888,BANK_TRANSFER,8448.16,PENDING,5f056ef9-1b94-4560-aa6a-3a88d6f34114
1848,1848,2025-09-16 15:54:03.589303,PAYPAL,13012.14,SUCCESS,033ac08a-2758-404f-ac5d-3cf57b012a15
1849,1849,2026-09-28 07:40:24.689613,BANK_TRANSFER,5708.49,FAILED,0ebd5e22-aa2f-4040-833b-244024c17bb6
1850,1850,2025-11-03 20:22:14.996227,CARD,13609.3,FAILED,4a422ebd-d16c-4d10-b48e-dce45ffca038
1851,1851,2025-10-16 14:18:46.151124,PAYPAL,10850.97,SUCCESS,ff2d79ad-0ecc-459f-a87e-c29006161fb0
1852,1852,2026-02-06 23:59:47.323909,PAYPAL,10514.99,PENDING,81dd27f3-0806-498b-be17-e8f39700abb0
1853,1853,2026-10-10 07:10:19.108906,CARD,9411.73,FAILED,90471f74-aa72-4452-8956-9f9bb84cc165
1854,1854,2026-06-08 18:17:16.157701,PAYPAL,6278.61,FAILED,916a50b7-3572-497c-97ca-54218cf198e3
1855,1855,2026-08-09 12:08:35.106317,PAYPAL,10204.73,PENDING,3ca5948f-754f-47dd-a18f-996866c62fc8
1856,1856,2026-07-22 11:49:28.009800,CARD,8064.83,FAILED,60a444b8-4f52-4f21-a296-37607a728c7a
1857,1857,2026-01-09 11:25:57.269860,PAYPAL,3251.96,FAILED,cc5f9dc1-33c3-4d8c-8360-64a336ed1588
1858,1858,2026-08-25 22:59:28.576494,CARD,7978.08,FAILED,38422031-86b1-444d-bfac-cfab48379aac
1859,1859,2026-06-06 00:21:31.130451,CARD,5795.14,PENDING,948c1f80-07a8-480d-870a-0bcc0f37649d
1860,1860,2026-06-25 04:50:28.111777,BANK_TRANSFER,4483.26,SUCCESS,9d766868-284a-4c8d-9018-56273930d972
1861,1861,2026-07-03 17:32:50.096134,BANK_TRANSFER,2554.04,FAILED,048bed80-fc64-4a81-b9dc-cd07efd4a45f
1862,1862,2026-07-19 10:08:05.357466,PAYPAL,12828.99,FAILED,1b3a2f89-4729-4d77-b6c0-2711f941aaad
1863,1863,2025-11-14 14:23:09.462742,CARD,8681.43,FAILED,a4d14188-f636-4085-90ff-2afd91718c7e
1864,1864,2026-08-22 11:56:39.212684,PAYPAL,100.26,FAILED,c12d2090-69ce-45a3-857f-0cf1fd88dd38
1865,1865,2025-10-02 22:10:42.563247,CARD,6957.58,SUCCESS,b174b4a5-7f1c-43dc-9e83-b5ce83116d02
1866,1866,2026-06-12 15:00:12.696030,PAYPAL,4810.53,PENDING,cc670a1f-9b0a-4c94-8599-3420198aed06
1867,1867,2026-06-29 08:33:41.156078,BANK_TRANSFER,9276.99,FAILED,73cca92d-27bb-407f-963a-14f625308df2
1868,1868,2026-07-17 11:44:09.625721,CARD,87.18,FAILED,0111c814-0e41-4d6d-a77a-fddca1c00760
1869,1869,2026-08-15 02:34:55.977543,PAYPAL,9228.06,FAILED,3975ddc5-2130-4a3f-8990-18a33ff3a8e4
1870,1870,2026-09-17 11:41:52.770222,PAYPAL,3464.26,FAILED,61da969f-5f4d-437c-89f8-d2524976dd3c
1871,1871,2026-08-09 00:03:52.506830,BANK_TRANSFER,8067.17,FAILED,f9c084d4-d916-4abe-9a65-c703739c937a
1872,1872,2026-10-12 09:55:57.453988,BANK_TRANSFER,5065.95,SUCCESS,a8c7916a-142d-4e7c-9c03-53172f384264
1873,1873,2025-10-15 20:12:50.460558,PAYPAL,3617.09,SUCCESS,d3790bc3-0b21-4f94-bc90-6e5e905942c5
1874,1874,2025-10-13 04:07:05.697941,BANK_TRANSFER,6571.28,PENDING,a1085513-d9d0-40a2-843e-c442ec4b8bb4
1875,1875,2026-01-08 06:49:44.293640,BANK_TRANSFER,8092.65,PENDING,e880d4cf-e1ef-401f-81c0-5491dcafc9fa
1876,1876,2025-05-13 16:00:14.688097,BANK_TRANSFER,124.53,FAILED,6e6d605a-670d-40ef-a9ae-6c7511c77537
1877,1877,2025-11-18 22:10:18.262823,CARD,2423.72,PENDING,d98c8a46-1d60-4fb3-8d10-d54c8ad1e07b
1878,1878,2025-10-06 18:41:46.768395,BANK_TRANSFER,12324.9,PENDING,86f6de0b-7ce0-4d69-a088-f3d09440dce1
1879,1879,2026-04-12 09:48:13.974036,PAYPAL,18650.15,PENDING,a287dd10-7c64-4f0e-8681-54a7c5757f5b
1880,1880,2026-03-16 13:03:32.301911,CARD,11384.97,SUCCESS,ccb6588f-61b1-4d35-8e8f-4854956d92e2
1881,1881,2026-08-16 11:16:44.935271,PAYPAL,3007.43,SUCCESS,79402a7e-23fa-4b2b-938d-f8261538c711
1882,1882,2026-02-08 20:47:59.174142,BANK_TRANSFER,9850.86,FAILED,cf70b5e7-8d39-4846-9441-b7f052ad723f
1883,1883,2026-08-24 09:55:22.209229,PAYPAL,8548.86,PENDING,4d8ce279-4d80-450f-8827-3422db974cb1
1884,1884,2026-07-23 09:33:17.403100,CARD,10579.16,FAILED,fa21fb69-cc9b-4d6f-a8fa-6446250e2e39
1885,1885,2026-04-17 20:38:24.009961,CARD,8973.52,FAILED,896496a9-4045-4b31-a630-59b78e298b11
1886,1886,2026-06-04 05:47:04.515396,PAYPAL,2201.14,SUCCESS,120c108e-b964-4021-b0ff-1f0f649431d1
1887,1887,2026-08-17 21:29:27.820406,CARD,7779.96,PENDING,13a9c831-7647-4dce-bc15-a84376242c71
1888,1888,2025-12-15 05:24:29.950608,PAYPAL,5974.83,PENDING,12dc4248-f169-42ce-b9f2-f9ac0aa32d3b
1889,1889,2026-10-10 20:14:04.247998,BANK_TRANSFER,1747.3,FAILED,887393d3-e9d4-41ba-9c20-e230df19cede
1890,1890,2025-03-22 23:38:08.919276,CARD,14423.37,PENDING,61722d0c-add5-401e-a158-a7f8270a3676
1891,1891,2026-03-19 10:27:15.533752,BANK_TRANSFER,3730.66,PENDING,437956f8-eb8a-4d15-9f2d-3573cfea9738
1892,1892,2026-07-21 20:41:10.346056,CARD,124.53,FAILED,ab66b8e7-3fa0-44a2-8321-bb829ab246ad
1893,1893,2026-01-30 11:07:14.528673,PAYPAL,797.64,SUCCESS,06461bf3-15d4-4d73-a21b-acb101a380e5
1894,1894,2025-10-07 09:45:04.696836,BANK_TRANSFER,504.96,FAILED,17af0e28-c9b7-4e59-8852-aaa4ee4100c0
1895,1895,2026-08-31 21:26:29.023766,PAYPAL,173.24,PENDING,1fc7aa60-be8e-40d1-9553-f769915f5514
1896,1896,2026-07-21 07:42:11.125894,PAYPAL,7786.37,PENDING,ccb23d6e-cde2-4131-9485-709ad0887e04
1897,1897,2026-05-15 08:39:01.363356,BANK_TRANSFER,2671.98,FAILED,f2b10b8d-d8d4-4b99-90b9-5cecbbcfae06
1898,1898,2026-09-13 22:53:25.261249,CARD,12908.8,PENDING,249c9a6e-9968-484e-ad31-d280a8641b7c
1899,1899,2026-10-02 15:40:44.882556,BANK_TRANSFER,3513.17,SUCCESS,8f69321e-68c1-497e-bc77-bbedb9ed8eee
1900,1900,2026-03-15 01:21:14.871717,PAYPAL,9475.38,SUCCESS,103a5cbe-4a1a-4220-b61f-83dac6ed940c
1901,1901,2026-09-30 12:13:05.529903,PAYPAL,3361.62,PENDING,47e94dea-1418-4cac-8307-877f386f0c33
1902,1902,2026-03-24 01:30:34.049132,BANK_TRANSFER,11390.2,SUCCESS,1a8873ec-8402-4ccf-91db-d376c17036d2
1903,1903,2025-12-27 19:02:56.394956,PAYPAL,1454.99,PENDING,8ff704ce-dada-4c99-bfda-04dadb9d101b
1904,1904,2026-09-20 07:46:23.352024,PAYPAL,3243.94,PENDING,fbb7ce92-f2e3-4228-827c-30264fe28a28
1905,1905,2025-11-25 10:49:04.093085,BANK_TRANSFER,6702.26,SUCCESS,3b40b13e-b430-4a3c-b289-4d9115ff1b10
1906,1906,2025-06-07 08:50:01.125546,BANK_TRANSFER,3360.15,PENDING,dfb63993-71e7-4672-9da7-f6dca2dcc03b
1907,1907,2026-09-14 02:07:04.789032,BANK_TRANSFER,11484.09,PENDING,734fc539-4fd3-40ea-8f49-a94a0091e9b1
1908,1908,2026-04-01 05:55:29.734668,CARD,8350.4,FAILED,9290f966-0059-4cd2-aa00-86475c74e1da
1909,1909,2026-09-23 04:41:19.130471,CARD,6591.08,FAILED,ffd3b087-ce82-40ec-8c3a-6af0cad9bca9
1910,1910,2026-09-07 12:53:14.387130,CARD,11261.91,PENDING,a91be945-4bc0-46a0-999f-558274073b46
1911,1911,2026-08-08 19:53:24.819772,BANK_TRANSFER,8051.41,SUCCESS,11b7adc0-3672-4491-86cd-19b575720920
1912,1912,2026-05-08 12:51:39.257145,CARD,3390.72,FAILED,cea74981-cf2f-4f29-833e-bdf61ac4de35
1913,1913,2025-08-30 07:53:18.239457,BANK_TRANSFER,423.36,PENDING,50905784-4592-496f-a3c5-0cd3e9119ba1
1914,1914,2026-05-16 09:29:09.987384,CARD,5999.57,PENDING,752d7125-2708-463d-83ba-e478f24509a5
1915,1915,2025-10-09 15:21:55.213241,PAYPAL,4333.42,SUCCESS,44cfa196-9982-4cb4-b8ee-fa7afa0a1acb
1916,1916,2026-09-07 03:54:54.199710,CARD,13129.05,SUCCESS,06fe88d3-4489-442c-b9c3-cc98747a7bac
1917,1917,2026-02-14 08:46:11.106012,CARD,1756.32,FAILED,7321bdcb-eff6-441c-be3d-9753db9c26cb
1918,1918,2025-10-26 20:10:28.727720,CARD,2336.37,FAILED,9d0a32c7-94a3-4dd2-a09c-79939e44c5af
1919,1919,2026-10-07 02:35:02.553702,CARD,5982.12,FAILED,9ab158f3-00f3-42d0-b324-9fa986779fb4
1920,1920,2026-09-16 23:31:38.513942,CARD,4774.02,FAILED,b540baba-1b46-4088-9bc3-f1403f36f300
1921,1921,2025-09-01 00:58:40.770146,BANK_TRANSFER,9713.37,SUCCESS,9d682957-ffb6-46e4-b83c-5357bf6f6cc4
1922,1922,2026-05-24 03:13:20.235473,CARD,8105.73,SUCCESS,678ea787-a14c-4086-90d9-9a252f9209fe
1923,1923,2026-09-22 03:37:48.694135,PAYPAL,4637.3,PENDING,62a39105-d55d-49ed-811a-436112207f72
1924,1924,2026-03-21 11:23:00.197663,BANK_TRANSFER,8167.95,FAILED,cf1ede3f-c252-47c3-ad37-72522af6e2d8
1925,1925,2026-08-19 01:23:32.190595,PAYPAL,4880.0,PENDING,b3ec3680-10bb-4ed7-b0b7-b5773bd6916f
1926,1926,2026-05-16 21:52:41.954172,BANK_TRANSFER,1703.47,SUCCESS,eceaec62-7d29-4be2-9901-bfc50ba42309
1927,1927,2026-09-21 03:06:38.628484,BANK_TRANSFER,15880.9,SUCCESS,d625e7cd-af79-4462-966c-3d7f3dcebe0c
1928,1928,2025-07-10 04:01:25.170240,PAYPAL,13043.9,PENDING,9a416b16-88a8-4092-bf17-662b06d9e391
1929,1929,2026-06-22 07:03:45.659335,PAYPAL,11965.47,PENDING,c96c14c6-6831-44ff-8b9a-44b65510c77a
1930,1930,2025-05-23 06:23:57.815724,CARD,1702.7,SUCCESS,099671b7-656b-4e99-b9d1-ec1c527666d3
1931,1931,2026-04-26 02:48:19.332467,CARD,2176.77,SUCCESS,47e8fc2a-0fba-4017-8575-1e1f49e30733
1932,1932,2025-11-21 16:00:16.209960,PAYPAL,4615.2,FAILED,76c0c89e-6666-4620-8563-c5b4f3596c29
1933,1933,2026-03-28 07:00:27.374236,CARD,4630.02,PENDING,c65fad0a-60ea-47dc-8fb9-eb30e076e169
1934,1934,2026-09-02 16:14:37.371116,PAYPAL,3704.88,FAILED,9747f9e1-84d1-4d4b-90f9-994d95790a83
1935,1935,2026-02-22 09:47:58.372936,PAYPAL,6657.82,SUCCESS,77a0c83f-11c0-4766-844a-ad904098699c
1936,1936,2025-10-14 05:33:19.411263,PAYPAL,9860.17,PENDING,cee13087-67c0-4c07-bf17-c3c3a64e3e94
1937,1937,2026-08-16 07:24:45.290100,PAYPAL,2565.11,SUCCESS,e45c500e-ebdd-4d37-8db5-ed45fcfc7f44
1938,1938,2026-04-03 01:46:47.126642,BANK_TRANSFER,874.72,PENDING,12628861-c0e4-444d-8101-78e977f1ee38
1939,1939,2025-12-06 02:09:39.572040,BANK_TRANSFER,8207.43,SUCCESS,dc934c4f-c3e5-442f-b4ac-6197f31e8081
1940,1940,2026-01-11 23:26:26.271745,PAYPAL,8488.54,PENDING,e84ed94e-92f9-48fd-902d-c9167b002e16
1941,1941,2026-09-23 15:44:27.112384,PAYPAL,12504.53,FAILED,d0dd1259-33b5-4ba1-8f17-0059328054eb
1942,1942,2026-10-10 10:53:52.696395,PAYPAL,6618.34,SUCCESS,1a6f78bd-871e-4cfe-b1b3-e4d6097703b3
1943,1943,2026-05-08 16:12:10.426952,CARD,8593.54,PENDING,1b4b41ec-713d-454e-92ea-1618e28d3518
1944,1944,2026-08-31 15:42:48.559896,CARD,11988.26,FAILED,0d548373-d507-4c79-ac51-dcadc24697a3
1945,1945,2026-10-10 10:39:17.483167,CARD,3226.51,PENDING,2b939dd7-060c-4b62-9db7-e77f472d1ac2
1946,1946,2026-08-29 06:25:22.117107,BANK_TRANSFER,3169.02,PENDING,160cae64-4b31-4a03-895f-8947449ee4c0
1947,1947,2026-09-27 17:31:16.114255,BANK_TRANSFER,6423.51,FAILED,d965b593-558d-4177-9b4e-e0c5cf663bc3
1948,1948,2026-07-25 00:13:20.094213,CARD,2859.8,SUCCESS,3b7c1560-3a3a-4365-8781-41fd729f0472
1949,1949,2025-10-04 09:58:42.990203,PAYPAL,6428.74,PENDING,a9e128a6-4d93-4735-84dc-0f43a9777c3a
1950,1950,2026-08-13 11:28:58.390935,PAYPAL,5848.05,PENDING,ecf5497e-b38a-4783-bc24-2bde683b729a
1951,1951,2025-12-24 21:41:49.806758,BANK_TRANSFER,4473.38,SUCCESS,914ac113-3a93-48d1-a969-02d3f0abe9c8
1952,1952,2026-10-13 15:59:53.619992,BANK_TRANSFER,11412.3,SUCCESS,06c99a0a-ae01-46cc-86b2-16df7ae4395e
1953,1953,2026-09-17 20:49:33.700564,CARD,2090.78,PENDING,3e69e129-5c35-4d67-bbf0-7cc4ba15a44a
1954,1954,2026-09-18 21:51:18.873083,PAYPAL,2310.52,PENDING,0e2ec67c-c1d3-4b07-afd2-27d6e05dfbdc
1955,1955,2026-06-11 03:29:07.414129,PAYPAL,5510.8,PENDING,95674542-95ee-4ecb-8c06-0bbfb1d9f12d
1956,1956,2026-09-17 06:42:43.196140,PAYPAL,2957.6,PENDING,591574b4-fadd-49f0-a77a-dc61a062cf97
1957,1957,2025-10-19 07:41:16.068150,PAYPAL,9563.1,SUCCESS,f50dffc0-1c96-48c1-b7b6-ccaf62cb71fc
1958,1958,2026-07-27 00:51:25.332583,BANK_TRANSFER,7338.45,FAILED,74d42426-d4db-44a3-a5c8-c0727a457841
1959,1959,2026-01-29 15:52:51.569558,PAYPAL,5296.95,PENDING,f626c43a-3769-4784-b455-8592fe943ff1
1960,1960,2026-05-04 22:08:09.323163,CARD,2861.75,FAILED,b1c8d325-6d75-4a78-836a-d3354dae2693
1961,1961,2026-09-23 00:13:11.945298,BANK_TRANSFER,2943.4,PENDING,b7b85d66-7ecc-41bc-81ae-5c2645e65ca3
1962,1962,2026-09-10 14:14:14.021513,CARD,3991.19,SUCCESS,caf39eb8-3232-4b6d-ab12-5723edd92249
1963,1963,2026-06-03 06:27:39.835550,PAYPAL,10086.65,SUCCESS,d8862f93-5957-4cf6-929b-5e258f667b4d
1964,1964,2026-02-10 21:40:42.016078,BANK_TRANSFER,1567.54,SUCCESS,a947f157-f841-46db-945e-aa79db9a437a
1965,1965,2025-09-29 20:35:08.161603,CARD,4551.92,SUCCESS,7aaa6336-dda2-4bfd-a747-70a19f29f7df
1966,1966,2026-04-12 06:25:39.936949,PAYPAL,10680.4,SUCCESS,a9ed947f-7407-45e4-8dac-278463554c2b
1967,1967,2026-02-06 14:38:41.773216,CARD,16152.48,FAILED,ece64222-fdb4-45e7-9407-983fb388181a
1968,1968,2026-10-02 08:43:27.906149,BANK_TRANSFER,12063.2,SUCCESS,ca810028-3364-43a6-9395-f5874602c1f6
1969,1969,2025-10-06 22:46:55.121675,CARD,10161.47,FAILED,9be4acb1-eadb-4253-bb4a-77e6c3ddff02
1970,1970,2026-01-29 14:41:32.343688,BANK_TRANSFER,5479.52,SUCCESS,018046d5-6e30-43a1-888b-7879efee0434
1971,1971,2026-05-04 00:56:53.669013,BANK_TRANSFER,13865.43,PENDING,7a49f42b-19ec-4589-a41e-13208f28b7a8
1972,1972,2026-07-28 04:50:59.170043,PAYPAL,5597.12,PENDING,9b86c124-7666-44c8-91c6-2a30d3233e73
1973,1973,2025-09-29 12:47:06.973231,BANK_TRANSFER,8366.87,SUCCESS,637a0e52-1f16-4fde-b793-c642e17e7d37
1974,1974,2026-04-29 13:25:10.875333,CARD,1505.9,SUCCESS,cfbc4cd9-b28e-40a8-a4a8-da03064579c8
1975,1975,2026-07-12 21:10:08.256785,CARD,2075.8,SUCCESS,e07d0865-ef38-43cc-b01f-54339cc35555
1976,1976,2026-09-19 23:09:22.185856,PAYPAL,3242.6,FAILED,66909ced-4d60-4385-a4a5-252643523aff
1977,1977,2025-10-02 17:33:27.895819,CARD,3199.05,FAILED,98917f7e-b1a7-4885-88fd-480e97b0056d
1978,1978,2026-08-26 23:20:39.082025,BANK_TRANSFER,13489.48,FAILED,a9a19284-4bc4-4b44-b04c-c6bb1a040d33
1979,1979,2026-10-04 11:23:40.911109,PAYPAL,5762.23,PENDING,7c6a5738-5c51-4a84-93e1-5e86a558edb3
1980,1980,2025-11-19 19:46:56.279269,CARD,11509.45,PENDING,b7a4129c-996b-45dc-bb14-2b23dfb9f1db
1981,1981,2026-06-21 06:55:10.137352,PAYPAL,5359.81,PENDING,b21382b1-79b6-4e01-a1df-bdc3a9524bf2
1982,1982,2026-09-15 06:54:44.219230,CARD,10804.85,FAILED,fc4df640-8a7f-45ab-b96b-a20a195bc096
1983,1983,2026-04-08 02:31:27.317192,CARD,5704.71,PENDING,f7024b30-954c-44f8-bf53-30fef429eb12
1984,1984,2026-07-02 16:41:32.261566,BANK_TRANSFER,7606.67,PENDING,d570b471-9ab5-401b-a04a-eb785278b2fc
1985,1985,2026-08-30 06:28:21.962518,PAYPAL,8989.4,SUCCESS,9f02e5f4-061b-4492-944a-d8e50e04c7fc
1986,1986,2026-10-12 03:10:32.249919,BANK_TRANSFER,4723.98,SUCCESS,01d084a2-0db8-470c-bc23-322e63b1b181
1987,1987,2025-08-14 23:30:47.384877,CARD,8293.79,FAILED,cbd880b8-f55b-4385-88a5-41c6148845ca
1988,1988,2026-08-08 01:33:14.152144,PAYPAL,3040.71,PENDING,0e2d90cd-bff5-470e-854d-c556aacf1558
1989,1989,2026-06-03 11:14:32.114591,CARD,3439.47,SUCCESS,6a4fab5f-12e4-4780-ac93-f0c153a2cdf5
1990,1990,2025-05-06 22:10:38.194307,CARD,5686.8,FAILED,8fd54714-3149-49e5-b5ad-231b95de12d5
1991,1991,2026-06-26 08:40:46.748697,BANK_TRANSFER,6011.96,SUCCESS,bf3a6a3a-c574-480a-b7cb-1a77409be03d
1992,1992,2026-02-15 12:19:50.895026,CARD,6638.87,FAILED,f293373b-23aa-46eb-94f7-714d83a73323
1993,1993,2025-12-19 18:32:37.433933,CARD,6307.33,FAILED,ac2e97b2-0c00-4f75-804f-1f843b2208ea
1994,1994,2026-07-03 01:11:36.218091,BANK_TRANSFER,9592.84,PENDING,c3872f7d-a7b7-40fd-a3d2-8f8f83120665
1995,1995,2025-07-10 09:19:41.255586,BANK_TRANSFER,3272.24,PENDING,f8b51be4-aa7f-47c6-8d8e-7abcda8bb7f5
1996,1996,2026-04-23 12:10:22.494404,BANK_TRANSFER,7583.88,PENDING,c3a01f7d-0d1d-4b82-9fde-ce0e92ad8dc7
1997,1997,2026-04-23 14:00:32.751379,CARD,5684.76,SUCCESS,b5798280-e9c7-4673-a3c0-8f2df33a86db
1998,1998,2026-07-24 05:21:54.346306,CARD,6542.4,FAILED,20bb37ad-7a62-41a7-a7a6-269fda4a606c
1999,1999,2025-08-28 04:20:14.996399,BANK_TRANSFER,5041.35,SUCCESS,0fb5600a-12d5-46b5-b7d2-358beea28bbb
2000,2000,2026-06-23 06:34:28.663774,CARD,9617.05,SUCCESS,7e690956-1ff7-4911-877b-4f5b432c9b31
2001,2001,2026-09-14 06:44:15.016105,BANK_TRANSFER,1335.93,PENDING,f2dd2f15-7759-42fd-baa1-3694f1a5c20b
2002,2002,2026-08-08 02:15:28.166498,PAYPAL,1316.39,FAILED,db27f241-69a6-4dc2-bdea-45bba0cd1abb
2003,2003,2026-08-16 01:52:04.835419,CARD,3793.81,FAILED,b981f6a1-5127-4037-b82c-5ff05ce08030
2004,2004,2026-05-06 00:57:13.485085,BANK_TRANSFER,838.53,SUCCESS,fce22776-205e-464b-a374-eca29b1cd046
2005,2005,2025-05-27 17:37:32.726526,BANK_TRANSFER,1679.16,SUCCESS,22ded5d0-8c04-4012-87c2-272ffdc6d159
2006,2006,2026-08-08 19:32:58.583817,BANK_TRANSFER,1162.38,PENDING,c02ac9eb-369c-4408-a921-0f59055faefc
2007,2007,2025-06-10 17:25:47.975411,CARD,12883.35,SUCCESS,d26b24e9-65cb-4c63-bbea-a781ba2c1329
2008,2008,2025-12-13 12:53:25.618267,PAYPAL,1517.01,SUCCESS,a358e201-1029-4209-a268-76b67b0ea5cd
2009,2009,2026-08-12 14:30:50.866425,CARD,2545.19,SUCCESS,d4169bcc-392d-47cc-b7c0-b19af9890d55
2010,2010,2025-12-16 06:41:08.701834,PAYPAL,7319.06,PENDING,c3bb526b-4305-48f2-a9d8-83ab308887f9
2011,2011,2025-10-02 15:09:48.309355,BANK_TRANSFER,5556.2,FAILED,3d1dcaab-9b88-4152-afb5-6ab0a0b6ef8e
2012,2012,2026-07-23 14:51:12.673506,PAYPAL,2568.3,PENDING,a02c4af1-e9be-4b38-911e-0267307445de
2013,2013,2026-09-22 17:34:30.348422,PAYPAL,8058.79,SUCCESS,76628ff6-d8fd-4875-a9f0-92d810ed1570
2014,2014,2026-03-06 11:21:04.684705,CARD,3086.68,SUCCESS,25b83368-3e6a-4edb-962b-7e3603d3cc49
2015,2015,2026-06-05 21:43:14.958905,PAYPAL,8989.3,SUCCESS,b68848ea-1156-45d0-aa9a-d6c593d0d346
2016,2016,2026-10-05 15:53:14.777190,CARD,3189.93,FAILED,fa3e2697-2dff-43ce-a899-4d623a65ceed
2017,2017,2026-02-16 00:37:06.921773,CARD,300.78,PENDING,2630fc95-889d-469c-a652-b0c1c9d42fd3
2018,2018,2026-09-10 06:03:12.173300,PAYPAL,13776.3,PENDING,ce1750ce-66fe-4c34-8e17-2f75a29397c0
2019,2019,2025-12-28 14:56:07.936290,BANK_TRANSFER,6825.83,SUCCESS,e358200f-616a-4234-acc0-03361a08f156
2020,2020,2026-08-09 09:09:43.070112,PAYPAL,5625.68,PENDING,9ae22856-4291-4441-954a-d961760a58a6
2021,2021,2026-09-30 16:08:35.826356,CARD,5969.97,SUCCESS,dc2dede7-d87d-45e7-9225-12929152da10
2022,2022,2026-03-28 19:14:18.629790,BANK_TRANSFER,8492.91,FAILED,e830fc29-2f5c-4178-9022-2a432fbe7816
2023,2023,2026-02-27 20:50:32.507629,CARD,678.48,SUCCESS,4d20ffce-4215-485e-81db-fd14c2f8e4f9
2024,2024,2026-09-29 06:42:47.932792,PAYPAL,15558.6,FAILED,3f916981-f620-4a2b-8297-43ab47469b2f
2025,2025,2026-09-15 13:46:08.526623,CARD,2881.14,PENDING,c4495462-6de0-4a39-a13a-2a59bf3aebc4
2026,2026,2026-05-20 18:47:09.946077,CARD,3187.87,FAILED,1ceb5092-81de-404a-af5c-920e8ac8f037
2027,2027,2026-08-14 11:37:14.837249,CARD,3596.41,SUCCESS,4f21d95e-130a-4dd1-9dbb-cbc3e2404e6f
2028,2028,2026-07-04 23:37:47.523589,CARD,5955.64,PENDING,6d13f398-0bdc-4cea-b885-75fd38f9e101
2029,2029,2026-03-16 09:15:24.240279,CARD,8562.03,PENDING,06470faf-850d-4003-b520-d86a9ae14459
2030,2030,2026-04-12 07:33:36.681957,BANK_TRANSFER,3675.5,FAILED,d745f3fb-15cd-4409-ba99-5fba7feb2b41
2031,2031,2026-07-07 10:35:18.033896,CARD,8217.11,SUCCESS,acc0a059-9805-429a-9904-2da3b3d5c359
2032,2032,2026-07-16 07:15:34.471878,PAYPAL,2395.52,FAILED,a3eb3fb3-c55b-4cc0-8e48-0297b1ba7e62
2033,2033,2026-09-23 10:23:38.065585,BANK_TRANSFER,19222.96,SUCCESS,c7adff65-2ab9-4c20-a386-f348b2d77a42
2034,2034,2026-03-21 03:47:23.719313,CARD,6158.82,PENDING,0d586c75-9c18-40b3-add7-9dd87a99cb22
2035,2035,2026-07-06 06:16:19.006236,BANK_TRANSFER,5639.73,PENDING,b02705d7-1914-4e3a-93be-9d515b387e32
2036,2036,2025-12-05 21:16:38.766779,CARD,5988.93,FAILED,f45c0ef6-4435-48d0-bacf-f210b696d9a5
2037,2037,2025-11-03 11:24:03.294214,CARD,4349.86,SUCCESS,1dc13d33-2b15-422c-b7cc-5cc93c41e680
2038,2038,2026-02-23 02:07:57.234074,CARD,6470.34,PENDING,65971bbc-f774-4909-b977-6607e2e6290c
2039,2039,2025-12-25 16:52:49.727565,PAYPAL,12463.21,PENDING,30b4ff64-2550-45dd-b763-a3b105c1bac4
2040,2040,2026-07-24 12:01:04.658102,PAYPAL,6442.08,FAILED,cbda94f6-8902-4a97-928c-c17a4c055b0a
2041,2041,2025-08-10 13:01:43.496553,CARD,4863.32,FAILED,a86bbcdb-583e-4b4b-91c9-1bec9f5b6c70
2042,2042,2026-08-31 06:33:34.904718,BANK_TRANSFER,5831.19,SUCCESS,77e9873b-7d5d-4d25-b38e-28cc9159a174
2043,2043,2026-10-05 22:04:03.354183,BANK_TRANSFER,15568.7,SUCCESS,eabd4666-f85d-4605-b493-51dcb8b32bad
2044,2044,2026-07-20 21:11:39.757268,PAYPAL,9474.08,FAILED,5be79eb4-d4a0-4827-9a05-5c863210925b
2045,2045,2026-10-02 05:12:25.466166,BANK_TRANSFER,8753.06,FAILED,c37df7f9-50db-4bbb-9430-c2bbda4b866e
2046,2046,2025-09-11 10:09:26.242947,PAYPAL,1502.84,FAILED,d0ed7c33-a4bc-456b-b630-095390779aec
2047,2047,2026-07-05 14:15:01.721598,PAYPAL,13450.12,FAILED,aea3faec-44f9-44a1-b391-81a3b84593aa
2048,2048,2026-03-10 03:58:19.970443,CARD,9815.82,PENDING,377139d3-ace7-4566-babf-7b49107be716
2049,2049,2026-10-06 13:55:45.839038,CARD,10322.06,SUCCESS,030890e2-74bf-4ad3-ac23-8cc1f692a870
2050,2050,2025-09-15 18:47:29.234126,BANK_TRANSFER,1019.97,SUCCESS,f617ce26-25fe-42ff-acfa-72878717be6d
2051,2051,2025-09-20 04:13:19.318929,CARD,2954.61,PENDING,dce36cb8-7688-4ea9-a726-d089f5351e2b
2052,2052,2026-07-03 11:18:18.495996,PAYPAL,5687.69,FAILED,f2b50570-5d61-4d41-a90a-407f1a791525
2053,2053,2026-01-21 21:39:08.568002,BANK_TRANSFER,9946.04,SUCCESS,348da480-290d-4be4-99a4-3ccdbaf3d8e5
2054,2054,2025-09-04 11:19:48.022799,BANK_TRANSFER,5662.2,FAILED,0aff8196-8b04-4338-83b0-9dadcbe64a16
2055,2055,2026-01-22 12:47:59.451280,CARD,8687.07,PENDING,be3ccfac-0835-45f4-bfce-807bf4cc3062
2056,2056,2026-09-17 03:07:04.355156,PAYPAL,5621.84,SUCCESS,f6c92f7c-93fa-4320-a56a-463eb30d8a03
2057,2057,2026-03-14 15:27:14.131161,CARD,7719.72,PENDING,8f01af8f-a332-4b8c-be85-9d3340b3f87f
2058,2058,2025-06-14 14:25:26.664998,CARD,6763.11,SUCCESS,e8bb9e50-f628-4c5f-b921-c69d7761e77a
2059,2059,2026-07-31 23:46:58.417954,PAYPAL,7433.89,FAILED,0a1092c7-1c52-4935-8ca3-94412bd93d32
2060,2060,2026-09-04 15:26:19.555018,CARD,10822.98,SUCCESS,8656eee4-858e-4a7e-b753-6d18aed5efa8
2061,2061,2025-06-26 05:52:48.010058,BANK_TRANSFER,11114.49,SUCCESS,3ac25464-70fe-4138-a2fd-3e962bf8c7bd
2062,2062,2026-07-28 18:46:31.838720,CARD,2671.86,FAILED,eb6e803d-c332-4ba9-9a67-81f9fb49795c
2063,2063,2025-12-29 08:42:06.171847,CARD,11853.09,FAILED,00aef0aa-2f13-4be4-a63b-88605953d9c0
2064,2064,2025-11-06 09:50:17.588875,CARD,7383.64,FAILED,72fe0ed8-9dff-4ff5-9065-cdf601af74cc
2065,2065,2026-07-10 02:27:13.298714,BANK_TRANSFER,4792.0,PENDING,8b760ba9-2342-4f4b-8b80-507d8ce7e0f2
2066,2066,2026-09-25 12:46:43.454687,PAYPAL,2978.28,PENDING,6fd5a204-11c1-4bae-ac65-1eb4d460f4be
2067,2067,2026-09-26 08:18:30.169307,CARD,2703.24,FAILED,b2bc6344-9cf2-495b-bd74-5b8c29009faa
2068,2068,2025-11-29 06:45:57.604329,CARD,3449.98,FAILED,65436a8c-a115-426c-b597-58bae3557ffe
2069,2069,2026-02-26 09:23:45.323432,BANK_TRANSFER,8317.95,FAILED,bb0caefb-bb3a-4e69-9fec-b5232831d156
2070,2070,2025-08-18 04:31:34.566309,PAYPAL,1845.78,FAILED,b5999215-af36-4286-9764-503454ff0f8d
2071,2071,2025-09-20 21:43:27.860091,CARD,8126.99,FAILED,14acf41c-e28f-4b29-9d09-e409f4fda0c0
2072,2072,2025-09-26 04:02:15.117794,CARD,635.7,PENDING,b04a6c09-4db7-4043-9e52-4f171d6511c5
2073,2073,2026-09-15 16:22:54.795606,PAYPAL,531.76,PENDING,20fa6f11-20ff-44c5-b5c2-e83d4184d045
2074,2074,2026-07-07 03:53:07.391738,PAYPAL,8088.39,SUCCESS,0c3335d6-b0a9-41d1-b53e-e9c42c445e5f
2075,2075,2026-06-16 17:01:22.583175,CARD,5834.7,SUCCESS,73a8f499-fefb-4ce1-82bf-8d3f6b186f2f
2076,2076,2025-04-29 00:32:30.759678,BANK_TRANSFER,10922.46,FAILED,274e7204-09cd-4208-927e-3dea3d99bd15
2077,2077,2026-10-07 02:29:07.980850,PAYPAL,8489.79,FAILED,b494668f-00b8-4921-bb1d-2a83876913e0
2078,2078,2026-10-05 06:53:48.907203,BANK_TRANSFER,8844.69,SUCCESS,2470c0cd-aecc-4ae1-858f-3771ab6f339f
2079,2079,2026-08-26 02:13:04.308003,BANK_TRANSFER,14281.86,FAILED,feea6e19-328e-4b96-864f-fd1fa3c6533c
2080,2080,2026-01-09 07:59:43.986044,BANK_TRANSFER,15907.91,PENDING,1d5ed0df-9306-49ad-b467-f70cce8f984b
2081,2081,2026-10-08 08:34:07.374067,BANK_TRANSFER,9069.33,PENDING,d973a25c-243c-48a2-92b8-7a83c47c31f6
2082,2082,2026-10-12 05:27:20.343132,BANK_TRANSFER,7786.12,FAILED,1ca2acb5-9b2c-4bf0-9d4d-d3c607b6fbf7
2083,2083,2026-07-23 10:08:22.942250,BANK_TRANSFER,4605.22,PENDING,1fbc5bde-389a-4591-a57a-2952b59f726f
2084,2084,2026-05-02 00:44:27.477718,PAYPAL,4060.96,FAILED,9cba354d-6d20-41ba-88d8-e631e65cb372
2085,2085,2025-12-07 15:27:48.787098,PAYPAL,9344.38,PENDING,ad125a76-ba15-459b-b8a3-8a818ee30925
2086,2086,2025-10-03 21:58:24.593779,PAYPAL,3495.8,PENDING,005e0b17-dbae-47c4-b4d2-c8b83facb825
2087,2087,2025-10-22 18:04:18.174884,BANK_TRANSFER,511.03,PENDING,10747f51-40b2-423d-a8ee-009b4748610e
2088,2088,2026-09-10 13:11:35.138855,CARD,8240.55,SUCCESS,641632b9-6f96-4190-997e-be4d63b88d2b
2089,2089,2026-07-14 22:04:05.658636,CARD,5537.82,FAILED,af8ee6b2-07d7-466f-8118-c4c776dcdfcc
2090,2090,2026-07-01 17:44:40.948546,CARD,6958.02,PENDING,54cf479f-bc00-4136-89ed-6ad34a4742f6
2091,2091,2026-08-28 17:10:48.155854,BANK_TRANSFER,4889.34,PENDING,a7e84991-ba97-4ae8-9446-4f1f198fecf0
2092,2092,2026-03-27 15:24:51.360988,BANK_TRANSFER,5594.46,FAILED,9481e18a-2488-4228-8ca0-7a68683f5c0c
2093,2093,2026-09-16 01:27:24.388018,PAYPAL,1340.49,FAILED,8406828e-2b82-4325-b17b-f67bd483c353
2094,2094,2026-07-08 17:16:22.809120,PAYPAL,9466.1,PENDING,1e77c934-188c-4b94-8bb4-2f61212d115e
2095,2095,2025-11-11 18:34:29.592947,PAYPAL,622.22,SUCCESS,a7797368-04a6-47d5-9170-133e515eb10e
2096,2096,2026-05-15 10:49:24.974786,PAYPAL,9640.52,FAILED,92b9ad7b-9d82-4658-a86f-1c8ece598832
2097,2097,2026-09-30 11:19:36.824057,BANK_TRANSFER,6253.8,FAILED,b805bdc2-bb16-49d3-9945-6b0a6a6b77f8
2098,2098,2026-10-02 06:29:42.234604,CARD,6852.33,SUCCESS,2994ec2d-d622-4037-9474-13c11f467860
2099,2099,2026-07-31 07:50:27.759451,PAYPAL,1396.22,PENDING,3e9a521d-b2b8-44de-a8e8-78985f5ab599
2100,2100,2026-05-24 11:48:59.187920,BANK_TRANSFER,2767.44,SUCCESS,fac84269-cb0e-4fe6-a920-f1462216b759
2101,2101,2026-01-22 15:28:29.421021,PAYPAL,5633.1,SUCCESS,d66356a1-80d2-4793-930a-62630c49591b
2102,2102,2026-04-28 15:05:45.319294,PAYPAL,8510.77,FAILED,71ef0947-a5de-4158-b4be-52b3fbee6066
2103,2103,2026-03-23 04:32:01.208181,CARD,3991.26,PENDING,4561200c-ebd5-4bb2-998f-35b13c29b921
2104,2104,2026-05-31 08:56:24.573143,PAYPAL,8494.76,FAILED,b68e494d-d9d0-45e3-b30e-4822f463beb7
2105,2105,2025-09-01 06:55:27.556523,PAYPAL,8121.69,SUCCESS,f03c4306-2ca2-4592-a793-559ffebc2729
2106,2106,2026-01-04 09:19:38.836416,PAYPAL,11340.18,FAILED,98874aa7-32cf-4862-ad26-1275ded04f4b
2107,2107,2026-08-26 07:30:42.531247,CARD,2251.23,FAILED,1da5d22d-1641-4cc1-9b44-09c9c586cf84
2108,2108,2026-09-04 12:58:49.026155,CARD,499.25,PENDING,531a8c16-d12b-469e-a8be-894ac6bb2bbc
2109,2109,2026-08-29 13:33:42.266972,CARD,6941.88,SUCCESS,2e7bd3eb-d5b7-4660-af76-8057af921b49
2110,2110,2026-01-05 00:10:11.417777,PAYPAL,1446.91,PENDING,89ce380d-8d5a-42b4-8b15-91b5b4417e12
2111,2111,2025-07-29 05:19:47.648321,PAYPAL,10154.71,SUCCESS,fbb14c02-151b-4690-b896-ac170a5622ec
2112,2112,2026-04-02 08:04:52.085841,CARD,9417.53,SUCCESS,f8289fda-04c8-4743-966a-66e98811f899
2113,2113,2026-08-14 01:02:01.579265,PAYPAL,3706.44,PENDING,5bd6ac09-f6be-47b1-a891-e1314135cb68
2114,2114,2026-08-12 17:06:09.139126,BANK_TRANSFER,5341.12,FAILED,81eb7136-cc2a-48df-a411-a1a6889d12fc
2115,2115,2025-11-03 12:08:25.909904,CARD,2883.18,FAILED,1e23be53-788c-4b36-97cf-6e6dc25d0c74
2116,2116,2026-08-12 21:44:24.447615,CARD,1362.76,PENDING,e38b784d-cc9d-4242-9141-95206e883ea0
2117,2117,2026-10-04 15:23:54.782815,BANK_TRANSFER,5129.26,FAILED,21995bc3-e6ad-4df6-93aa-4c7a4f3b4759
2118,2118,2025-05-13 14:50:04.475309,CARD,2432.24,SUCCESS,5e33afef-385e-4055-a493-5ca8fddd0dbc
2119,2119,2026-10-10 01:21:38.588939,CARD,5854.59,PENDING,c4a69c4a-b12f-4aef-b5a9-f00c54170dd9
2120,2120,2025-10-13 22:41:53.412448,PAYPAL,8339.89,FAILED,e11899a3-98a4-40f1-9d4d-9a70bb1828f1
2121,2121,2025-09-07 02:22:26.625360,BANK_TRANSFER,2135.0,PENDING,5a45984f-cb1f-4573-bc88-22085373c073
2122,2122,2026-03-25 12:47:32.601436,CARD,8252.62,PENDING,7ef4f758-71e6-4a36-9238-893071657a26
2123,2123,2026-07-04 22:44:57.974732,PAYPAL,2753.53,SUCCESS,1b62b2bb-1698-4cb8-9a43-5139fb88afc8
2124,2124,2026-03-29 14:00:26.769347,PAYPAL,5804.06,SUCCESS,97a8754d-fd4b-4fec-b2ff-9ea2c906705d
2125,2125,2026-07-10 09:28:37.302178,BANK_TRANSFER,3403.17,SUCCESS,4e31fb70-b569-4260-84b0-b6c139374669
2126,2126,2026-07-15 05:17:16.947290,CARD,9156.83,FAILED,248e47d7-f8b8-4a89-a963-acba77bd8a18
2127,2127,2025-11-09 18:39:22.541503,PAYPAL,7751.16,SUCCESS,de3412aa-c45d-4b85-933c-46b140077ab1
2128,2128,2026-05-27 04:24:37.245085,CARD,6181.48,PENDING,0024da9c-6399-4571-bf50-62f31677a532
2129,2129,2026-04-01 18:17:45.401675,BANK_TRANSFER,7719.44,SUCCESS,5b4d16ab-d94f-4dc9-a467-5db4fa99952a
2130,2130,2026-10-04 01:49:35.065980,CARD,4606.05,FAILED,f2d70179-e95c-4d29-b6fa-2bea92085d6e
2131,2131,2025-10-24 00:24:47.180531,BANK_TRANSFER,5737.79,SUCCESS,593fd9f4-e0d1-4b70-9be9-5f76c1aad010
2132,2132,2026-10-09 10:58:34.719598,CARD,487.27,SUCCESS,1dc4e66e-2e79-4459-aafa-a00ef6d9c8d4
2133,2133,2026-09-18 01:57:08.284795,CARD,5144.71,PENDING,858d56ab-b595-4d4c-a100-9e1c33901997
2134,2134,2026-05-31 10:09:41.823501,CARD,6077.07,SUCCESS,ea58867e-01fc-4776-8f8f-cbaf603efb14
2135,2135,2026-06-10 17:07:42.248946,CARD,13334.72,PENDING,ae463402-6ec0-40ce-b560-acc345b51947
2136,2136,2026-06-02 20:10:03.058642,CARD,9180.23,FAILED,a2b7fb16-81f1-4dd0-abef-394621416f4e
2137,2137,2026-04-03 03:54:33.491841,CARD,1744.14,PENDING,b8b5658f-9e0f-4cff-9632-ba728426ab76
2138,2138,2025-08-27 03:59:22.619349,PAYPAL,6998.64,FAILED,7eef8149-ebb1-4c2f-bd07-14feafd5ffa4
2139,2139,2026-08-11 17:35:46.349138,PAYPAL,248.85,SUCCESS,1de8b35f-bd8f-4d35-9b17-809de70a7e3c
2140,2140,2026-06-18 07:39:05.559268,BANK_TRANSFER,12009.85,SUCCESS,9ab34526-927e-455a-964c-495bbb0387cd
2141,2141,2026-06-11 04:26:55.291752,PAYPAL,1893.09,PENDING,dc3c9f65-e244-416d-93ca-fcc87aaa842c
2142,2142,2026-08-05 05:17:42.131455,BANK_TRANSFER,4811.34,PENDING,a22694a6-1ae9-4778-b76f-5126206bdc56
2143,2143,2026-09-29 13:43:19.092741,PAYPAL,7221.2,SUCCESS,ef5edd66-64d9-4a92-b228-9434540f6345
2144,2144,2025-03-20 21:22:56.364666,CARD,3231.58,FAILED,386754a2-d955-4c9a-9b36-86fec87c3d8f
2145,2145,2026-01-23 07:52:48.649424,CARD,10497.89,SUCCESS,8a7f2ee3-bf87-44cc-bc5a-1cacad40134e
2146,2146,2026-08-15 01:29:52.650089,BANK_TRANSFER,2682.72,PENDING,d4279c0e-e1ec-4d8b-9a4e-dcb7ad375eb6
2147,2147,2025-10-11 01:56:17.262985,PAYPAL,10674.29,FAILED,f6969b4b-a488-4a3a-bbdf-95735d911692
2148,2148,2026-10-05 19:23:42.272028,BANK_TRANSFER,4172.74,SUCCESS,6585384b-8319-4a97-9d61-89fddc5c18a4
2149,2149,2026-08-05 12:10:07.188627,CARD,4233.67,FAILED,c459668e-c5e1-4ccc-8bcd-17a31adb9a9f
2150,2150,2026-02-10 07:32:02.942513,CARD,11853.14,PENDING,77a849ff-934c-4107-b81a-821c3c1f43db
2151,2151,2026-02-12 18:03:56.823182,CARD,3202.5,SUCCESS,e8cc5248-b636-4ed3-8d18-231e3e226bfe
2152,2152,2026-08-24 22:50:53.346393,PAYPAL,7785.7,PENDING,78633824-010a-4ac9-a521-fd3b02308614
2153,2153,2026-03-09 01:38:20.296736,CARD,8915.12,FAILED,9517abab-9d8f-4ea8-88d9-6494965ee5ad
2154,2154,2026-10-14 04:28:13.154871,CARD,9439.53,FAILED,ba5e1e3d-f150-4dea-886f-cbf7d982df8c
2155,2155,2026-04-08 07:40:00.583179,PAYPAL,2868.64,SUCCESS,5008b651-46d5-4a99-8826-42584c14927c
2156,2156,2026-08-25 02:00:42.380767,CARD,4539.58,PENDING,40adbe1d-a8d1-4eb0-a47f-7b58e6915476
2157,2157,2026-09-23 19:25:29.479385,BANK_TRANSFER,8681.15,PENDING,d9998911-1c3d-4334-86f0-460b4f48f2e6
2158,2158,2026-09-29 02:42:10.575841,CARD,2568.3,SUCCESS,e7d72613-94df-4d06-a72a-7bae73afaf28
2159,2159,2026-07-19 08:03:42.082712,PAYPAL,14814.23,FAILED,62b6c581-22ac-4bed-ad11-2b4cbe6ad03d
2160,2160,2026-09-03 09:14:28.823208,CARD,6184.75,PENDING,a7792314-48e9-4238-97e6-6dd9ed1ed84b
2161,2161,2025-08-07 07:52:59.031034,BANK_TRANSFER,2736.75,PENDING,5acac401-d491-46a0-b3b1-5452c4c27619
2162,2162,2026-10-12 13:47:51.790747,PAYPAL,2330.4,FAILED,07ef20f7-6418-461e-b07a-810a1befa085
2163,2163,2026-09-04 21:50:32.773347,BANK_TRANSFER,7804.95,SUCCESS,57441456-3fde-4aa3-8255-65b6bbcee7a3
2164,2164,2026-07-17 05:16:52.970407,BANK_TRANSFER,11491.93,FAILED,ebc034a5-3594-4d20-83f0-c495eb6b1d5e
2165,2165,2026-03-18 02:29:00.059495,BANK_TRANSFER,3381.02,SUCCESS,a3075150-a06d-401f-b46e-15835452e43e
2166,2166,2026-07-13 04:17:12.081249,CARD,3898.44,SUCCESS,7649a52a-0ddf-4858-bda3-3e0d91543f8b
2167,2167,2026-09-10 02:33:50.626997,BANK_TRANSFER,10746.87,SUCCESS,f7541038-9282-4cd8-8866-a193b43c259c
2168,2168,2026-01-12 13:32:01.981242,CARD,352.62,SUCCESS,73500035-5071-4923-9ae6-004b819bab05
2169,2169,2026-06-20 17:34:53.187529,PAYPAL,2638.34,SUCCESS,7f337abf-ac03-4d01-ac03-ca00391473c7
2170,2170,2026-09-26 13:52:20.883982,BANK_TRANSFER,10457.07,FAILED,8d5a9e8d-cc20-42af-bc79-0fffaa7e86f0
2171,2171,2025-02-18 20:05:47.092974,BANK_TRANSFER,1553.5,FAILED,fef9b10b-4f36-4e79-86b8-2a3d7a197bbb
2172,2172,2026-07-29 19:07:10.075149,CARD,13578.18,FAILED,09f82ed3-ad5c-4b51-8e7c-39c2fdb1080f
2173,2173,2026-04-27 19:13:43.086298,CARD,1988.19,PENDING,0e89bc5f-35e4-4ef6-b184-368cf48af1d5
2174,2174,2026-10-12 18:35:08.187751,PAYPAL,1679.16,SUCCESS,ce6e4938-190d-4681-ab80-2329a6f39cfe
2175,2175,2026-09-17 09:38:13.236469,BANK_TRANSFER,4350.48,SUCCESS,634f589e-f511-46f4-b737-92bd7749de00
2176,2176,2025-12-06 15:40:25.366247,BANK_TRANSFER,1741.7,FAILED,dc212415-a306-42fe-afa3-153cebd425cb
2177,2177,2026-09-04 13:59:03.541367,PAYPAL,10316.04,FAILED,a05cefa3-a454-4767-8689-d440a857bfab
2178,2178,2025-04-23 16:00:56.005990,BANK_TRANSFER,2471.08,FAILED,634db084-37c9-44dc-88db-a48782032ecd
2179,2179,2026-04-30 03:21:25.219500,PAYPAL,4614.92,FAILED,b72ac824-3286-4c32-b0d4-d1a6260b7370
2180,2180,2026-05-30 20:17:30.450043,BANK_TRANSFER,2626.32,PENDING,3c7dea5f-037e-44db-8853-4f2b5250e4da
2181,2181,2026-09-01 16:56:25.131546,CARD,12109.77,PENDING,9aa0b64c-967e-4e7b-94e6-8bda68a721b5
2182,2182,2026-04-15 22:43:12.088016,CARD,5157.57,SUCCESS,ae9f4772-5541-4f43-8de8-48d5f4351ab7
2183,2183,2026-05-17 07:35:39.358712,CARD,4225.15,PENDING,1645864a-3965-477d-aff2-0b42ba612f2d
2184,2184,2026-09-11 00:57:37.179729,BANK_TRANSFER,5497.91,PENDING,d244bf37-ee00-4943-a363-ffd7f645fab6
2185,2185,2026-07-17 16:28:39.060440,BANK_TRANSFER,692.88,PENDING,289b73ce-3210-4523-90a7-d6a76480a4f2
2186,2186,2026-01-10 21:24:16.682819,CARD,2708.7,SUCCESS,b5ffd964-abc4-4e1c-b1c1-4c7c504598f7
2187,2187,2026-03-20 09:52:28.715783,PAYPAL,2413.58,SUCCESS,73535551-9f81-4220-88e4-f2df1e6efe84
2188,2188,2025-08-31 13:41:11.962631,PAYPAL,7578.8,FAILED,303950c0-0dba-43c3-b0a2-0005981fd1de
2189,2189,2025-11-22 13:12:34.914098,BANK_TRANSFER,2020.32,PENDING,7b69082f-4491-4d46-bee4-09a120c1ea7c
2190,2190,2026-02-22 03:28:10.596902,BANK_TRANSFER,5064.08,SUCCESS,9cc48e9c-cace-410f-ac83-75b54ac1c505
2191,2191,2026-07-31 18:37:32.938728,BANK_TRANSFER,14070.51,SUCCESS,b5da3a96-3e36-4dc5-95cd-0cb9088b9499
2192,2192,2026-05-09 02:24:15.865686,PAYPAL,8299.01,PENDING,73947e22-b1e2-440c-983c-b7cb5e3eb6ea
2193,2193,2026-10-12 01:46:12.483701,BANK_TRANSFER,903.79,SUCCESS,26178762-fb61-4e63-a9ca-8e130aba10ff
2194,2194,2025-07-24 08:58:34.018181,BANK_TRANSFER,3804.84,SUCCESS,4060c2c4-7863-4078-9d11-5c12693c1915
2195,2195,2025-11-14 06:00:35.037497,CARD,11644.76,SUCCESS,43f5c5f3-4f25-444b-b970-a4486b0861f2
2196,2196,2026-10-11 21:00:41.997049,BANK_TRANSFER,11734.15,PENDING,462b1275-9048-4468-9c46-876ccaffe132
2197,2197,2026-08-11 15:35:31.145011,BANK_TRANSFER,1477.68,PENDING,c416b278-1c74-4a36-a441-babdcc981235
2198,2198,2025-09-10 02:30:02.167286,PAYPAL,6428.54,FAILED,ed5b1d52-3fd0-4a2a-904f-da438d0f24a5
2199,2199,2026-06-15 01:58:35.073364,CARD,6652.97,PENDING,25c0eac3-a286-4f80-b4e0-958b17ded331
2200,2200,2026-03-20 04:42:25.951672,PAYPAL,879.82,PENDING,03a72479-c923-47a7-817d-bbdbbb7fd088
2201,2201,2026-08-10 16:11:19.523126,BANK_TRANSFER,8443.38,SUCCESS,bc253805-7006-44a7-8798-0ab9532e76cc
2202,2202,2026-04-15 18:08:32.724844,PAYPAL,8893.66,FAILED,de8aadf1-2b3a-47bf-a760-d682e7f7ebfa
2203,2203,2025-12-09 07:03:00.363908,BANK_TRANSFER,3591.21,FAILED,3ca28c66-a62b-474f-8a80-4fd5fa7a07d7
2204,2204,2026-07-25 11:34:51.006422,PAYPAL,4964.81,FAILED,62de3811-5d5b-4543-86c3-1d4da1dfc05c
2205,2205,2026-08-01 09:07:49.930678,PAYPAL,3804.54,PENDING,5a4a9f63-b1e9-4c4b-8eb5-848f6b53ba4e
2206,2206,2026-08-07 01:37:19.661635,BANK_TRANSFER,2671.98,FAILED,5ef87075-41b5-4e5b-afd2-c655011e747b
2207,2207,2025-12-10 23:19:20.312184,BANK_TRANSFER,4001.48,SUCCESS,94a451d7-5711-4854-b088-2b40cfaff2cb
2208,2208,2026-01-29 03:32:55.806862,BANK_TRANSFER,8435.44,FAILED,3655c0ac-686b-497f-b832-cee9204612c0
2209,2209,2026-07-02 12:03:50.021850,CARD,11742.03,PENDING,7f98638d-7fed-4e8a-81b1-a6056dbf8a01
2210,2210,2026-06-24 17:05:02.312583,BANK_TRANSFER,8265.2,SUCCESS,ac12f441-cd50-483a-9b10-25a389f78cf7
2211,2211,2026-01-09 06:51:13.825002,PAYPAL,10496.79,PENDING,a56b22a2-3b6a-4a85-b765-2bf7cb286bab
2212,2212,2025-08-06 22:52:55.614791,PAYPAL,955.36,PENDING,3112585d-fc75-4dd6-9b9a-770768f1fe4e
2213,2213,2026-06-10 03:18:26.193062,BANK_TRANSFER,5615.96,SUCCESS,ada9ee55-434a-44ac-8fcc-a5cc99c1510c
2214,2214,2026-09-20 14:38:16.128819,BANK_TRANSFER,1216.12,FAILED,2d8dafc0-8501-42e2-877b-bb90090db92f
2215,2215,2026-10-03 11:20:42.031548,PAYPAL,10703.57,SUCCESS,90c8e07d-667a-4b94-be83-a8f0d326bcb2
2216,2216,2025-09-30 07:34:52.100367,BANK_TRANSFER,3804.54,PENDING,d5cc22ca-d1d2-4d82-bba9-38bca922f180
2217,2217,2026-03-30 08:14:58.844317,BANK_TRANSFER,11604.64,FAILED,eddb870a-e3c9-482b-ac91-1671f5bb6837
2218,2218,2026-09-05 18:01:01.782346,CARD,14272.32,FAILED,2f0aff9d-af86-424e-b26b-0d7d2f09b22c
2219,2219,2025-05-25 18:34:02.982843,CARD,1206.79,PENDING,f2eaf34c-5fe0-4a78-b1b2-050b90719ff9
2220,2220,2026-01-13 07:03:59.818225,CARD,8065.88,FAILED,7539b10d-1aab-43e8-a681-570805fb2b20
2221,2221,2026-08-02 15:11:40.940166,PAYPAL,4470.49,FAILED,f044e1b6-a4b0-4a65-ae81-a8a309811a96
2222,2222,2026-09-22 09:30:53.833841,PAYPAL,13926.74,SUCCESS,112fc376-b8a7-417e-aaed-87d90614f005
2223,2223,2026-09-16 21:05:56.933716,CARD,12344.13,FAILED,09e676fe-2c32-4c95-9b99-b85aad9f8393
2224,2224,2025-03-14 09:26:01.364902,PAYPAL,11774.06,FAILED,40badeb8-3572-40f5-992d-088395823e74
2225,2225,2026-02-06 01:22:36.777553,PAYPAL,7928.58,SUCCESS,9960c169-6fb9-45cd-b504-3b12087d79a5
2226,2226,2026-09-12 03:44:57.494270,CARD,7564.8,FAILED,61e47a6e-1d50-46a8-a990-b82e29e1050a
2227,2227,2025-07-25 20:49:03.399314,PAYPAL,10801.18,SUCCESS,3192385d-a628-4d8e-8d1d-9b6312ea2c7f
2228,2228,2026-09-08 19:24:12.983305,PAYPAL,3501.61,FAILED,3b30a3e2-d161-4c66-afae-9588c141ba8b
2229,2229,2026-01-22 02:18:47.631337,CARD,7668.52,SUCCESS,1293d2d6-d6cd-4b2d-9aec-4feea29c03db
2230,2230,2026-07-23 01:35:44.342796,PAYPAL,12550.08,PENDING,60bfa85a-eb7c-4262-93f7-3f1a28554820
2231,2231,2026-07-11 12:17:50.468744,BANK_TRANSFER,6693.88,SUCCESS,00a0333e-1ccb-47cf-a58e-85589c01a7de
2232,2232,2026-09-13 12:49:49.421212,PAYPAL,5978.44,PENDING,15c5292c-7afa-4121-865f-39b5396dc717
2233,2233,2026-03-29 09:27:08.248061,BANK_TRANSFER,8234.42,SUCCESS,ddab1a73-0ac8-4ec9-aafb-b138eb6dce90
2234,2234,2026-06-25 22:08:18.109367,CARD,4198.93,FAILED,25338913-e26c-41cb-a03c-83038f2968d4
2235,2235,2026-03-30 00:04:23.957439,CARD,5282.02,PENDING,bfa418d4-71c8-415b-b69a-e566a70192e2
2236,2236,2025-11-12 12:42:08.906314,CARD,9711.22,PENDING,50c8501f-0ddc-403c-8787-021c743b4f4f
2237,2237,2025-10-21 22:50:51.704185,PAYPAL,1531.05,SUCCESS,bc3f1ed3-7db1-4272-92fb-86828f45dd4c
2238,2238,2026-04-19 06:12:24.492692,PAYPAL,11194.84,PENDING,2aa0b97d-ca0e-452e-b1e5-4252e39e930c
2239,2239,2026-10-04 19:13:12.632821,PAYPAL,15655.19,PENDING,66756e5c-0fe8-4fff-a531-f1d5eefbf9a5
2240,2240,2025-05-24 04:32:38.436082,BANK_TRANSFER,4919.34,SUCCESS,84bfe58c-a905-450f-b166-73b728a5c4a4
2241,2241,2026-10-01 07:56:17.395132,BANK_TRANSFER,9969.75,PENDING,f5c19ff1-069a-4fb9-be14-a4b7bf4e70d9
2242,2242,2025-07-05 10:52:39.399215,PAYPAL,4000.36,FAILED,f9ddc52d-6be0-4cee-aadb-7302ff302e67
2243,2243,2026-03-19 18:59:31.815613,PAYPAL,10104.03,FAILED,4239433a-4a87-4802-a6cb-1d280d92736a
2244,2244,2026-01-06 11:35:15.661724,PAYPAL,2135.34,FAILED,94600044-80d6-43f2-9d9c-ddba6b493c5e
2245,2245,2026-01-30 07:28:45.209551,CARD,9427.07,FAILED,7db6bca4-454f-4c51-a18b-c945bd9b5899
2246,2246,2026-04-04 05:48:53.885787,CARD,11730.59,PENDING,d1877bc8-6abd-4041-915f-cf53d83a7dd5
2247,2247,2026-05-08 15:49:40.244483,PAYPAL,2546.47,PENDING,e2d88847-6d34-4d77-a590-40c704fad688
2248,2248,2026-08-07 20:20:16.666177,CARD,289.85,SUCCESS,b1dcbdad-27d7-472d-b0a1-43e143e8b20d
2249,2249,2026-07-17 00:47:26.695889,BANK_TRANSFER,6441.49,SUCCESS,57b75676-ffd3-4f32-910a-b4cbeab471de
2250,2250,2026-04-10 22:02:52.153129,PAYPAL,167.6,SUCCESS,8cd428e8-73fa-4da4-b7af-51d876063072
2251,2251,2025-11-08 00:44:54.443026,CARD,1232.62,FAILED,8c260259-7eac-452a-b822-4ffa4027dfbd
2252,2252,2026-09-07 13:30:18.605810,BANK_TRANSFER,14736.81,SUCCESS,00ec290b-7107-40f7-839b-aa2c42c874ee
2253,2253,2026-09-05 18:05:54.829198,CARD,3964.01,FAILED,6aa49b3d-45c8-4af1-9b22-8a51b2f6900c
2254,2254,2026-08-17 09:59:04.812615,CARD,5354.61,FAILED,de16448f-c682-4c1a-b549-334e77d59467
2255,2255,2025-04-18 02:18:11.071378,BANK_TRANSFER,5655.2,SUCCESS,e7a656b3-246c-48d3-961f-01716f1912bf
2256,2256,2026-09-22 19:55:31.165814,PAYPAL,1515.18,SUCCESS,f4184c80-7429-4202-9b4e-4fb080081255
2257,2257,2026-09-02 09:25:59.412701,BANK_TRANSFER,11049.4,FAILED,661d5ca4-27b2-48ed-8e6a-a7768bb6a85b
2258,2258,2026-02-01 06:01:07.994105,PAYPAL,8424.27,SUCCESS,833cffab-22e6-442f-9946-f64ccbaa2cfd
2259,2259,2026-07-27 05:43:08.468094,PAYPAL,5667.45,PENDING,afe05f6d-66ab-44ad-a4c1-b6ef25896340
2260,2260,2026-09-15 05:28:55.390195,CARD,10331.33,FAILED,60ae027d-c181-488f-a4d6-b520b51b08c7
2261,2261,2026-08-23 09:27:40.378675,BANK_TRANSFER,6659.3,FAILED,57731b00-0055-46e9-86df-5dba700311ee
2262,2262,2026-04-03 04:01:13.698041,PAYPAL,9201.52,FAILED,841508a2-a53d-44e3-9314-847d7e210972
2263,2263,2026-10-05 08:10:55.866747,PAYPAL,8067.41,PENDING,ba87e001-631f-4d29-95ae-2b6b0884bc76
2264,2264,2026-08-02 02:12:25.783796,CARD,9714.62,FAILED,cb7e7784-02b5-4216-83eb-6cce8af194e6
2265,2265,2026-06-09 01:36:22.901356,CARD,6893.82,FAILED,a429d643-f6b4-4944-96de-5438b0a21dd3
2266,2266,2026-03-11 04:21:39.457157,BANK_TRANSFER,2557.65,FAILED,f82b85e2-78d1-47d5-bfdc-690c4e3cbe66
2267,2267,2026-09-13 10:40:44.052170,CARD,5494.91,SUCCESS,10691ef4-a2cf-4a8b-9e20-6bf5d68e9ea7
2268,2268,2025-11-26 06:35:40.261252,PAYPAL,10061.9,SUCCESS,e5c6f349-30df-4b61-8610-fd12952774da
2269,2269,2025-07-22 05:37:06.094849,PAYPAL,4298.41,FAILED,ff284d23-c302-4e17-82ce-e54c2c986218
2270,2270,2026-06-13 13:56:59.074601,CARD,4723.98,SUCCESS,3cfc2467-5c68-4e52-af49-4d538e803f39
2271,2271,2026-10-10 17:46:42.279285,CARD,381.98,SUCCESS,154cfa54-4522-43e7-af88-42ecac18a9c5
2272,2272,2026-09-22 13:16:32.085248,BANK_TRANSFER,9930.76,SUCCESS,93a93906-15b1-4303-849c-0661cab39e59
2273,2273,2026-02-10 06:00:16.403612,BANK_TRANSFER,14064.84,FAILED,ae505915-8e6e-4f96-9de6-ec59fa237ec8
2274,2274,2026-01-28 05:17:13.918097,BANK_TRANSFER,2978.52,PENDING,00b514b4-70a3-4228-85b5-6b35050c67c7
2275,2275,2026-09-08 13:09:50.572205,PAYPAL,685.09,FAILED,b130088b-004c-4bd5-b8a5-e0ed1e5601e9
2276,2276,2026-04-09 14:53:46.312172,CARD,3480.11,SUCCESS,7c63de56-667f-455c-af66-50beb9538558
2277,2277,2026-08-17 01:52:55.944448,CARD,10702.34,FAILED,0a16bf21-2ba9-4adc-9df4-f6361a4f3f75
2278,2278,2026-08-06 10:35:15.524307,BANK_TRANSFER,6877.57,PENDING,f2f51ee4-b97a-4f6c-9a7c-6479a61bf785
2279,2279,2026-04-01 15:28:45.844318,CARD,6284.08,PENDING,48f48822-0ee7-405e-8904-f586d3b6f12e
2280,2280,2026-05-05 18:17:19.616671,PAYPAL,9502.03,SUCCESS,94381be5-8c47-41cc-b99c-58ae6cb5c8f3
2281,2281,2026-08-14 09:48:45.920779,CARD,5208.52,FAILED,73f8933a-611a-4528-98db-b72c71507ff6
2282,2282,2026-07-07 05:58:16.295019,CARD,3958.25,SUCCESS,698b6f94-4b2e-4335-a979-9c8ea5eaf9f6
2283,2283,2025-12-02 21:36:21.600172,BANK_TRANSFER,4710.02,FAILED,113f6606-f975-43aa-93d8-8d7d0dbfd841
2284,2284,2025-10-19 09:11:33.576286,PAYPAL,6684.94,SUCCESS,ecd6e2b0-9216-4cc5-9424-31aced26c65b
2285,2285,2026-04-19 09:59:19.635433,BANK_TRANSFER,6892.31,PENDING,d0b3b3f2-0d0e-4789-b80f-3182ad210d5a
2286,2286,2025-09-06 17:39:26.511129,BANK_TRANSFER,752.4,SUCCESS,07300eb5-5cb3-4095-bca6-15718e260057
2287,2287,2026-10-09 19:05:09.215097,PAYPAL,8968.53,SUCCESS,260a786f-0c4e-40ec-9f4a-12860306ad97
2288,2288,2025-12-27 22:33:10.963749,CARD,12934.22,FAILED,29d9525f-793a-4c89-90ba-84d549ffd40b
2289,2289,2026-03-28 08:34:20.563759,PAYPAL,6432.69,SUCCESS,b40d66dd-3ac9-4b16-a070-92c7ee277ff5
2290,2290,2026-08-04 13:09:18.735612,BANK_TRANSFER,5876.55,SUCCESS,030f7e80-14f7-42c0-8863-c0d12cf5c5b8
2291,2291,2026-10-09 18:58:12.363728,CARD,3377.84,SUCCESS,e2bcf839-e6b6-4dbb-9ebf-23852c11ee6e
2292,2292,2025-12-20 06:06:56.931745,PAYPAL,2803.02,SUCCESS,9a613a66-ca61-4e75-9fd6-bb59e78b28a8
2293,2293,2026-08-10 17:45:25.730261,PAYPAL,1907.04,FAILED,b15c9203-aca8-4703-b5f1-3f4ca5feffcc
2294,2294,2026-08-03 08:44:39.189273,BANK_TRANSFER,4941.77,SUCCESS,a3d7486e-5571-494c-afe3-d82edc2f392b
2295,2295,2025-06-28 17:05:13.679283,CARD,7502.22,FAILED,98521e56-5240-4243-ac19-4b239961a398
2296,2296,2026-09-12 19:58:03.684601,BANK_TRANSFER,2939.25,SUCCESS,4f29d580-bf87-4026-b388-b94efcde1b81
2297,2297,2026-03-09 14:51:54.115989,BANK_TRANSFER,16521.45,SUCCESS,26bebcd7-58b7-4942-aac0-6663c294dd0a
2298,2298,2026-07-05 18:00:23.327794,PAYPAL,1307.46,FAILED,c378205f-9d93-415c-ae32-6c53ad9e9a10
2299,2299,2026-09-02 07:08:33.848691,BANK_TRANSFER,6057.38,SUCCESS,0e6042fe-2a6f-4a09-a600-9174ab403ed7
2300,2300,2026-03-10 04:27:48.021673,PAYPAL,13644.22,SUCCESS,59669b9f-1ced-42a3-88c2-3668678aec24
2301,2301,2026-07-18 22:33:50.590748,PAYPAL,10542.19,SUCCESS,0a12cce6-4aae-45bc-b0d8-d2c436107e5b
2302,2302,2026-10-03 07:17:27.816673,CARD,5726.15,FAILED,5dcb9a37-d9cd-4463-ae10-2e50c9729540
2303,2303,2025-03-19 17:51:26.230799,CARD,7892.34,SUCCESS,3d04dd10-300a-4b1b-bed0-45c4e5e8006c
2304,2304,2026-03-10 17:41:34.854240,CARD,2717.55,SUCCESS,c47112c9-9cd3-4fdd-bbb9-7c38c7ee168b
2305,2305,2025-08-30 11:53:43.565395,BANK_TRANSFER,6096.19,SUCCESS,cbd529ac-6c7a-4b76-8a17-156e71b3107e
2306,2306,2026-05-15 08:24:52.585378,BANK_TRANSFER,6478.47,SUCCESS,c88ac8b7-c57d-428e-92cc-391dbdd6c8ce
2307,2307,2026-04-07 07:53:53.476284,PAYPAL,2702.42,PENDING,1d7e8d27-8898-40e8-a11b-25fa728182a5
2308,2308,2026-09-02 06:00:02.705894,PAYPAL,4653.15,SUCCESS,eacfcefb-c462-4393-a070-fd1ee687cc1e
2309,2309,2026-01-06 01:04:23.050454,CARD,10661.74,SUCCESS,7f145d85-57ef-4244-91fa-a28987bad3f1
2310,2310,2026-10-05 17:04:03.372546,CARD,4098.29,FAILED,4d1a0af7-7532-46cc-8bb3-fb51ceef026d
2311,2311,2026-09-12 12:40:08.106273,CARD,5976.83,PENDING,855df63b-5cf8-4709-8cc8-c5f70be29ae9
2312,2312,2025-07-20 23:03:50.979031,BANK_TRANSFER,15721.95,SUCCESS,8256fea7-8426-4a05-a417-9ff7b93d0525
2313,2313,2025-06-14 00:01:14.419746,CARD,10359.19,PENDING,08ec979a-9cbe-451d-9696-4a9b45dad18f
2314,2314,2026-08-10 02:14:20.967581,CARD,7543.94,PENDING,cc05d17b-d1c9-4bde-b4bc-95db3620dbd5
2315,2315,2026-04-11 13:47:41.636619,CARD,12062.28,SUCCESS,bc065165-4882-4331-abc1-1d296698b733
2316,2316,2026-05-12 12:05:45.521686,PAYPAL,9391.02,PENDING,43f9fd9b-4167-4905-b1b7-a9b35b010c96
2317,2317,2026-03-09 18:48:27.359716,CARD,9849.54,FAILED,8eceac56-93da-44ff-9e00-fe91909fbd3f
2318,2318,2026-05-21 18:55:21.028455,BANK_TRANSFER,7167.32,FAILED,c3cd61ab-5fb6-4397-8228-ee4f2ec2a1de
2319,2319,2026-04-29 09:48:36.251140,CARD,1505.9,PENDING,bc944672-70fd-401c-b958-fff425361fff
2320,2320,2026-06-17 22:30:31.607744,CARD,5339.56,SUCCESS,172ceb7f-1dd6-4056-a6bf-ac6318e03643
2321,2321,2026-07-11 02:11:31.826637,CARD,17399.06,PENDING,84a0c59e-b37d-4da8-a93a-2edc0e8769c0
2322,2322,2025-11-03 07:45:59.795375,CARD,9096.37,SUCCESS,f6501bd7-1221-47ab-9c91-f73ab1673c86
2323,2323,2026-01-19 16:52:23.220765,BANK_TRANSFER,6897.02,PENDING,e5a63a1b-6c9e-43cb-ad6b-ec19690d40b1
2324,2324,2026-01-17 07:18:11.010741,BANK_TRANSFER,5679.27,FAILED,ba15dac8-fed6-462d-ab16-7f5d8dcc967f
2325,2325,2026-05-29 12:33:16.088549,PAYPAL,4166.4,SUCCESS,138d41d8-2a7b-4c60-9189-a33038ed6767
2326,2326,2026-09-17 17:44:36.652889,PAYPAL,5480.28,SUCCESS,1e271f2b-697c-49e1-93ae-1447d3a61223
2327,2327,2026-07-26 05:09:11.209475,CARD,6302.2,FAILED,a8b9704c-d198-4172-8d64-897135ab45ef
2328,2328,2026-07-19 21:45:55.878698,PAYPAL,9461.1,PENDING,4666495f-a69d-452f-b2d4-cddcb1c741dc
2329,2329,2026-05-13 06:44:50.582034,BANK_TRANSFER,8928.88,PENDING,e0a95f2f-0220-4fc6-8828-d9cdd9f6c0f7
2330,2330,2026-05-24 14:18:45.867896,PAYPAL,6658.0,PENDING,a819a006-25d6-4140-a7fc-80ece27ef596
2331,2331,2026-09-18 20:52:09.585466,PAYPAL,7771.09,SUCCESS,9dbf4277-589e-4b66-a7a5-1ec243c3329b
2332,2332,2026-10-12 10:48:24.379845,BANK_TRANSFER,16112.65,PENDING,225e94fd-eeb3-4169-a9a6-8fe67ece9b94
2333,2333,2025-12-10 07:31:32.402067,PAYPAL,10553.02,FAILED,8bf12f23-4be7-4d02-94f6-3c68d9fffaf9
2334,2334,2026-09-22 10:45:37.409174,BANK_TRANSFER,10043.24,FAILED,dea73968-845c-476e-930e-ea1ad2984539
2335,2335,2026-08-22 20:57:41.305292,CARD,6381.54,PENDING,8c4db74a-caab-4bd9-abe0-1de07bf918f0
2336,2336,2026-08-09 21:02:32.947805,PAYPAL,5110.41,PENDING,f7e81dd8-2412-4fa2-9c19-1331b7dffeb9
2337,2337,2025-10-11 18:37:23.086001,BANK_TRANSFER,5885.46,SUCCESS,787166b2-482b-41a0-8dea-e45cc239e970
2338,2338,2026-10-01 08:08:38.945665,CARD,6551.94,SUCCESS,8a327480-ba95-43c5-9bdd-9bc74160e5cf
2339,2339,2025-07-16 07:37:24.209844,PAYPAL,11213.11,FAILED,4b70a26c-0142-4da5-a2f7-fc374e179117
2340,2340,2026-05-07 19:32:24.080825,BANK_TRANSFER,6906.97,SUCCESS,f55a67a2-74a6-4b3a-af7b-50ab3f76ceb7
2341,2341,2026-02-10 17:15:49.892827,CARD,9991.6,PENDING,4087a859-eb39-4038-8c32-5a53b8974502
2342,2342,2026-08-07 17:28:23.000335,CARD,6416.11,SUCCESS,2e240f8b-e12c-4734-8b5d-e8a8fc962f6f
2343,2343,2026-03-19 12:10:34.957690,PAYPAL,8319.23,PENDING,2ee3ac82-7540-48e0-941a-0f656e06112f
2344,2344,2026-09-28 22:23:04.543907,BANK_TRANSFER,997.56,FAILED,457c083f-cf05-43c5-8c23-abb7890bbcd2
2345,2345,2025-09-18 15:29:44.662639,PAYPAL,4565.17,PENDING,e5a5723f-d509-4b73-9f1a-47c724e0e8d4
2346,2346,2026-06-05 19:33:56.927444,CARD,12047.79,FAILED,d6c3d78f-f157-4130-9d40-f619722dfd1a
2347,2347,2026-09-21 07:23:10.758790,PAYPAL,3624.77,FAILED,a62855e2-84ba-42fd-80e1-e75feb633ae2
2348,2348,2026-04-22 15:23:19.050934,PAYPAL,5710.41,FAILED,865523f8-8ab0-49fa-be3f-216596f54967
2349,2349,2026-10-03 15:06:35.874233,BANK_TRANSFER,1288.46,FAILED,475e2bbe-4b0e-440b-94a5-031f787bacc1
2350,2350,2026-04-17 22:41:43.639260,CARD,13632.24,FAILED,c22c8300-73b0-4803-a22b-9771420b22f2
2351,2351,2025-07-20 19:15:10.649249,CARD,10718.69,PENDING,0117ee35-4713-4514-bc50-4abb11bbc208
2352,2352,2025-08-23 13:27:13.140873,CARD,1880.75,PENDING,22dd8465-febf-41b8-ad1b-bacf9c41a509
2353,2353,2026-08-31 20:26:47.549370,PAYPAL,502.8,FAILED,fbd525a6-b121-4721-bdba-579c94cc72ee
2354,2354,2026-03-22 07:22:50.735462,CARD,1655.7,PENDING,00d5b7fd-eabc-4764-a3f9-30c6fea608ae
2355,2355,2026-06-17 18:54:37.195993,BANK_TRANSFER,8327.91,PENDING,2e973a61-6f59-409b-9a21-0ec8f66a65bb
2356,2356,2026-04-04 05:38:25.956736,CARD,4347.02,SUCCESS,10627761-fdb5-46ad-a9da-5dd755370e6d
2357,2357,2026-10-09 12:39:05.323100,BANK_TRANSFER,13260.44,FAILED,607b0110-404c-49c7-b573-947e94d863d1
2358,2358,2026-08-19 13:10:59.791938,PAYPAL,3149.32,FAILED,1c62a050-06f7-460c-9a51-cbea841426c7
2359,2359,2026-03-10 02:34:07.799718,PAYPAL,5363.7,PENDING,872a14b3-fa3a-4c5c-976b-d449475f6ff7
2360,2360,2026-07-14 16:32:31.237271,PAYPAL,14792.48,FAILED,3e0e0022-9aa2-4ce1-ba80-174e4b6b4bfc
2361,2361,2026-03-13 20:36:47.984696,CARD,7571.94,FAILED,68393ff5-5977-4a37-ab48-cfb7c9cf9646
2362,2362,2025-03-20 12:50:01.624818,CARD,7969.51,PENDING,5c323961-fb2f-497d-91e5-5363e3182010
2363,2363,2025-12-31 04:48:11.262583,PAYPAL,2306.37,PENDING,b48b544c-22d7-47cd-a6ed-9806cda63614
2364,2364,2026-02-27 08:50:43.048497,PAYPAL,7660.6,SUCCESS,e5712b6d-de28-42ca-bd70-241cebedb454
2365,2365,2025-05-18 15:20:24.295408,CARD,10319.69,SUCCESS,07399d2c-7720-408d-8fb7-4087f11fec60
2366,2366,2026-10-09 17:14:40.927244,BANK_TRANSFER,8173.39,SUCCESS,84b9cc5a-4098-40ba-9d00-841e55d56d09
2367,2367,2025-06-13 05:58:44.053969,BANK_TRANSFER,6107.22,SUCCESS,1a25b90f-3b68-468f-b7c1-c48050ea25b4
2368,2368,2026-09-01 09:54:23.667256,BANK_TRANSFER,2881.14,PENDING,731321cb-216a-4437-b4e0-a890219e2a6e
2369,2369,2026-08-10 17:12:59.453893,PAYPAL,10496.66,FAILED,0d881247-3f81-451c-bdc4-08044caca04e
2370,2370,2025-10-06 09:43:14.230932,BANK_TRANSFER,3353.03,SUCCESS,2d1f6edd-acd9-42a8-b5d1-1b0170a35b53
2371,2371,2026-09-15 18:55:49.788992,PAYPAL,5653.82,PENDING,c01ddf41-b729-41ab-a68b-9e0ce9e11053
2372,2372,2026-10-02 06:03:29.127588,CARD,7595.36,PENDING,a2bfd683-69f2-4da1-8971-ff4711418142
2373,2373,2026-08-02 22:05:57.816931,BANK_TRANSFER,3786.18,SUCCESS,df48d169-74e1-4855-8c5a-358748c5d75f
2374,2374,2026-09-25 09:04:32.365548,CARD,9753.83,SUCCESS,1008531e-dc90-46aa-b024-3e0b6b1a48b8
2375,2375,2026-09-02 16:01:26.581437,CARD,3603.27,SUCCESS,13955e6f-a023-4bac-a14b-836f1aea71d2
2376,2376,2026-07-06 02:12:51.836574,BANK_TRANSFER,9943.08,SUCCESS,8b665e8b-7dd5-4e8f-83ab-8a34b2d2c3a7
2377,2377,2026-07-14 10:13:18.203938,PAYPAL,10433.1,FAILED,8a22538d-7cff-43c6-a771-b6268ebeeab5
2378,2378,2026-08-29 18:28:07.548669,BANK_TRANSFER,980.03,PENDING,6a8bd940-6524-4db1-a7fa-cda40c280c1a
2379,2379,2025-04-27 05:49:59.285701,BANK_TRANSFER,7867.63,FAILED,58c26f68-4c7e-48c4-a1cb-0baeb26b9ba7
2380,2380,2026-06-04 03:09:11.120360,CARD,3629.07,FAILED,66be35d6-837b-40b2-94d1-fcea82ba6beb
2381,2381,2026-08-11 10:05:40.262638,BANK_TRANSFER,5846.07,FAILED,b56a24a0-537b-4436-aed9-a39d5a881ca4
2382,2382,2026-06-28 12:41:10.530548,BANK_TRANSFER,2949.23,FAILED,075a58b8-ee1a-478a-85db-d0221474a551
2383,2383,2026-03-22 07:35:38.796269,CARD,5902.07,FAILED,85b26663-ae3f-4d5f-8d0c-b808dac17492
2384,2384,2026-09-09 02:40:53.866809,CARD,1129.74,SUCCESS,2bddf9ef-f02a-4cc9-9376-78df23b6ea80
2385,2385,2026-09-03 17:56:39.789518,CARD,11469.05,SUCCESS,61980275-8a50-4d57-b473-dcb185f7bf5e
2386,2386,2025-12-29 05:16:33.651230,BANK_TRANSFER,5499.87,FAILED,50ebda02-ece2-4b67-a94d-11330a9ffb25
2387,2387,2026-07-10 12:09:09.613834,CARD,249.06,PENDING,96de756d-63de-46b3-85c3-24839d0b3d71
2388,2388,2026-10-07 15:25:34.066154,PAYPAL,10112.04,PENDING,4f66cb36-c2dc-4ebe-86a6-1c2f9b10822d
2389,2389,2026-01-27 22:57:45.677451,CARD,1871.73,SUCCESS,fe585a7e-2804-4757-a3fb-d3828062677e
2390,2390,2026-09-13 14:47:13.427072,CARD,7266.47,FAILED,72f22829-495b-4578-bd7a-5ed588597ffa
2391,2391,2026-09-24 23:04:40.362125,BANK_TRANSFER,4058.11,PENDING,3e1707b1-0b61-483d-a774-1bc2540dff12
2392,2392,2026-08-16 17:48:29.091377,BANK_TRANSFER,2077.56,FAILED,2ae5546b-acac-4dfe-96f8-e0d638604a9d
2393,2393,2026-06-27 19:32:55.935072,BANK_TRANSFER,4379.0,PENDING,e7969939-ddf6-46d6-8e34-73128a574378
2394,2394,2026-06-08 20:30:54.948950,PAYPAL,15254.01,FAILED,dd685f58-c12f-4cd3-bbcc-54c4caec6177
2395,2395,2025-09-01 07:55:10.062273,CARD,127.17,FAILED,044b13a5-eaff-4333-a8ca-a46dbeec3c0c
2396,2396,2026-06-10 19:07:09.133040,CARD,2763.96,SUCCESS,85e05509-61b2-4992-b1d4-44f26ebe44ce
2397,2397,2026-09-08 11:40:25.710581,PAYPAL,3368.88,SUCCESS,7148985a-c9a3-4d3b-a074-649b4b00bb02
2398,2398,2026-09-28 03:38:51.218702,BANK_TRANSFER,11509.89,FAILED,63a28b1d-8b8e-4c86-bb04-0680bfbca26a
2399,2399,2026-08-09 09:58:03.098409,CARD,4630.02,SUCCESS,a9d4bb3a-b3d2-45ae-8aa4-e423f1da8d08
2400,2400,2026-08-23 10:40:26.736312,CARD,10114.74,SUCCESS,87789f1b-24de-44ff-b8a0-72f42fa7b26c
2401,2401,2025-11-30 09:58:30.811007,BANK_TRANSFER,7708.55,SUCCESS,b8ed9543-0770-4e0e-bb47-57de60f3bb28
2402,2402,2025-06-09 03:40:13.019742,PAYPAL,7529.46,FAILED,e9ab3158-fe72-40e4-817d-5a03019c5d08
2403,2403,2026-09-17 13:23:37.051050,CARD,6220.69,PENDING,44c56f4c-d4c7-45a9-b9fb-aff28fa031f8
2404,2404,2026-07-18 01:40:34.483917,BANK_TRANSFER,8396.76,PENDING,01db57c0-be4e-40cd-b4e2-f368147a7525
2405,2405,2025-11-05 06:38:19.815175,BANK_TRANSFER,5417.36,SUCCESS,d2e9bc78-3a41-4bee-8975-290aaa745d5d
2406,2406,2025-06-21 13:08:52.640938,CARD,1974.03,PENDING,d0323061-58d2-4990-a21f-a4aba3420fdb
2407,2407,2026-09-09 12:04:13.971576,BANK_TRANSFER,7161.82,SUCCESS,a2f8c947-f4b9-442a-ba87-6ed8c1ba1623
2408,2408,2026-05-04 05:58:24.598478,CARD,17169.46,SUCCESS,e4056763-5795-419c-be22-c2227af7796a
2409,2409,2026-05-24 08:45:06.825644,PAYPAL,1195.64,FAILED,210a6c4d-a67e-4a7c-b43b-f412316070c3
2410,2410,2026-07-18 07:31:39.453548,PAYPAL,1307.46,PENDING,7fecb7a1-73f2-4f93-96d7-0a89d9f35979
2411,2411,2026-09-12 10:05:26.041345,BANK_TRANSFER,681.38,PENDING,4133557c-0e51-4c13-895b-6295c460e457
2412,2412,2025-10-30 07:46:44.735115,BANK_TRANSFER,10290.95,FAILED,b4a9fe0b-5b40-4ea1-87de-9cb556f3c0f6
2413,2413,2026-06-01 16:08:27.568866,PAYPAL,4051.33,PENDING,203634bf-f107-47eb-8f96-db1737e41536
2414,2414,2026-08-06 15:02:37.642027,CARD,5926.56,SUCCESS,ab504c94-a2d2-4137-bed6-bb8f387af817
2415,2415,2026-08-19 05:39:38.830066,PAYPAL,13518.55,PENDING,d0d93b8b-582a-40f0-8cfe-021d2b933a75
2416,2416,2026-10-08 13:31:48.691872,BANK_TRANSFER,4673.97,FAILED,05cc1354-e95e-4a2c-ac3b-5e3972bac244
2417,2417,2026-09-18 01:39:06.957471,CARD,10599.69,FAILED,0ab0b4ba-412b-4ecb-89e5-943b29c896f8
2418,2418,2026-05-23 04:26:41.600294,BANK_TRANSFER,2063.47,PENDING,57994d77-54c0-44f4-a703-3a33f890be80
2419,2419,2025-10-15 08:39:44.325143,CARD,4668.19,PENDING,9a8792d1-856d-4bda-a919-732fe88288ee
2420,2420,2026-05-15 11:40:37.643399,PAYPAL,4850.41,FAILED,fb29a19f-3912-4d91-af16-3e67b34aa7a0
2421,2421,2026-02-26 14:35:05.636675,PAYPAL,5382.18,PENDING,fbaa14d4-ea5e-432a-a472-8f88732a8f49
2422,2422,2026-09-18 11:10:16.599783,CARD,2218.49,FAILED,1a9face2-1ab0-4c51-8b0d-4cbd09e6c510
2423,2423,2026-04-21 21:55:56.219294,CARD,8283.92,PENDING,da9338f6-8995-491d-8ed3-afeff897c7d9
2424,2424,2026-10-03 17:04:10.525784,CARD,527.78,SUCCESS,6bdc01b5-9572-413e-89e9-39745c1452ca
2425,2425,2026-08-17 12:22:59.551371,CARD,11913.83,SUCCESS,de93f2fb-6654-43dd-8915-d17add3df93c
2426,2426,2026-09-01 20:20:47.534523,PAYPAL,7004.41,PENDING,d76692bd-6416-420b-8713-a3d53b9bd6ef
2427,2427,2026-09-20 04:14:04.096776,CARD,10168.93,FAILED,9bd53714-614f-4082-97e0-85d8dfae4ff6
2428,2428,2025-08-01 15:37:09.767389,PAYPAL,13697.36,SUCCESS,83d0703a-474e-4b69-b721-0f63f6c2c7be
2429,2429,2026-09-28 20:01:12.766658,BANK_TRANSFER,9096.71,FAILED,abcf1d4e-bf02-4ce0-83b9-fcf4e5d4b443
2430,2430,2026-06-05 15:00:01.020578,PAYPAL,9088.2,FAILED,2ffa40f7-350c-4740-ba6f-8411bf011eb7
2431,2431,2026-04-13 04:27:09.982270,CARD,9555.29,FAILED,f6ffef22-120f-44a7-991f-c0669fa43a62
2432,2432,2026-04-24 12:55:12.561455,PAYPAL,8584.73,SUCCESS,548e2df4-9a2f-4623-8b5b-600a488e70e0
2433,2433,2026-03-16 06:37:32.318619,PAYPAL,7349.19,SUCCESS,700d5278-b081-491c-ab03-5822771a4af3
2434,2434,2026-01-13 20:46:21.742311,CARD,13800.46,FAILED,e4239023-6c59-4f2e-9959-0bbba8c3a7b7
2435,2435,2025-10-14 13:57:12.065733,CARD,1019.97,FAILED,f0a4f07e-4303-4244-9d6e-06e8ad6971c0
2436,2436,2026-03-28 11:19:57.008588,PAYPAL,1315.19,FAILED,d784a939-ad6f-4e1b-97c3-5afed71e3e81
2437,2437,2026-04-22 21:41:59.250413,CARD,7560.84,SUCCESS,08225318-464b-43f2-abf7-889a28df781e
2438,2438,2026-04-16 12:23:33.628730,PAYPAL,5116.95,FAILED,983a5121-8e1e-4f2b-a2dc-b2030626cb30
2439,2439,2025-11-26 11:42:14.659241,BANK_TRANSFER,10731.62,FAILED,f1ad9124-20f7-4d29-95cb-f2d90f24e803
2440,2440,2026-04-27 13:19:35.842877,PAYPAL,1642.46,FAILED,3eb45346-f488-4bc8-9c05-37e339b316a2
2441,2441,2026-06-06 06:19:34.362927,BANK_TRANSFER,1477.68,FAILED,3dc766d6-1e09-4961-b19d-78e30768570c
2442,2442,2026-06-30 03:25:29.586245,PAYPAL,1146.86,FAILED,ddfd3975-1753-4864-bfb1-4b4b812a7c82
2443,2443,2026-08-09 14:39:03.845466,BANK_TRANSFER,12538.87,FAILED,3f6c9df5-394d-42c9-8b57-5c1124ced0a1
2444,2444,2025-10-05 23:57:57.650953,BANK_TRANSFER,11978.8,FAILED,520a38e0-0da7-4237-9fe2-cadc8cbab2b1
2445,2445,2026-09-15 05:06:01.209065,BANK_TRANSFER,4486.2,FAILED,1360d6b6-ff8a-4b6e-866a-60658c513a02
2446,2446,2026-07-28 16:22:27.747187,CARD,1992.75,SUCCESS,1df19d03-f257-4076-8454-1f13ac74e301
2447,2447,2026-08-09 17:30:43.015125,PAYPAL,5418.95,PENDING,47bb6aec-7500-431b-b4ea-b00137ecf916
2448,2448,2026-07-18 12:13:45.436956,PAYPAL,3804.54,PENDING,7558aace-6758-453c-9379-ceb3329e3f4d
2449,2449,2025-11-05 17:02:00.394984,PAYPAL,11616.69,SUCCESS,7db2517a-7329-4c98-a7eb-7d25a2c98d78
2450,2450,2025-11-13 13:26:49.196426,CARD,6084.22,FAILED,ff7be923-1225-4b77-b5f7-77b7c4569cb3
2451,2451,2025-08-03 10:26:33.118883,PAYPAL,7006.64,PENDING,6e7659e3-9baf-4924-9da6-01ea61875ae0
2452,2452,2026-03-14 04:34:38.260158,CARD,7971.59,FAILED,eaa0f9a6-b263-42ae-b672-317d5e3b3441
2453,2453,2026-02-19 09:35:16.887784,CARD,2044.14,FAILED,f5f1607b-5a7b-491e-8bba-8a39e5e19ec1
2454,2454,2025-11-24 15:32:14.918337,BANK_TRANSFER,12377.79,SUCCESS,91ee4bf8-9c92-4c06-97df-de3b917f1f1c
2455,2455,2026-05-08 10:30:31.368859,BANK_TRANSFER,344.66,FAILED,57b4d9ae-e41a-4161-8681-cc005e2b0f96
2456,2456,2026-02-12 22:46:49.500706,PAYPAL,9860.43,FAILED,a112d6a2-b036-433c-bd70-0453a6069af6
2457,2457,2026-05-16 15:17:18.505167,BANK_TRANSFER,6644.26,FAILED,153e1a00-a1ac-403b-b5c7-6204902a459a
2458,2458,2026-07-29 12:03:53.138291,CARD,4035.18,SUCCESS,e015bd1b-5d53-43e5-8391-f85d4ce48e87
2459,2459,2026-10-12 14:25:39.091278,BANK_TRANSFER,4068.26,SUCCESS,1305c302-e5c7-4fe4-8946-0a43d6ffd242
2460,2460,2026-04-28 18:26:24.276569,PAYPAL,2249.73,SUCCESS,29137df6-f12a-43f3-9850-38099fcfdf54
2461,2461,2026-08-06 11:08:16.741788,PAYPAL,6382.57,FAILED,a9ad8897-da6d-45ce-bd33-989721880028
2462,2462,2026-10-05 08:32:23.036508,BANK_TRANSFER,8866.84,FAILED,0fcbc42f-eeda-4619-8f1a-f57524b6a91c
2463,2463,2026-09-17 06:34:31.625063,CARD,8306.49,PENDING,879370a3-c60d-4769-ab32-3824e4eb9b45
2464,2464,2026-04-15 18:46:17.473671,CARD,9402.19,PENDING,c261f93f-c65c-4c2a-a9fd-94158028df6c
2465,2465,2026-06-07 16:41:55.774574,PAYPAL,6453.72,PENDING,dfa896db-18a5-49f5-9036-ba69a66db249
2466,2466,2025-09-28 18:30:45.093058,CARD,6875.38,PENDING,17b022c7-2f5a-456e-b5b3-34c4a11020ab
2467,2467,2026-05-02 00:22:41.639984,PAYPAL,7027.5,PENDING,4b9f1600-7dce-48b0-9fcf-8f6fe85d8eda
2468,2468,2026-08-05 10:51:32.702647,CARD,6048.51,FAILED,cdc7dea3-0f5e-4d86-a620-c92b51d5db5f
2469,2469,2025-10-30 18:02:19.161767,BANK_TRANSFER,14040.24,FAILED,22b089c7-aa31-4ee0-8e8c-9c65ca1c2593
2470,2470,2026-04-29 19:43:40.658379,CARD,6081.48,SUCCESS,e1b79c11-9f7a-41fa-83d9-485962be5e5c
2471,2471,2026-07-12 09:54:18.597135,CARD,12609.35,PENDING,bb0bf375-834c-40eb-8695-a0ba33d5ceaf
2472,2472,2026-07-29 07:48:29.302144,CARD,9850.19,FAILED,0e82cf50-f379-4ab2-8cd8-f53124391e37
2473,2473,2025-05-06 21:04:34.769683,PAYPAL,2795.76,PENDING,dbb5d0f9-aee6-4375-9cc4-adcbba9171ed
2474,2474,2025-09-02 00:53:12.805158,PAYPAL,1362.76,SUCCESS,c9287a8e-1770-4a00-afeb-d2bcb936ff39
2475,2475,2026-05-16 02:42:06.581615,CARD,11466.51,SUCCESS,fdc52c85-e0c8-4a48-88d5-de25fdf4ca04
2476,2476,2025-11-17 16:32:29.432171,CARD,10951.9,FAILED,952f1308-2c41-4f60-b3c5-63babc9dea97
2477,2477,2026-04-14 04:56:45.840684,PAYPAL,6656.4,FAILED,4a20b40f-3bca-4969-afbe-fd0dc5dd049d
2478,2478,2026-07-23 22:43:13.154412,BANK_TRANSFER,1206.79,PENDING,936c8334-05a5-430c-8936-70a9cb572bb6
2479,2479,2025-11-02 19:47:09.254175,BANK_TRANSFER,9881.94,PENDING,16ab05a3-b76f-49b9-8c16-687d2d102257
2480,2480,2026-09-03 09:01:11.680923,BANK_TRANSFER,4751.58,PENDING,b7eb0923-5c98-4385-89ed-d3b6e6b39de4
2481,2481,2026-08-05 11:26:51.398601,CARD,4795.8,FAILED,92593c47-7a6b-403f-9a84-58072a2e1a7b
2482,2482,2026-01-20 05:23:43.803511,PAYPAL,5720.15,FAILED,06e38d30-b518-4d1c-8fa6-41829174729d
2483,2483,2025-07-12 10:11:24.101549,BANK_TRANSFER,5200.68,PENDING,e9c0cd03-9b97-4c27-ba7b-e33fd13a895f
2484,2484,2025-07-27 15:49:37.221514,PAYPAL,678.48,SUCCESS,a7c8ce03-e930-4a4f-8cec-13a722e44299
2485,2485,2026-08-29 04:03:57.070767,PAYPAL,4725.02,SUCCESS,68195119-4d6f-456d-932d-cae42763957f
2486,2486,2026-09-03 18:55:54.977628,BANK_TRANSFER,12801.3,FAILED,1643094d-9826-44a6-a669-4f3f8dbe81e1
2487,2487,2026-09-28 06:22:12.278360,BANK_TRANSFER,3986.04,PENDING,ccc74f10-3435-4415-9d25-7d3ac81f5bbd
2488,2488,2025-11-04 18:34:08.226889,CARD,4690.58,FAILED,3bb487f7-fa36-40b5-bad8-29e9f69669ee
2489,2489,2025-09-14 16:14:10.903660,CARD,12888.77,SUCCESS,7915f907-5dec-4ccc-b5c5-fd9f8099527a
2490,2490,2026-08-09 03:14:10.411422,CARD,2272.07,PENDING,af84add6-c463-490a-99cf-c5aa36deece6
2491,2491,2026-06-28 01:32:35.286155,BANK_TRANSFER,5129.52,PENDING,7630b50d-e47a-48f4-ad07-d2e3b120a7ef
2492,2492,2026-03-03 11:18:11.815137,CARD,11537.85,SUCCESS,7e5a86ad-2f86-41d5-9651-b4bb6a7fae10
2493,2493,2026-07-07 02:12:24.585253,PAYPAL,1104.25,FAILED,c49bdcf1-1db0-41db-a0e0-463dd1c3516e
2494,2494,2026-04-18 20:16:49.466178,BANK_TRANSFER,5237.8,PENDING,9e86e4e8-2a59-4e33-85f5-291206a2afeb
2495,2495,2025-07-21 22:06:19.826514,CARD,1410.58,SUCCESS,80a3e46e-342d-4e17-b52f-1129b2204f32
2496,2496,2025-10-02 17:06:42.374700,CARD,3882.3,FAILED,4a3d6276-179e-4e59-8a18-501d394a3116
2497,2497,2026-08-07 19:01:46.959664,BANK_TRANSFER,4390.53,PENDING,29aab709-08cc-45d7-8f7b-d8174e292617
2498,2498,2026-02-07 20:24:35.347359,CARD,1057.28,PENDING,8e59d128-0cfd-400c-9a33-1379f366d756
2499,2499,2026-09-14 15:10:51.160828,CARD,8907.15,PENDING,9411bd59-11fa-4750-b61e-9e5d873e21b2
2500,2500,2025-12-30 15:31:28.657531,BANK_TRANSFER,226.16,PENDING,5c47581e-cf3f-426a-8d51-16cd6983e150
2501,2501,2025-11-01 12:37:53.893504,PAYPAL,1968.97,FAILED,1b91ba8a-9280-42aa-9312-89471df4d71f
2502,2502,2026-04-13 22:40:45.170925,CARD,5328.78,PENDING,835cf16b-093d-4f52-9710-160bde6d9591
2503,2503,2026-05-29 04:05:58.490830,PAYPAL,3760.48,FAILED,5228b1af-3133-441a-b78a-9213abb31204
2504,2504,2026-06-08 00:56:35.192090,PAYPAL,4364.97,PENDING,b2398791-d10f-4d4a-ba20-9b9d8fc43937
2505,2505,2025-06-06 01:21:59.809851,PAYPAL,4002.6,SUCCESS,3bc6f4ba-26cf-4ce8-b587-a482713884dc
2506,2506,2026-07-04 14:59:26.281324,PAYPAL,4153.57,SUCCESS,6610b404-a043-4992-9cd1-e2d9e18950ef
2507,2507,2026-07-01 06:42:10.539303,PAYPAL,8054.8,PENDING,ecff4025-f94a-480e-8ce6-8b19fde02178
2508,2508,2026-06-26 18:03:20.287708,CARD,7745.04,PENDING,e949e29c-11b7-464a-bd92-2b6fb21e2700
2509,2509,2026-04-26 09:54:03.600452,CARD,1774.42,PENDING,37b83dbe-a7ba-45f1-9bb6-c4a302e78484
2510,2510,2026-04-11 15:37:11.417931,PAYPAL,2736.78,SUCCESS,9e4e31cf-179d-4728-902c-e1fce6e3c5e0
2511,2511,2026-01-11 19:06:46.955920,CARD,4978.06,SUCCESS,7aa88007-c342-4f31-8b0e-12c48194dbaa
2512,2512,2026-01-24 06:37:56.957001,CARD,10598.06,SUCCESS,07b9625d-dde7-4d45-9029-f8e35230f39f
2513,2513,2025-10-09 00:24:16.244844,CARD,2352.57,SUCCESS,28ace558-c81e-477d-b4b8-c32cb8e096ef
2514,2514,2026-08-25 22:09:18.977662,CARD,9516.09,PENDING,45be06f8-3fbf-4901-bc71-3b1be329a51f
2515,2515,2026-10-04 04:15:48.824752,BANK_TRANSFER,11745.01,PENDING,6e0b214f-5e2d-4f94-97a9-bc72437483d7
2516,2516,2026-09-13 07:46:37.810873,PAYPAL,3313.83,PENDING,e4f5297c-418f-4315-939c-ebb37e3b534b
2517,2517,2026-08-30 06:20:01.535079,PAYPAL,3300.98,SUCCESS,0edb24f1-584e-44c3-a40e-2034c51b3ac7
2518,2518,2026-09-22 23:42:56.018282,PAYPAL,1938.43,FAILED,c04a00cb-58c4-4481-b42b-0da87ef55da4
2519,2519,2026-05-25 16:48:14.337842,BANK_TRANSFER,12623.94,SUCCESS,a72c3d57-dc12-454b-b51d-d1565bacd515
2520,2520,2026-08-25 19:39:24.630968,CARD,6368.54,SUCCESS,60985383-d354-488e-9343-087739e14601
2521,2521,2026-07-26 21:17:33.333475,PAYPAL,1895.6,FAILED,06ae5314-64f5-40c5-9e1f-bf0c357ee616
2522,2522,2026-07-14 14:09:12.008867,BANK_TRANSFER,8740.74,PENDING,a47a355e-f5ad-47db-bf59-be37a981cfc5
2523,2523,2026-03-16 18:04:36.238243,PAYPAL,5300.76,SUCCESS,f8f0812d-a6fe-4498-97c3-2ec613ab1631
2524,2524,2026-09-15 21:41:56.303158,BANK_TRANSFER,3805.66,SUCCESS,0e0bfa52-c4e8-470d-ba02-a885be8dee1e
2525,2525,2026-02-07 19:41:57.476079,BANK_TRANSFER,11979.76,PENDING,708292e7-c14a-41a5-b0a5-94afe3893cdb
2526,2526,2026-10-06 15:59:15.339958,BANK_TRANSFER,5623.2,FAILED,301e5da2-f440-4068-87ee-1ab4f8965e8c
2527,2527,2026-07-29 07:28:00.741083,PAYPAL,3645.14,PENDING,dc1631bb-610d-49e1-9caf-686992c5d3fb
2528,2528,2026-06-27 21:58:13.453249,BANK_TRANSFER,2660.84,PENDING,dea12470-6620-429e-acad-b4c10f782400
2529,2529,2026-06-30 09:52:22.051215,CARD,10232.08,PENDING,9b8771ee-9803-4ca7-986a-2ad4037f806b
2530,2530,2026-01-07 15:06:06.607339,CARD,6769.25,FAILED,d65921e3-dcd7-41f5-98e1-d542e9fbbb50
2531,2531,2026-10-14 00:46:58.301003,CARD,7314.95,FAILED,3edd4f0e-9ac6-4e9f-afb9-257165afc237
2532,2532,2026-10-09 03:21:24.664544,BANK_TRANSFER,5310.44,PENDING,3f710a1a-c40f-4bad-bc9f-e716230d8139
2533,2533,2025-09-15 06:50:25.124866,PAYPAL,9618.43,PENDING,7e3f3a28-077e-464e-8f2c-014776120622
2534,2534,2025-04-03 07:06:33.021593,PAYPAL,13574.7,FAILED,d19c5dbc-85dd-4103-917a-8221ae62498f
2535,2535,2025-09-18 18:31:13.995243,BANK_TRANSFER,644.46,SUCCESS,dddca15f-7ed7-4b91-947a-bbe806c3fc60
2536,2536,2026-09-13 13:31:52.780425,CARD,2888.81,PENDING,8f370139-0c6e-4d47-a7ed-47d5463bb015
2537,2537,2026-07-15 17:02:53.460431,PAYPAL,2005.57,FAILED,4c59c04d-3759-4e76-aebf-3f1f3fe8e098
2538,2538,2026-09-18 23:14:48.423548,PAYPAL,5470.84,PENDING,67fe1658-c0ac-4371-8c90-99d407d6c3da
2539,2539,2026-01-28 06:43:12.589556,BANK_TRANSFER,4403.74,SUCCESS,4b0c0c53-7dac-40ee-873f-bace88d616e6
2540,2540,2026-03-29 18:14:47.630995,CARD,16939.04,SUCCESS,86b0a2c6-b188-47b2-8aad-985fb222e140
2541,2541,2026-02-01 14:59:12.670375,CARD,4990.24,FAILED,2bcd2d80-a6ad-4006-a011-cc2b9f8048e2
2542,2542,2026-03-16 06:11:59.635069,BANK_TRANSFER,14002.33,FAILED,01550f52-bb72-42dd-998b-183d55c61577
2543,2543,2026-08-29 07:59:47.689067,CARD,14579.23,PENDING,864c1d67-2463-4434-afbe-bc777e2de034
2544,2544,2026-08-24 10:52:41.209788,CARD,3463.65,FAILED,d6a5cb00-8aaf-4cd7-a9d0-454a5334ac98
2545,2545,2026-09-22 22:44:36.399936,CARD,5345.5,PENDING,f20f9a17-8ce7-4530-9fb3-9348af96edce
2546,2546,2026-08-18 23:59:43.264448,CARD,11335.02,SUCCESS,ffba47b9-50fd-4b74-9b27-737f463ba616
2547,2547,2026-10-04 21:06:17.225059,CARD,5655.29,FAILED,1d44999b-c4f0-44b2-9ec5-d42a3629a4ef
2548,2548,2026-08-15 15:26:57.164940,PAYPAL,623.91,FAILED,0620078b-c81e-4fa3-abbb-8d0ef46ec77e
2549,2549,2026-09-22 02:27:06.304263,CARD,14502.21,FAILED,dca78898-84f6-4a6e-8f91-820aeb59baa7
2550,2550,2025-09-02 05:22:58.785565,PAYPAL,4803.15,PENDING,7ee03bf7-6da9-4d6f-bc36-9380c040f27a
2551,2551,2026-06-15 00:21:39.972811,BANK_TRANSFER,17089.98,PENDING,b5df0c1e-8c3c-4434-b4c8-fba5e8ac133d
2552,2552,2026-03-21 17:53:18.992090,BANK_TRANSFER,13852.16,PENDING,d75816c6-9006-4c5a-a0c6-dd6365791c66
2553,2553,2026-03-29 05:57:39.627187,CARD,2536.56,PENDING,8829e211-3d92-426b-b3ed-d04d2536fa33
2554,2554,2025-09-26 15:55:00.850347,CARD,3435.04,SUCCESS,69440b9c-3c42-4c26-b1e2-25714212af7c
2555,2555,2026-04-06 20:25:46.753701,BANK_TRANSFER,3083.72,PENDING,69cdb716-4faa-4d5b-84d5-708b5d3525fb
2556,2556,2025-10-06 10:15:14.091877,BANK_TRANSFER,5446.58,PENDING,6e4429cc-846b-41c4-8602-21abccb02dbe
2557,2557,2026-07-05 12:19:12.725157,BANK_TRANSFER,13229.9,PENDING,1927e3d4-4408-4f94-b632-b54af1984c95
2558,2558,2025-10-12 02:43:10.372066,BANK_TRANSFER,11936.65,SUCCESS,21595636-169d-4903-8448-05117db85266
2559,2559,2025-10-31 10:25:44.361037,PAYPAL,335.52,FAILED,553a019f-7516-491b-9b0b-d2c93a5d38cc
2560,2560,2026-09-07 00:05:32.860242,BANK_TRANSFER,6184.98,SUCCESS,7b14c8b4-7138-46fd-9338-eda62b2d1a24
2561,2561,2026-04-29 19:41:42.233053,CARD,3267.74,FAILED,836d3cf3-5bbc-4799-8299-10e01f302349
2562,2562,2025-10-03 11:41:14.342737,CARD,3299.37,FAILED,bfd1e8f2-1c64-49c6-9a7a-f3f8834b8382
2563,2563,2026-09-26 03:04:32.771346,CARD,5222.3,SUCCESS,5eafe559-1458-48f0-8c9b-d99240c8a03d
2564,2564,2026-02-26 02:10:35.039783,PAYPAL,11235.29,FAILED,4fc5668b-b4ec-4e8e-9cdc-849a8b46de99
2565,2565,2026-10-07 21:06:15.899375,PAYPAL,6094.64,PENDING,11856991-e442-4699-a116-2d0db3faec91
2566,2566,2026-08-08 22:53:42.437584,PAYPAL,10323.54,SUCCESS,1a1b3228-1e46-47ae-a196-ec6489fce20c
2567,2567,2026-09-12 03:18:10.476236,BANK_TRANSFER,8310.8,SUCCESS,32c011f1-dc18-4c23-87f2-bde7eadce244
2568,2568,2026-09-16 00:55:36.875592,PAYPAL,9804.0,SUCCESS,9b89d383-8432-486a-96de-10e9137d2010
2569,2569,2025-07-10 11:20:15.692004,BANK_TRANSFER,3825.85,PENDING,c85ea40e-05aa-4842-bf93-5d24bf9eba03
2570,2570,2026-08-30 05:30:18.507064,BANK_TRANSFER,8124.79,SUCCESS,450561f8-a16e-4381-b593-31df56fc295a
2571,2571,2026-05-01 22:09:02.227840,PAYPAL,8103.09,PENDING,2cea4994-4219-4e92-a8e6-7bc059c328fb
2572,2572,2026-10-02 23:26:21.511658,BANK_TRANSFER,10185.16,SUCCESS,6138ecb0-3f2e-4130-b843-48458032dee2
2573,2573,2026-05-18 14:02:19.262940,PAYPAL,622.03,FAILED,f16e09b5-d96b-4d4e-acc6-34234167a8cc
2574,2574,2026-06-22 18:58:52.958546,PAYPAL,515.57,FAILED,7ff4fb39-3b41-431a-bddd-ee70d87aeda7
2575,2575,2026-07-12 05:24:49.495223,PAYPAL,10780.41,PENDING,06fd4d08-ce94-46ac-8454-b3e0fd176bf3
2576,2576,2026-05-21 01:11:18.200601,CARD,6355.25,SUCCESS,45cf161c-ad39-4e91-8c9e-a702e095c016
2577,2577,2026-09-07 20:28:37.790757,CARD,1689.64,PENDING,5684b61e-fdeb-47e0-87e3-265250942b90
2578,2578,2026-08-15 01:45:58.871398,BANK_TRANSFER,6033.4,SUCCESS,c9b5bbba-6907-4c49-acb0-6f5b5aab097d
2579,2579,2026-04-11 09:33:10.761950,CARD,12179.6,FAILED,01c72a9d-fe12-4c0d-bb1a-1f9f024516b6
2580,2580,2026-09-14 23:08:19.401711,BANK_TRANSFER,5925.86,FAILED,69e5c6e1-f48d-4c8c-99d9-690617bc399c
2581,2581,2026-06-06 19:21:01.789121,PAYPAL,7462.09,FAILED,c682fe96-7f1d-41b0-a6f5-c6d5233e21ef
2582,2582,2025-07-19 04:52:54.308865,PAYPAL,14148.58,SUCCESS,605c39d8-85cd-40a4-b7fb-06b93875bc18
2583,2583,2026-10-01 02:34:23.686619,PAYPAL,3353.71,FAILED,afde8320-445d-428e-a837-83fc78b93e7f
2584,2584,2025-11-20 21:15:07.938652,BANK_TRANSFER,6930.51,FAILED,ba0e2638-db74-4def-a6d1-6c6e19570f0c
2585,2585,2026-09-28 19:45:12.883626,CARD,1144.45,SUCCESS,cd8c43ee-df4e-4131-be66-0c0571ece133
2586,2586,2025-09-18 04:17:19.058332,BANK_TRANSFER,3358.42,SUCCESS,88faf505-3b54-4bdb-87c6-c8f8cc3f6853
2587,2587,2026-03-28 09:38:36.792436,CARD,1790.65,FAILED,f13aa48f-0e2b-4b42-9fef-e149c93e1531
2588,2588,2026-01-27 12:42:46.106196,BANK_TRANSFER,6308.96,SUCCESS,73738569-a187-46df-adde-c0fad6759c5e
2589,2589,2026-08-29 12:44:27.643668,PAYPAL,2412.99,PENDING,4236158b-3194-4d43-95e1-d191ca3d02cf
2590,2590,2026-06-04 04:13:52.397394,BANK_TRANSFER,3099.74,PENDING,15c4c4cb-92d6-448b-9ac4-667db754afdc
2591,2591,2026-08-27 19:04:30.899379,BANK_TRANSFER,10449.78,PENDING,087c46f9-5c57-4417-a829-8ac0eb315783
2592,2592,2026-08-14 21:46:50.727559,BANK_TRANSFER,5794.56,SUCCESS,cdb405ea-696f-4ed2-b060-b97b11d37b12
2593,2593,2026-04-16 07:34:20.727964,PAYPAL,1903.83,PENDING,c0ed0afd-e43f-474b-9b2b-8060427690d4
2594,2594,2026-06-17 22:06:58.121711,CARD,10791.77,FAILED,d0f587a8-466c-4854-bd94-8f3204ee41f5
2595,2595,2026-05-18 20:24:45.624349,CARD,3949.2,SUCCESS,3056786c-45a2-45bc-8fdd-7514407b0c89
2596,2596,2026-08-07 08:51:41.747140,PAYPAL,4653.15,PENDING,76a141c3-d01d-4f73-b94e-f7a4f611b8d0
2597,2597,2026-05-09 06:23:29.490418,PAYPAL,3217.13,FAILED,cf7b05a7-2c37-49be-ab83-5025b0e72b39
2598,2598,2025-12-11 23:35:58.214804,BANK_TRANSFER,2192.25,FAILED,a927fd46-b668-4f46-94aa-09c292068d57
2599,2599,2026-10-06 08:27:01.792639,CARD,9868.21,SUCCESS,4e0cad29-1fc5-487a-b5b7-0895e0536baa
2600,2600,2026-08-01 00:02:39.814173,BANK_TRANSFER,4706.26,PENDING,414d1f46-5afb-4584-b464-4b99980afee9
2601,2601,2025-07-19 02:33:03.600821,PAYPAL,6458.18,FAILED,9379d429-6d80-4fe3-a31f-67d3bfb468fd
2602,2602,2026-08-22 06:47:39.350832,PAYPAL,797.16,FAILED,fb20f45e-15a4-44cc-95d6-ab9923604ccf
2603,2603,2026-06-16 00:19:47.281699,BANK_TRANSFER,1602.6,PENDING,b2000682-d7b2-4172-b9d9-c4a1b25ae1fa
2604,2604,2026-04-10 09:48:25.128434,BANK_TRANSFER,5276.88,PENDING,2163e697-6f64-4c79-9840-efbd5a8df167
2605,2605,2026-09-30 07:47:54.888193,CARD,8228.51,PENDING,f79c539a-01fc-4fc0-8020-18a82b267d9a
2606,2606,2026-03-25 01:02:00.790603,CARD,344.66,SUCCESS,be138ea5-ee22-4b37-b783-0f486a3747f4
2607,2607,2026-10-08 00:39:02.052159,PAYPAL,2344.35,SUCCESS,dd45a2db-b7ec-4579-ae4b-9e58e34f8ce2
2608,2608,2025-05-11 22:31:09.987002,PAYPAL,6793.06,SUCCESS,4559d756-3466-4def-b263-6386fe29c9b2
2609,2609,2026-04-18 12:38:23.887787,BANK_TRANSFER,3875.75,FAILED,48d9548e-c87c-481d-a98a-221b9478259f
2610,2610,2026-08-22 12:14:34.389326,CARD,6868.57,FAILED,3bf6d178-2f22-49f6-95c7-83cb51a504c3
2611,2611,2025-08-22 10:58:05.358605,BANK_TRANSFER,6603.67,SUCCESS,b62b56d5-68c7-46d2-90ec-e4481e174c87
2612,2612,2026-06-21 14:51:46.962188,PAYPAL,1663.46,SUCCESS,6c2d1000-298c-4609-92c4-94e13a5b201d
2613,2613,2026-06-07 14:54:34.794991,PAYPAL,9508.67,FAILED,7c8595cc-9b25-4656-83ae-de2dbb76e48f
2614,2614,2026-08-10 20:24:36.664280,BANK_TRANSFER,7897.14,PENDING,da2c8e5b-aefa-47b6-b49e-e85fafd580eb
2615,2615,2026-07-04 02:40:37.291046,CARD,9777.73,PENDING,77125222-0344-4031-b1e8-a350172ad6ea
2616,2616,2026-09-01 21:25:50.815117,PAYPAL,4088.37,FAILED,aededc51-201d-4cc9-9a7b-0888f2295380
2617,2617,2026-08-22 05:02:15.279950,PAYPAL,3379.26,FAILED,567cbd94-a7f7-4868-a2e1-cd0c48abb1bb
2618,2618,2026-05-06 15:19:15.088861,BANK_TRANSFER,9596.92,SUCCESS,bd0a239a-bcd7-4da6-932c-22daf3b8d05d
2619,2619,2025-09-19 14:59:09.370945,BANK_TRANSFER,1216.12,FAILED,ffc34906-dfbb-41b7-8544-fee9db3f516b
2620,2620,2026-06-08 16:55:48.588357,CARD,10035.05,FAILED,8f374779-4d3e-4ae0-90f7-a1d1f09df083
2621,2621,2025-10-05 03:25:42.904059,CARD,8776.75,SUCCESS,49d5deec-da6a-4c2e-abc6-c400b2e7e413
2622,2622,2026-06-25 23:42:07.480643,BANK_TRANSFER,6402.08,PENDING,d909f159-a318-4918-a41a-576cb4a31d6a
2623,2623,2026-09-07 11:00:52.324324,BANK_TRANSFER,2542.67,PENDING,59c13918-b6b0-4726-9039-9f423ec6f665
2624,2624,2026-06-11 03:17:54.004447,CARD,1691.52,FAILED,d0464fea-e312-4624-bf17-bd6fc98454fb
2625,2625,2026-09-17 21:40:03.071589,CARD,1010.16,FAILED,7bbfa8ea-3698-41f8-a3d0-ed8933b5d393
2626,2626,2026-02-03 06:44:59.153400,PAYPAL,17441.96,PENDING,b6835a9d-78cc-49a6-8f47-0c3788ed944f
2627,2627,2025-10-16 03:22:44.703310,CARD,12257.35,SUCCESS,92e32273-7def-44fc-a88f-311f67c73503
2628,2628,2026-10-12 17:11:18.978356,PAYPAL,11973.7,PENDING,0c5bef44-3547-4403-a8d7-ecd01febf83d
2629,2629,2026-09-19 09:57:52.608805,PAYPAL,3914.77,FAILED,60dc0317-5361-43d4-a2a0-6bd86a205781
2630,2630,2026-04-22 23:29:05.136861,BANK_TRANSFER,5597.33,SUCCESS,78ec221b-b602-4a95-b359-92e374d30179
2631,2631,2026-06-27 20:35:14.471505,CARD,2240.1,PENDING,8f7440d5-8484-4071-9776-76811531918e
2632,2632,2025-10-25 15:38:05.136358,PAYPAL,4832.0,PENDING,109368ff-fc0e-4433-ba9c-5a2aba900186
2633,2633,2026-07-16 05:51:52.812860,PAYPAL,3184.81,FAILED,77ff9820-f5cb-4605-bce7-7237dd849b2c
2634,2634,2026-10-08 10:48:13.492300,PAYPAL,4044.69,PENDING,ca576655-8590-4a75-a3de-00e3acd5b2b6
2635,2635,2026-09-23 10:47:00.673384,PAYPAL,11127.5,PENDING,ef9e4435-b8b6-4101-aeaf-248f12af19a8
2636,2636,2025-03-29 13:15:26.792569,CARD,8199.34,SUCCESS,1db1c0b0-1eee-43d7-93ac-f2e0ba4bf222
2637,2637,2026-10-13 16:25:39.444222,CARD,3428.31,SUCCESS,eedab4fe-4cfa-4687-9379-19941e87d756
2638,2638,2026-01-23 07:34:26.716430,CARD,3753.55,PENDING,a64e88d0-b66a-47eb-a1bf-4326412c1034
2639,2639,2026-09-14 07:18:10.455120,PAYPAL,7951.59,SUCCESS,db33c44d-9520-43e2-bfd5-f52d1a62de3e
2640,2640,2026-06-18 21:51:49.485192,CARD,6714.52,FAILED,751d2eb4-9399-4743-821c-930c0f7323a7
2641,2641,2025-09-17 05:43:09.465647,CARD,7390.31,FAILED,c4775de9-bb40-49bf-ac26-76474dadaaad
2642,2642,2025-10-06 01:45:57.046080,PAYPAL,2971.64,FAILED,f5a99ca1-367f-4d43-bd4e-15deeb168a10
2643,2643,2026-06-19 08:03:56.274693,BANK_TRANSFER,3453.96,PENDING,ead0a63c-8424-443c-aba6-c69dc505ac21
2644,2644,2026-02-28 06:13:30.630463,BANK_TRANSFER,499.32,SUCCESS,f8566394-5623-4d9c-83f0-e1aba6cafb60
2645,2645,2026-07-23 04:29:29.331948,PAYPAL,5860.13,FAILED,b8bb90a5-ffff-450c-bf3e-1f923dbdac3b
2646,2646,2026-06-23 04:35:18.756638,CARD,2115.87,PENDING,acb88598-8f3f-46c5-8ada-3149f871ebed
2647,2647,2026-08-14 08:03:42.501412,PAYPAL,10772.75,PENDING,01361b8b-755f-4ddc-bede-2223ba5ecc6b
2648,2648,2026-02-08 04:16:10.997117,BANK_TRANSFER,7277.24,SUCCESS,1ef9d51f-e329-4512-8f7d-8e968f70f779
2649,2649,2026-08-23 17:36:11.460909,CARD,3271.34,FAILED,5596eef9-2c2e-4357-be04-20265733fba4
2650,2650,2026-09-27 00:55:52.430945,CARD,3379.41,PENDING,a6596289-c03f-42ef-9627-e3cf2825a04b
2651,2651,2026-06-04 03:04:51.460757,PAYPAL,5508.84,FAILED,8cf43673-07e2-41b9-940c-46db8e0fb501
2652,2652,2026-10-12 04:43:16.838790,PAYPAL,9542.67,SUCCESS,7baa87f7-67fb-47a6-aa7e-c945c1448390
2653,2653,2026-04-27 23:05:28.907454,CARD,2502.48,SUCCESS,68babf80-9d50-4e63-8f76-8f1d95e6fe6d
2654,2654,2026-09-21 22:30:08.124225,BANK_TRANSFER,8572.41,FAILED,25fdb592-04ff-453e-ba5f-0d5269748e04
2655,2655,2026-06-03 22:36:12.839094,CARD,167.76,SUCCESS,d7f55b10-b80b-4efd-a91a-c1c75c4f5965
2656,2656,2026-09-21 22:19:52.160489,BANK_TRANSFER,315.38,PENDING,923302e5-d435-4914-b70a-bfbcfe24eaf8
2657,2657,2026-08-20 09:21:56.512937,PAYPAL,6194.12,SUCCESS,68ed0e6f-102c-4379-b599-8c785c6af630
2658,2658,2026-08-31 08:02:54.498394,BANK_TRANSFER,11035.32,SUCCESS,87944b4c-ab2b-4291-9345-2c2cc20b04e3
2659,2659,2026-09-21 04:36:16.540695,BANK_TRANSFER,9234.6,FAILED,004c4600-b79f-4bc5-84be-c5ca1bc13d5e
2660,2660,2026-06-28 20:30:06.611990,CARD,6339.62,PENDING,beb9e02a-fe36-44f8-aed0-4785305c87e1
2661,2661,2026-10-03 05:49:13.467327,BANK_TRANSFER,4593.01,SUCCESS,97fe8547-bfcf-4715-81cb-9833d4fbc391
2662,2662,2026-08-10 04:11:35.578674,PAYPAL,4141.94,FAILED,cf8cd3f4-0bf0-4e37-b26f-c529056bb931
2663,2663,2026-02-22 02:41:22.490290,PAYPAL,9562.84,FAILED,87194c22-0f8e-4bce-86d6-9a44852afbbb
2664,2664,2026-09-11 03:37:55.652133,BANK_TRANSFER,6700.07,SUCCESS,eb46c9da-6aba-4fa2-bbb1-5da9c076e606
2665,2665,2026-04-26 11:02:28.245666,CARD,3317.66,PENDING,cebdc3e3-c05f-40c8-af44-cd6dc382ba7f
2666,2666,2026-09-30 10:30:54.413943,PAYPAL,2003.99,SUCCESS,7fab7d8b-095d-494f-aa0a-697f398c3efc
2667,2667,2026-07-07 20:23:42.473836,PAYPAL,8519.04,SUCCESS,08fdd0ce-b4d0-46a4-80a1-451ecb62b9f2
2668,2668,2026-09-20 22:56:54.625477,BANK_TRANSFER,1798.62,PENDING,3c0d541a-83cd-4fa7-a3de-de31e3a94b00
2669,2669,2026-01-21 21:36:15.174939,PAYPAL,5479.04,PENDING,ac218606-2790-4014-9807-b8d5457538a5
2670,2670,2026-06-17 08:47:19.108752,BANK_TRANSFER,1907.1,FAILED,4df1a4ad-b8f8-447b-bde0-91976f68e05e
2671,2671,2026-01-17 18:46:56.513347,CARD,11700.36,SUCCESS,af222448-ef12-45b2-a8cc-3596dd7fd5d5
2672,2672,2026-01-27 06:54:24.196554,BANK_TRANSFER,8534.3,SUCCESS,da38562b-0f2c-40b2-98fd-2d5468eba848
2673,2673,2026-05-16 22:31:16.100479,CARD,9322.11,FAILED,44de96e0-dd0d-47dd-ac56-ade449515159
2674,2674,2026-10-09 08:00:49.775593,CARD,11874.96,SUCCESS,221b789e-710f-4f83-9110-c40c651c9898
2675,2675,2025-12-01 03:10:44.416027,CARD,3083.75,SUCCESS,46b383a6-ad4e-4ccc-9c46-7deb6529adf5
2676,2676,2026-05-18 10:41:29.668368,CARD,9776.67,PENDING,808c9522-2900-49b5-8284-4c24991bf365
2677,2677,2026-08-14 22:38:45.527590,PAYPAL,6919.35,SUCCESS,7f97ebd8-457d-40a9-9602-bba0ff78b60f
2678,2678,2026-06-09 20:56:31.882834,CARD,7183.77,FAILED,eb6041f8-dbee-466a-80e4-e0b0599b3cae
2679,2679,2026-09-13 15:06:59.461358,BANK_TRANSFER,1871.73,FAILED,c3c44f31-5576-4232-8ead-4349319ee85a
2680,2680,2026-07-11 12:25:44.245572,PAYPAL,1608.39,SUCCESS,6ffd9855-2f97-4059-8f9e-5c14262fb51d
2681,2681,2026-09-28 06:50:46.855788,BANK_TRANSFER,15942.94,SUCCESS,fa08c994-fddf-4fe0-9c88-679365af064a
2682,2682,2025-09-27 12:59:58.295661,PAYPAL,7428.18,PENDING,be41cfc4-d85c-4ff4-a000-7b10377a163b
2683,2683,2026-09-12 14:39:13.549002,BANK_TRANSFER,7777.25,FAILED,58667341-4174-47e9-a76e-6aacf3b89516
2684,2684,2026-01-07 05:52:49.960607,BANK_TRANSFER,1417.74,PENDING,717c3394-f3d3-4d47-9f08-13dfed28e30d
2685,2685,2025-07-24 20:10:28.160583,PAYPAL,2671.98,FAILED,b73b35fe-e917-4ed1-9c9e-1d5702968285
2686,2686,2026-06-04 13:28:46.458527,CARD,9966.66,PENDING,c0e4712b-7621-4b47-be35-d237ffc4ab92
2687,2687,2026-06-22 10:00:30.973694,BANK_TRANSFER,1327.22,FAILED,0a0a7a8a-c2b6-4a9a-868b-113b42066ad7
2688,2688,2026-05-05 13:23:06.842730,CARD,5571.17,PENDING,6ec426c1-1627-4342-95c3-4e893a233ea3
2689,2689,2026-01-31 13:34:58.532961,BANK_TRANSFER,4109.63,PENDING,459241ac-2603-45c8-a5b5-32dd258a0e74
2690,2690,2026-06-13 09:03:30.664368,BANK_TRANSFER,3059.91,FAILED,1f46a455-5e3b-49ce-ba87-deb7bea02dff
2691,2691,2025-09-15 18:24:51.963054,CARD,14363.62,FAILED,7b70a734-333a-4009-8ed7-c6e6b5456648
2692,2692,2026-07-12 02:51:54.806021,PAYPAL,5253.22,PENDING,06544239-fbc3-4387-97f3-33229323338b
2693,2693,2025-02-17 21:57:03.120825,BANK_TRANSFER,11740.23,FAILED,d699bbbe-d72f-4825-9bb0-6f00cc6dffe7
2694,2694,2026-09-04 05:01:42.408763,PAYPAL,8326.16,FAILED,c45ea576-ec95-4111-b92c-22846641ba88
2695,2695,2026-03-30 03:48:29.031787,PAYPAL,11912.94,FAILED,22d117dc-31b2-43cb-b578-3e64ee429722
2696,2696,2026-06-13 20:39:02.094667,PAYPAL,8759.42,FAILED,4203e5da-fe2f-4fa1-b793-d2f23b05344d
2697,2697,2025-05-06 01:46:07.141765,CARD,11165.29,PENDING,b2788e68-5ade-490e-b194-c92c8864f060
2698,2698,2026-10-02 19:01:33.982351,BANK_TRANSFER,3381.8,PENDING,8506d4a7-c551-4713-b24b-c2c0c5f8fded
2699,2699,2025-11-18 23:14:00.117870,BANK_TRANSFER,6528.51,FAILED,d538e813-c959-4492-a52c-738e23cac64b
2700,2700,2026-08-01 20:01:32.987422,BANK_TRANSFER,3959.42,SUCCESS,2d3d1ee8-ac96-4dc7-bf4e-8eeb3817fe8c
2701,2701,2025-06-16 01:33:13.133286,CARD,8428.72,FAILED,1a1d2340-3538-47d6-9469-30aec03bfa94
2702,2702,2026-01-13 06:41:40.635905,PAYPAL,3786.74,SUCCESS,78b68612-b7ab-41ef-babb-c7cccf5676e4
2703,2703,2026-09-04 10:10:38.613316,CARD,12874.61,PENDING,e2a60fe3-b6e1-4a21-b2ef-1b61bbbcc3e6
2704,2704,2026-09-11 04:17:07.926230,BANK_TRANSFER,8888.58,FAILED,4febf360-9585-4083-b163-9f148b105a79
2705,2705,2025-06-23 02:06:53.154771,CARD,1903.83,SUCCESS,e567ccff-ef83-49e3-8040-7101352657bc
2706,2706,2025-08-16 17:14:02.241934,PAYPAL,8457.22,SUCCESS,446085d6-02da-4b64-b21e-0a41be396a77
2707,2707,2026-03-24 03:21:16.357327,BANK_TRANSFER,15510.47,FAILED,3257d849-c2fc-4d79-a30b-2bb43bb46892
2708,2708,2026-09-06 23:35:45.178700,BANK_TRANSFER,2140.7,PENDING,e321fecb-8993-4312-a072-5989a1db830f
2709,2709,2026-08-24 08:02:47.129597,PAYPAL,4920.48,SUCCESS,5dfc843e-47eb-4404-888b-464b35e6168c
2710,2710,2025-10-14 22:22:05.084218,PAYPAL,8233.14,PENDING,20bceac5-151e-487b-b7e0-4b1ec41b6e70
2711,2711,2025-11-12 12:28:18.492441,CARD,3999.9,PENDING,a03d6600-8c24-4e9b-a40e-e0157ca33bbc
2712,2712,2026-09-17 17:48:30.276385,CARD,10105.77,SUCCESS,709c82c0-3818-4857-b6f9-338544f63b7a
2713,2713,2025-07-06 05:50:41.409218,CARD,3036.85,PENDING,a4479ae2-b5fb-4028-8d0a-d95c86157303
2714,2714,2026-02-22 15:17:05.161160,CARD,3086.68,FAILED,ad72b66a-afe4-407a-af6c-64b1c0b3a374
2715,2715,2025-08-31 17:17:27.449126,CARD,8318.9,PENDING,a8a2355d-9245-48c3-abc4-75b6f310f61d
2716,2716,2025-11-20 07:14:25.169579,BANK_TRANSFER,3985.1,SUCCESS,a70d655d-fa2c-40ee-a4c5-f25c043d70e7
2717,2717,2026-04-24 19:32:27.025782,PAYPAL,2848.29,SUCCESS,b4bdc2c7-d81a-40b9-9e99-75464bb90cef
2718,2718,2026-10-04 07:00:14.614547,PAYPAL,10123.75,PENDING,b0efea91-d4fd-4efd-ba58-132e4d6d7a14
2719,2719,2025-09-02 01:41:39.597504,PAYPAL,3532.65,FAILED,b25cc8c6-aa6a-43ff-bd4d-bfb45e1e4023
2720,2720,2026-04-29 05:12:30.592708,BANK_TRANSFER,1207.99,SUCCESS,ab310d48-9ee7-459e-b6ac-5ae638f2ffa7
2721,2721,2026-02-03 04:01:47.343914,PAYPAL,1410.58,SUCCESS,34cd5d6f-52bd-407b-87b5-c69a4a13de29
2722,2722,2026-04-10 17:06:14.172333,CARD,5427.64,FAILED,32be7b1f-7347-4176-92eb-9dc9a115ce59
2723,2723,2026-04-28 20:39:31.792978,PAYPAL,7854.52,PENDING,6dbdbe0c-9a3f-4844-b7e1-f349fda5cb8c
2724,2724,2026-04-17 17:45:58.437059,BANK_TRANSFER,9318.2,SUCCESS,4358d081-3445-4610-9de2-b1e95cd74179
2725,2725,2026-07-05 12:28:06.324870,CARD,9261.9,FAILED,8e5c16f7-fdf6-4579-86b3-468821fe4bde
2726,2726,2026-09-13 04:26:55.782817,CARD,8594.18,PENDING,3890135e-09bb-4d1a-9279-7a73cd839265
2727,2727,2026-05-14 07:08:00.811255,BANK_TRANSFER,1776.74,SUCCESS,77fff0fe-9b70-49a0-a901-73cd9d157d1a
2728,2728,2026-08-26 08:23:41.980996,CARD,890.66,SUCCESS,dccd5aec-8493-439d-ac10-ba34ad4bd7d8
2729,2729,2025-09-12 08:52:30.225769,PAYPAL,4416.12,PENDING,5f4eb06f-b181-4a83-948e-b7023612f729
2730,2730,2026-09-22 20:35:19.665919,CARD,9204.58,FAILED,8282db58-9807-463a-9837-e8b92a3c2f6b
2731,2731,2026-09-05 07:13:14.242731,CARD,5534.35,SUCCESS,6bacd409-ac97-43d1-9303-ad2d94e74902
2732,2732,2026-10-11 08:25:37.445731,BANK_TRANSFER,2733.0,SUCCESS,14a89212-c785-4729-9ce0-cd25cc4110a4
2733,2733,2026-08-08 10:48:21.815347,CARD,1017.42,FAILED,54e52aae-20b5-42d5-87a4-7981ba3c680d
2734,2734,2025-11-01 05:50:02.949945,PAYPAL,8717.54,PENDING,e958af86-e07f-4b55-af34-f0646f97ebe0
2735,2735,2026-06-18 19:35:29.274349,BANK_TRANSFER,1047.88,PENDING,abccd7e5-a34d-4ee8-a7a0-12f986256527
2736,2736,2026-09-08 07:35:04.409076,CARD,5313.31,PENDING,39209ed6-752e-4f49-a56f-7bcd673cdc9b
2737,2737,2026-10-11 23:23:19.724089,PAYPAL,10359.44,FAILED,17f78015-7895-411e-aae4-a14f7e84b263
2738,2738,2026-09-25 03:26:20.313595,PAYPAL,3476.06,PENDING,adb4c947-93b6-4b2a-9178-4374d42ebd39
2739,2739,2026-06-19 15:12:52.215414,PAYPAL,2585.9,PENDING,95652ccf-8f3c-4d61-a46f-785c3f2209a7
2740,2740,2026-09-26 14:30:48.236957,CARD,9662.64,SUCCESS,bb100491-e3fc-4367-96ca-77c89d9a7088
2741,2741,2026-03-16 04:32:15.388566,PAYPAL,2315.42,FAILED,4f77a7c2-2f69-4b34-95bf-39238719c839
2742,2742,2026-07-15 02:59:34.387337,BANK_TRANSFER,3584.87,PENDING,27179b32-2b3c-4a34-a191-f9b7783e70a7
2743,2743,2026-09-18 01:55:05.205662,BANK_TRANSFER,1942.83,SUCCESS,66834d0b-c266-4c3f-90e4-08a65a3b73ba
2744,2744,2025-07-21 02:36:43.592719,PAYPAL,9444.21,FAILED,34b5bf07-4b82-4317-b117-9705ad502c97
2745,2745,2026-07-17 14:36:00.801371,CARD,14925.09,PENDING,98b8dd90-3a54-447a-aa25-5538fc5c960f
2746,2746,2026-09-29 06:49:42.902713,CARD,6310.6,SUCCESS,98b28ca8-eabd-4c89-9639-a1969d7652ce
2747,2747,2025-09-21 19:18:29.803232,PAYPAL,6378.88,PENDING,590dc4bf-9019-4c4a-8e6b-bcf73378d6c4
2748,2748,2026-03-19 02:12:51.885297,PAYPAL,5238.43,FAILED,5cbf4a55-6a2d-46e1-8937-1332be7d4412
2749,2749,2026-02-13 17:26:00.059570,BANK_TRANSFER,3254.28,SUCCESS,32c97319-5e35-434e-a725-a5e2a99b1357
2750,2750,2025-07-26 18:22:36.140041,PAYPAL,11313.36,FAILED,379a7280-7d97-4b59-8377-dc890ee6b4f4
2751,2751,2025-09-15 10:15:20.926404,CARD,7296.91,PENDING,174e6248-da27-4919-bd03-3fda264d4d0e
2752,2752,2026-09-13 09:03:21.087738,BANK_TRANSFER,14015.57,FAILED,f1e57ccf-ce81-4acf-bc7e-3e70257f2598
2753,2753,2025-11-14 07:19:53.350737,BANK_TRANSFER,7482.66,FAILED,60445cae-abe6-4d42-a152-c861343ae913
2754,2754,2026-07-03 13:38:58.374807,PAYPAL,6879.84,PENDING,59d627e3-2af1-4324-b914-cc19be2f0645
2755,2755,2026-07-28 11:40:12.434807,CARD,5489.47,SUCCESS,3473862c-7611-4c02-8b73-6403a824d04c
2756,2756,2026-06-17 05:35:39.859174,CARD,5742.42,SUCCESS,f2736a9e-2b85-4585-af96-530bd3ab1c3f
2757,2757,2026-04-21 15:34:29.311419,CARD,5515.77,FAILED,73b76c57-8147-4a1e-ab0a-2fb548fb11f0
2758,2758,2025-12-03 06:59:22.323275,BANK_TRANSFER,6106.02,SUCCESS,10b84703-facc-4e01-9930-0e2b36bd5f09
2759,2759,2026-07-04 06:32:33.473209,BANK_TRANSFER,2661.63,FAILED,1895f5da-cc04-4d6b-814d-7938643536b3
2760,2760,2026-07-28 05:33:14.181029,PAYPAL,7350.58,FAILED,4d67b507-02a8-4927-9a6b-d971088befee
2761,2761,2026-08-14 01:12:13.945790,CARD,6437.84,PENDING,f85e2283-b851-4114-a575-e8af6e48582c
2762,2762,2026-06-14 15:32:45.422726,CARD,3787.79,FAILED,f9e5cbb0-3537-4547-b13e-d7a3bf6f2874
2763,2763,2026-09-27 17:44:20.263819,PAYPAL,6551.93,PENDING,4de07f10-4f3e-4166-a9d1-53e1277d0dc9
2764,2764,2026-09-07 14:16:39.372709,PAYPAL,11304.73,FAILED,8ec03751-c4cf-4a8b-8607-560f72808d5c
2765,2765,2026-09-22 13:41:06.802284,BANK_TRANSFER,8341.63,SUCCESS,aa1af070-329c-4dfa-b0db-93f0a0c15094
2766,2766,2026-05-31 07:26:18.258599,BANK_TRANSFER,12951.71,FAILED,a14e4b5f-5cf1-4a61-9d31-93505b7ed2ff
2767,2767,2026-09-30 21:12:51.595247,BANK_TRANSFER,12344.77,SUCCESS,6e455608-fde1-4736-bbfd-f54a1763be41
2768,2768,2026-07-05 11:04:30.084094,PAYPAL,10340.05,SUCCESS,abbfcb6f-9dc9-45cf-90eb-4f87c971c143
2769,2769,2026-03-07 10:03:46.259174,CARD,6830.36,SUCCESS,eb200237-18c3-41f4-bee2-d7aa32a4d31a
2770,2770,2026-09-07 09:48:43.859660,BANK_TRANSFER,8469.94,PENDING,b50eda50-c56a-4a5b-b00d-c347ea508c37
2771,2771,2026-03-15 05:53:29.302068,BANK_TRANSFER,15385.26,PENDING,8f29829f-f318-4320-a374-c6a45da1981b
2772,2772,2025-12-17 02:36:31.840629,CARD,3083.26,SUCCESS,7da7d90a-c050-4c08-999e-2787491abb0c
2773,2773,2026-08-10 15:04:22.943522,BANK_TRANSFER,8764.88,FAILED,6f71b9ba-6b20-4590-859b-3fa5b73cdcb4
2774,2774,2026-09-20 13:30:15.021286,BANK_TRANSFER,2177.97,SUCCESS,ea06d23a-4143-4a2f-8cd6-701cd5dc3956
2775,2775,2025-11-22 07:52:28.957575,CARD,9613.05,FAILED,f7f199e1-f5dc-4f5f-b04c-6cda36a1e8cc
2776,2776,2025-09-30 11:48:55.018051,BANK_TRANSFER,5973.48,PENDING,e1d6c076-8c91-481c-84a3-165a70c34b26
2777,2777,2026-06-20 19:24:42.493893,PAYPAL,1679.16,SUCCESS,f1dbc1a3-e450-43e0-8950-247cc55fca61
2778,2778,2026-04-11 21:02:28.696291,PAYPAL,8414.04,SUCCESS,9295ea37-f181-4a39-804c-e722217a0200
2779,2779,2025-08-01 07:20:40.601825,BANK_TRANSFER,1206.79,SUCCESS,5842e17a-6fce-4669-a394-eb4d54ede5c3
2780,2780,2026-10-07 19:15:57.471250,BANK_TRANSFER,6373.52,FAILED,7147d088-30fe-4141-8d99-a727167f0607
2781,2781,2026-01-23 13:04:30.915431,PAYPAL,2312.04,SUCCESS,730940c6-bd7a-49e2-8d8d-aabee4d887f0
2782,2782,2026-01-22 13:48:23.176476,CARD,3526.28,FAILED,c0ef4f70-ec1f-4cbd-8756-996397ea0bf7
2783,2783,2025-12-24 00:46:25.936015,CARD,7676.18,FAILED,460017c8-71ef-4d6c-ba06-ae193c840528
2784,2784,2026-06-11 07:58:11.575510,BANK_TRANSFER,9388.41,SUCCESS,9b31e68b-0b1c-4116-9ad1-904c4397028d
2785,2785,2026-08-27 10:45:54.418278,BANK_TRANSFER,10951.48,SUCCESS,36ddcbc1-9e74-4b6a-91a4-2ce7821393f1
2786,2786,2026-08-01 18:16:32.358432,BANK_TRANSFER,13783.73,PENDING,52c8627c-bf35-42d4-a861-d243652365bf
2787,2787,2026-01-01 19:34:19.337511,BANK_TRANSFER,16951.75,SUCCESS,dc4e8ff1-82f1-4cf2-8b8a-48fb3d5fd707
2788,2788,2026-02-25 14:03:36.005039,CARD,3650.35,FAILED,63d2bf70-ac4e-4350-9425-906597792b8d
2789,2789,2026-07-06 22:10:50.578160,PAYPAL,635.04,PENDING,a3c8a09b-f3ca-4e38-9bb6-eb7ecd5df7bc
2790,2790,2025-05-01 14:32:35.040639,CARD,3754.74,FAILED,c6477f74-4c54-42e3-b8e8-15f2ee2ab0b8
2791,2791,2026-08-10 15:33:28.640333,BANK_TRANSFER,10034.76,PENDING,67dbfad4-8744-4c23-804a-67725bbb52d7
2792,2792,2026-05-02 10:38:46.619144,CARD,9605.33,SUCCESS,2fc941de-1cb2-4402-bf2a-bdf72d4308b0
2793,2793,2026-09-15 13:31:35.445161,CARD,4683.48,SUCCESS,083dd6f7-638d-4efe-9b0d-2428af9f9ce0
2794,2794,2026-09-15 17:35:57.192786,CARD,6339.78,PENDING,014ed36c-1041-42d0-b3ad-f9e681209d2d
2795,2795,2026-07-20 02:32:01.835642,CARD,8984.0,PENDING,de26ec1a-5482-4427-b5a6-d5cc0b8591ff
2796,2796,2025-08-08 17:47:38.341558,CARD,12201.76,PENDING,6d5ac9ee-61bb-4395-8a6d-c41b9f34b145
2797,2797,2025-11-24 23:47:04.320749,BANK_TRANSFER,622.22,PENDING,0f004b33-cd68-46e0-9660-34854cb62fb0
2798,2798,2026-08-22 06:59:59.451765,CARD,11956.58,SUCCESS,46b55953-70f8-4810-8272-5442670124c5
2799,2799,2026-05-02 23:06:33.824069,BANK_TRANSFER,3985.5,FAILED,1f5dd7ba-9534-4e6d-a9fc-4e25bc125ea2
2800,2800,2026-05-31 10:39:44.627579,BANK_TRANSFER,13650.4,SUCCESS,14c098b8-6d10-40a0-94f8-9da1e19f8cc9
2801,2801,2026-09-06 18:50:29.484002,BANK_TRANSFER,1027.02,SUCCESS,0b55ea88-5689-4531-8fff-52ca1da49151
2802,2802,2026-10-10 17:30:39.875779,PAYPAL,7413.53,PENDING,d0ef118d-9315-461e-ba1e-47dc3cdc8310
2803,2803,2026-08-08 16:34:04.462176,CARD,4413.32,SUCCESS,59e4d312-faa1-4fb0-9021-6737b2e17215
2804,2804,2026-01-01 03:43:20.164444,BANK_TRANSFER,6207.18,PENDING,b60147c8-80b1-4033-b5cd-169668a57fe0
2805,2805,2026-09-17 08:20:28.714157,CARD,9760.53,FAILED,e727213a-9022-4ab2-a373-01de11f40812
2806,2806,2026-06-25 17:32:04.908758,BANK_TRANSFER,8163.4,FAILED,4d7d9c5e-d41b-4559-89af-27940adb1073
2807,2807,2025-06-14 17:17:58.436720,CARD,12086.04,FAILED,3700e363-38bb-4df4-9a28-538b85690625
2808,2808,2025-10-29 22:21:48.631950,BANK_TRANSFER,2208.24,PENDING,6a7deb29-8b37-4113-9857-fa2c218aaac9
2809,2809,2026-07-31 06:52:59.381863,CARD,7693.79,PENDING,19b4f0b4-0053-4212-a6ae-02c5a95890e7
2810,2810,2026-07-25 19:33:02.425833,BANK_TRANSFER,4322.17,SUCCESS,bfcc1b34-50ce-49b7-9054-e42983fffeb5
2811,2811,2026-09-12 09:32:20.747306,BANK_TRANSFER,3362.31,PENDING,960c05cd-2ad7-47bd-86a2-2cdadcd3cdcc
2812,2812,2026-01-17 21:35:40.533185,CARD,11715.86,SUCCESS,ca318a9c-3169-4269-bb5f-2193dac5fd5b
2813,2813,2026-07-05 10:10:21.087879,PAYPAL,3080.06,PENDING,e260039d-e03f-45f2-bdd4-22221b1e1933
2814,2814,2026-04-04 17:31:40.352610,CARD,10679.95,PENDING,cf868c17-4b57-466a-9b06-732e2f322e4d
2815,2815,2025-11-12 16:50:26.667213,PAYPAL,8883.03,FAILED,8abf04fc-f68e-46b1-983c-beb27737f7a7
2816,2816,2025-06-28 06:57:11.235627,PAYPAL,10268.18,SUCCESS,62801582-0e07-4ee9-8f16-77bd5ff1be59
2817,2817,2026-06-10 04:59:53.311582,CARD,5632.1,FAILED,990551c2-1732-42d6-8ef4-950ca7717fb2
2818,2818,2026-06-01 10:48:57.589043,PAYPAL,3217.42,SUCCESS,1dadf788-9411-4ac6-854e-412c9175d729
2819,2819,2025-07-11 21:37:30.255396,BANK_TRANSFER,7818.45,PENDING,b9599863-c8cf-4ccd-a01e-f41266b3335b
2820,2820,2025-09-23 14:53:09.822196,CARD,7510.39,PENDING,1eedacf0-5606-4905-9b32-a704e088c92b
2821,2821,2026-03-03 09:35:18.235873,CARD,6694.18,SUCCESS,cf80d214-bd5c-46eb-901f-638fabfde65e
2822,2822,2026-10-05 05:20:05.938572,CARD,139.83,PENDING,696ab0c0-938e-4f71-adbf-6896d5541438
2823,2823,2026-03-13 06:38:54.095489,BANK_TRANSFER,1996.31,FAILED,cb821063-6edf-4ba9-806d-345714dc2143
2824,2824,2026-09-07 09:24:41.593455,BANK_TRANSFER,11375.81,SUCCESS,8948db22-01fe-413a-bba7-ab2313a95b1e
2825,2825,2025-11-21 19:00:09.637196,PAYPAL,3750.9,PENDING,25c951cd-f2aa-4c2f-9c3d-e9624faa12c1
2826,2826,2026-06-04 11:57:53.299566,PAYPAL,373.09,FAILED,c04f8854-29b6-4f78-b506-d2113439d552
2827,2827,2026-07-04 23:17:37.553948,BANK_TRANSFER,7520.27,FAILED,e83c70f3-8ef9-44ef-9980-0e46f5501bdf
2828,2828,2026-08-29 15:11:46.783967,PAYPAL,1717.52,SUCCESS,fd3e1a29-ef8e-40ed-98f3-f743c80ab38b
2829,2829,2026-02-18 01:12:03.713960,PAYPAL,6965.19,PENDING,b3b5ecc8-e96a-4e81-ab1c-db377d8a9290
2830,2830,2025-04-01 11:24:33.079135,CARD,5653.99,SUCCESS,f67c9ca4-2758-448e-956f-49866c2d2f00
2831,2831,2026-07-27 20:40:12.227440,CARD,1537.58,SUCCESS,130075dc-23f7-4f8c-9012-60a735210f6c
2832,2832,2026-08-12 10:09:42.309633,PAYPAL,12349.66,PENDING,29c70a8b-5a5f-4687-9394-af394789f077
2833,2833,2026-10-01 08:12:36.214125,BANK_TRANSFER,8936.58,SUCCESS,f127baa7-df1c-428a-9002-76b60ac67e0d
2834,2834,2026-10-09 19:11:07.604609,BANK_TRANSFER,4568.19,PENDING,aa6cf97b-0a95-41e1-83e3-4297cef13f66
2835,2835,2026-01-30 17:56:30.741068,CARD,630.3,SUCCESS,7a5e3d52-3694-4aa7-93ac-082bfdf56e9f
2836,2836,2026-07-26 22:25:59.687633,BANK_TRANSFER,1855.41,FAILED,789f8ea5-edcd-4411-af85-b1e212b2dd75
2837,2837,2026-06-26 15:17:00.656315,PAYPAL,11613.95,SUCCESS,62a6bf49-5948-4c34-8e40-79cc85aba44d
2838,2838,2025-06-14 00:41:23.450317,BANK_TRANSFER,7164.52,FAILED,01c48783-8a78-41fe-8140-3fd872ef6cf9
2839,2839,2026-06-10 22:54:20.689718,BANK_TRANSFER,1993.75,PENDING,eb0b2a34-b0c4-4f67-917b-ab101b310631
2840,2840,2026-08-14 01:18:21.028089,PAYPAL,10666.36,SUCCESS,6a1d95f8-e7b5-44dd-ae6a-88c0fb4cdb43
2841,2841,2026-09-19 23:29:10.675117,CARD,3273.79,PENDING,086737c0-b887-41be-a19d-6a22bd9ba96b
2842,2842,2026-08-31 01:09:36.727140,BANK_TRANSFER,2718.8,SUCCESS,63699332-fea3-4c75-8f3e-60baeab6af14
2843,2843,2026-07-04 10:33:59.797648,BANK_TRANSFER,7849.21,FAILED,12cc7134-f175-40ac-9edf-87dad485d540
2844,2844,2026-09-29 04:09:45.666183,CARD,3285.38,PENDING,2b033fe6-17e2-4a93-ac7c-77c57d89fa69
2845,2845,2026-07-18 05:09:29.281863,PAYPAL,4631.39,PENDING,d4dab805-0c4e-427f-ae7e-c1b28deb0414
2846,2846,2026-03-13 23:58:56.296310,CARD,2228.67,FAILED,1f169d17-e633-4c81-94f5-5a5e8ac34aa0
2847,2847,2026-04-23 02:01:24.993598,PAYPAL,5127.14,PENDING,b5e06b0e-ab0d-4e8f-9d0c-ffdf21bb008f
2848,2848,2026-09-07 03:02:41.315142,PAYPAL,8072.27,PENDING,9d5530b0-adf6-4e2f-9ff2-ff433ae2be6d
2849,2849,2026-07-19 04:11:49.636110,CARD,7815.19,PENDING,0f2d73b9-3217-4c94-b8be-2f90ed1928e5
2850,2850,2025-11-19 01:02:51.399909,CARD,4705.8,FAILED,bedbb510-dff3-4bae-956e-71fb5b6ff793
2851,2851,2025-12-29 09:46:27.312957,PAYPAL,6562.78,FAILED,ea4f7c3b-b87c-442d-94af-e8b97ecd615b
2852,2852,2025-10-01 06:32:34.904917,PAYPAL,8552.96,PENDING,389e0e30-2690-4126-89bc-5d2c6ddf76ae
2853,2853,2025-08-19 14:05:05.499262,CARD,4549.42,PENDING,57418749-a9a9-4b2c-90e4-fd8a48d4445d
2854,2854,2026-04-23 06:59:57.755329,PAYPAL,7511.8,FAILED,8140d0ac-b001-4258-a879-98688e129cd6
2855,2855,2026-04-11 17:40:40.647134,PAYPAL,6695.89,SUCCESS,1aff217f-d0c1-41f7-98a7-12fbff16e0f0
2856,2856,2026-07-22 01:45:31.244558,BANK_TRANSFER,4388.2,PENDING,630c1495-b432-4034-952a-47ffe1a83962
2857,2857,2026-05-21 23:59:40.231402,BANK_TRANSFER,10783.09,SUCCESS,dc349f4d-6791-4507-8347-847b921abdc9
2858,2858,2026-02-15 13:26:47.384747,PAYPAL,6848.06,SUCCESS,07e53b1e-5bfb-40fe-89c7-f370f785e007
2859,2859,2025-10-01 22:00:10.547168,PAYPAL,6124.04,PENDING,c1292a5f-2417-4169-90aa-899c16cc39dd
2860,2860,2026-01-28 07:29:29.799862,BANK_TRANSFER,15551.46,PENDING,0181bad1-6c14-4f57-8ae8-42d337974beb
2861,2861,2026-04-07 19:48:45.285109,BANK_TRANSFER,8853.92,FAILED,c6a63c6b-462a-429d-8938-d3fe67aaaf94
2862,2862,2025-08-25 04:22:34.117773,CARD,4598.89,SUCCESS,c4c82b2b-8e8a-474d-a3d4-3569b064b420
2863,2863,2025-10-22 23:48:50.633338,BANK_TRANSFER,12186.28,PENDING,cea97194-cbd6-4e75-bf45-4da8414ecf02
2864,2864,2026-06-08 20:28:41.259337,PAYPAL,10116.12,PENDING,b3937d02-8a86-4900-a05e-8dcd0ae15add
2865,2865,2026-09-24 19:30:26.374159,CARD,3737.84,FAILED,1a2a3a8e-e833-4ef3-bfe3-5f299c769b42
2866,2866,2025-08-25 19:10:08.567987,PAYPAL,2020.32,SUCCESS,d73d5f9a-8d43-49db-8640-6b52cdefeef2
2867,2867,2025-11-03 14:50:33.314694,BANK_TRANSFER,9912.46,SUCCESS,437c14e2-535f-4ac6-905d-41d86cc31b4a
2868,2868,2026-04-04 10:44:57.914896,CARD,2967.47,FAILED,d1fa64af-07a3-47aa-9a36-af40e01273d7
2869,2869,2026-03-19 00:59:47.836527,PAYPAL,13578.61,FAILED,d9824862-cfc2-4217-ae1b-545097330a45
2870,2870,2026-04-29 09:26:01.731663,PAYPAL,8047.69,PENDING,806273b3-e966-4f6c-a89f-5c90d42161da
2871,2871,2025-11-13 15:13:01.587496,BANK_TRANSFER,685.09,PENDING,f1d5892b-b13b-482c-a1b7-4887d3e3ded4
2872,2872,2026-01-28 01:15:14.082328,CARD,1519.93,PENDING,98185097-6ea4-4dc0-a5fb-e36d5729b73b
2873,2873,2026-07-18 23:26:46.165974,BANK_TRANSFER,3022.58,PENDING,8bdfb17e-a33e-4ffc-9e44-d271af2b7783
2874,2874,2026-09-04 23:14:59.040156,CARD,12920.66,FAILED,0a662d29-a763-435a-924d-bb78592fe7a3
2875,2875,2026-07-10 01:03:08.883530,BANK_TRANSFER,1603.19,FAILED,4630a296-fb98-49a5-9bbf-5afa2443cd79
2876,2876,2026-09-07 16:39:26.119323,CARD,5241.9,FAILED,a86dca1c-9e60-4ed2-aa47-a2ff24a09319
2877,2877,2025-02-16 01:40:21.239597,PAYPAL,7776.83,SUCCESS,ee0ec269-744d-401f-9bed-1b489ecbda14
2878,2878,2026-08-31 14:10:53.419357,CARD,9977.59,PENDING,6e5b285a-e85f-48bc-b16c-8cdda689f32c
2879,2879,2026-08-07 16:54:54.956000,BANK_TRANSFER,9466.62,PENDING,c2d72b23-acaa-49bd-b0c6-dff3d914b16d
2880,2880,2026-08-16 08:24:20.872920,BANK_TRANSFER,4291.49,PENDING,c0b42d73-67ff-4b9f-b442-7a1849a3be24
2881,2881,2026-09-04 14:08:36.390478,BANK_TRANSFER,8566.21,PENDING,ce71adf2-99be-4842-a0cd-99f115e8434a
2882,2882,2026-08-22 23:21:05.745785,CARD,4391.1,FAILED,f02aeb0c-6407-4fee-9881-836e0b7e51dd
2883,2883,2026-07-20 10:09:39.364982,PAYPAL,7456.96,PENDING,8641768f-2394-43aa-bed0-81dc49230cf8
2884,2884,2026-10-11 02:32:02.571604,BANK_TRANSFER,5061.82,SUCCESS,fd3e1424-782b-46f4-9f9b-41d4669e61ed
2885,2885,2025-11-18 14:20:49.725370,PAYPAL,6322.7,PENDING,84ccf931-e3e0-44c5-a015-4a17b652b9ef
2886,2886,2026-06-17 02:31:37.581183,BANK_TRANSFER,5894.3,SUCCESS,f7517a85-227f-4556-83aa-bface819562b
2887,2887,2026-09-16 22:48:40.389275,CARD,1295.22,FAILED,9bd70f62-2125-4b1f-a32d-fd91afb6b357
2888,2888,2026-08-20 02:44:15.211973,PAYPAL,422.3,PENDING,1ef736ef-15b5-4b61-a359-812cf5129698
2889,2889,2026-08-30 12:20:14.874577,PAYPAL,13540.37,FAILED,b81ae4a3-c4cb-4c68-a319-594f630ee896
2890,2890,2026-06-06 01:22:22.024662,PAYPAL,7695.52,SUCCESS,308c4fb3-c49b-4bd6-8204-4acf6f75793a
2891,2891,2026-01-22 19:05:27.127226,PAYPAL,4268.0,FAILED,ced36e66-4523-4269-a0a2-2ec985a7e996
2892,2892,2026-10-05 22:03:16.854064,BANK_TRANSFER,5847.66,FAILED,eae097c7-9830-4432-8c63-64e8e04a01d2
2893,2893,2026-08-24 09:21:22.307570,PAYPAL,14973.98,FAILED,7bad8bc6-69be-4492-acd4-d717c93de1dd
2894,2894,2026-10-09 06:45:39.035428,CARD,4302.19,PENDING,60e3fe8d-5e9c-45c3-a555-61161ffbcde6
2895,2895,2025-06-23 15:36:32.500893,CARD,4674.57,PENDING,d24f2357-7db6-4b75-befa-9c6d7f651d8a
2896,2896,2026-06-12 16:30:52.823604,PAYPAL,4405.26,PENDING,e597b225-101a-42f7-a87b-ac090b785ac8
2897,2897,2025-12-04 19:30:56.480182,BANK_TRANSFER,2888.9,SUCCESS,21d3b8f2-f3ac-45cb-bf4b-24b9ef4c37d0
2898,2898,2026-05-06 10:41:38.744248,PAYPAL,3977.26,SUCCESS,52818ec0-25c3-479e-b014-6b37b7801b06
2899,2899,2026-02-14 15:02:11.564553,CARD,11230.85,PENDING,57178768-33fc-4d7d-b605-aa9c2de75a92
2900,2900,2026-08-22 06:28:37.068177,PAYPAL,3311.38,SUCCESS,d4c5be4f-63e9-47bf-be26-4712d3eaf226
2901,2901,2025-09-03 23:48:33.070392,PAYPAL,2739.15,SUCCESS,d6403804-bec0-407e-922e-f65685602eef
2902,2902,2026-09-30 19:14:56.297127,PAYPAL,3775.22,FAILED,63f66d73-99a6-4e70-8f14-0eba9e8a8597
2903,2903,2026-08-07 01:21:25.901499,PAYPAL,10431.09,PENDING,5ca9c5e3-1ba5-4b9b-ae04-47a773dea7c2
2904,2904,2026-09-26 12:35:33.316756,BANK_TRANSFER,9284.16,SUCCESS,26736d23-c5d0-40ac-96e8-1bc30e7b10d3
2905,2905,2026-04-19 12:20:09.743300,BANK_TRANSFER,6907.68,SUCCESS,e5a7f50b-bb6e-4ec1-a87f-50875c27af1c
2906,2906,2025-10-24 17:43:32.344627,CARD,5615.98,PENDING,303c264a-1670-4a16-847d-a2f032fff51f
2907,2907,2026-05-07 16:09:06.944076,PAYPAL,6014.86,FAILED,eb2592b9-5f18-43b1-85ae-940083d95e36
2908,2908,2026-03-28 09:01:22.139914,PAYPAL,4125.31,SUCCESS,d44e6215-f5ef-4ebd-9cd4-a2865452b711
2909,2909,2026-06-24 16:39:46.281446,BANK_TRANSFER,3138.37,PENDING,3e00d86f-263f-4921-a9f4-25c249c4869a
2910,2910,2025-12-07 16:37:13.016763,PAYPAL,768.79,SUCCESS,1fa2e8fc-b60b-499a-b7c3-9b3fb9c1035c
2911,2911,2025-05-22 06:21:26.444190,BANK_TRANSFER,10595.4,SUCCESS,ebde0a19-259a-4037-a218-d79115cf7f1a
2912,2912,2026-08-26 07:08:58.468996,PAYPAL,4386.09,PENDING,e39c71a8-4215-4a6e-aa9a-5102455791ab
2913,2913,2026-07-05 07:31:29.726523,PAYPAL,3912.24,SUCCESS,d07b9193-caf6-4e8b-9be7-9c70b9bcd304
2914,2914,2025-11-30 01:13:35.996688,CARD,6757.98,PENDING,133a121f-cc7d-4df2-a403-4ac1b2c70488
2915,2915,2026-07-10 19:55:35.913614,PAYPAL,10587.53,SUCCESS,89caa69d-e741-419d-8eb4-c02507ed9338
2916,2916,2026-09-14 22:37:22.395190,CARD,8884.76,PENDING,43e6b71f-38f2-40b1-8312-04ff7c484136
2917,2917,2026-04-06 15:43:49.336139,BANK_TRANSFER,15112.97,SUCCESS,ae505fe7-3263-4e85-9bad-b28bcce44ed9
2918,2918,2026-08-12 18:44:55.271235,PAYPAL,10058.72,FAILED,7b519270-d5a0-4a4d-a03e-50b9773001f3
2919,2919,2026-05-14 13:07:52.235667,BANK_TRANSFER,705.24,PENDING,dfb5ff86-b06d-40d5-a6b0-7bc18b430745
2920,2920,2025-07-21 14:17:25.112713,BANK_TRANSFER,2660.84,SUCCESS,ed8f75ba-18bf-4a71-a609-d490c19e8315
2921,2921,2025-04-10 14:56:40.450015,BANK_TRANSFER,9804.38,FAILED,3a63d868-25b3-4572-87e9-4db8ee392fb7
2922,2922,2026-04-29 12:06:49.733106,BANK_TRANSFER,3332.58,FAILED,90db83f6-f0b8-47f4-9f69-d8457df95cb3
2923,2923,2026-10-02 23:35:31.475901,PAYPAL,3669.74,PENDING,14affcd7-845d-4f4f-beef-6c30e6b520f5
2924,2924,2025-12-22 01:37:07.856961,PAYPAL,10955.11,SUCCESS,0aea1ae2-f5ca-4a0f-83f7-5276a7346b26
2925,2925,2026-08-26 23:45:50.838912,BANK_TRANSFER,4844.61,SUCCESS,dc8c456b-268d-4887-a203-8741911ddf90
2926,2926,2025-11-16 09:41:30.236415,BANK_TRANSFER,2634.48,SUCCESS,fe4e1e82-5803-43d6-a88c-e566f932520a
2927,2927,2025-11-01 11:44:58.957607,CARD,4391.15,PENDING,ce37626d-c13b-4b6a-9dd6-5ae9c5b92e88
2928,2928,2026-04-25 22:12:54.160932,CARD,6506.94,SUCCESS,5c93408a-551e-466f-ade5-786b37903886
2929,2929,2026-01-02 12:01:34.333343,CARD,3406.94,SUCCESS,c6bbb861-4840-4e5d-b8ef-7418739fe470
2930,2930,2026-10-08 17:30:59.779905,BANK_TRANSFER,5682.64,SUCCESS,6ac14433-20a3-4dfd-9de9-57c758c9af23
2931,2931,2026-03-10 09:07:16.605662,PAYPAL,8238.83,PENDING,85ce4148-8094-4d76-8cee-122eb3c8100a
2932,2932,2026-09-30 21:40:54.732016,CARD,7396.8,SUCCESS,c1d78eda-bfbd-4269-b207-27ab24c9ec0e
2933,2933,2026-10-14 07:42:53.906043,BANK_TRANSFER,2126.62,PENDING,50877a24-262b-4255-a060-17e4d2ef5ed9
2934,2934,2025-08-17 07:17:18.107157,PAYPAL,5564.07,PENDING,a3af5ce5-20d5-4f28-af88-afbfbf733ae5
2935,2935,2026-06-15 04:48:40.923082,CARD,6942.38,FAILED,e6273e93-114e-495b-9de3-a9a053b20d16
2936,2936,2026-06-06 07:29:38.197077,PAYPAL,10038.61,SUCCESS,c1d9a1f3-8e9e-453a-adf7-dcd286c1466c
2937,2937,2025-07-15 20:12:51.589974,BANK_TRANSFER,10445.23,SUCCESS,fc22b9c7-0bca-4fe1-94c4-321c06764712
2938,2938,2025-08-16 07:47:07.397052,PAYPAL,606.33,PENDING,8dd42f36-3afb-4430-9d92-f083561eedeb
2939,2939,2026-08-06 00:13:17.175474,BANK_TRANSFER,1944.9,PENDING,78c31b00-f651-45eb-82c2-c47f2fcac74f
2940,2940,2025-10-13 09:22:40.000477,PAYPAL,2762.16,SUCCESS,658ecb2a-70fe-4439-8312-27ecfcacc795
2941,2941,2026-06-24 15:00:00.198519,CARD,6452.22,SUCCESS,b5663d62-60fd-444f-aa42-cb5161336c44
2942,2942,2026-05-12 18:16:58.817019,CARD,3731.65,SUCCESS,f84953db-8bc5-4937-8a53-6fb520e5a4cd
2943,2943,2026-04-16 18:23:12.664857,PAYPAL,419.36,PENDING,d3ea6a30-b240-4040-b4ee-d4435229f835
2944,2944,2026-03-21 07:55:31.562979,CARD,10892.61,SUCCESS,211f2c82-aa45-4aab-b913-d61f143b5685
2945,2945,2025-11-14 21:41:51.096015,BANK_TRANSFER,15202.16,PENDING,127f5138-3525-4edc-903b-5f3f78fece7f
2946,2946,2026-07-21 01:43:22.324069,CARD,4882.79,FAILED,e94b5574-b77f-4264-b713-f2acd2512894
2947,2947,2025-12-11 02:18:30.986570,CARD,6954.75,SUCCESS,1a4c0d23-3088-4587-9aab-5c3c5c22e9c1
2948,2948,2025-10-14 22:26:13.891693,CARD,9110.86,FAILED,6568ef8d-22e2-44bf-b597-d341c004496a
2949,2949,2026-03-21 16:40:05.009622,BANK_TRANSFER,6600.52,SUCCESS,7b1364e7-08d2-4dca-a7a3-9446a81b540e
2950,2950,2026-07-22 01:07:49.129552,CARD,738.84,SUCCESS,150b070a-f0c9-4c94-a602-a5e4b63d4413
2951,2951,2025-12-20 10:09:43.104336,PAYPAL,6788.49,SUCCESS,00f88e18-3849-406d-8369-77caf466e6de
2952,2952,2026-03-02 13:59:25.547410,PAYPAL,3250.86,PENDING,633fa225-ce26-42a3-83e5-cd741f2d0d95
2953,2953,2026-04-19 01:17:12.492856,BANK_TRANSFER,6943.74,FAILED,24702c21-5b00-4696-8941-831cec069596
2954,2954,2026-05-13 06:54:47.941829,CARD,6991.71,FAILED,ee6e8127-61c7-4e0d-98f5-ea19de0511ea
2955,2955,2025-09-16 04:51:56.979794,BANK_TRANSFER,2432.24,PENDING,456ebc27-4fd7-4cd2-b61b-be02b5342b64
2956,2956,2026-10-12 02:56:12.511019,PAYPAL,6274.8,FAILED,cbb2c634-985c-4a31-91b2-578836aa227d
2957,2957,2026-05-01 04:45:31.233608,CARD,1956.42,FAILED,1f5af8fb-cf8e-43cd-98c0-53dd7a9444d1
2958,2958,2026-09-02 19:25:05.679857,BANK_TRANSFER,5301.51,PENDING,d1958680-3a22-452f-ba0e-5cb85cc7dbd1
2959,2959,2026-02-01 10:11:34.577290,PAYPAL,2761.66,SUCCESS,eece65eb-94a4-4039-8915-f03146d10e56
2960,2960,2026-02-02 05:00:07.865000,BANK_TRANSFER,5068.89,FAILED,9d81f2e6-d78d-44c1-aea0-77a79f49e457
2961,2961,2026-02-18 19:29:53.962451,PAYPAL,5859.39,PENDING,0bb386db-c000-4895-8670-443c179cb4b9
2962,2962,2026-09-10 12:37:19.662240,CARD,11955.56,PENDING,39edeb7a-4d73-4fb7-a218-21b2cab4f0e6
2963,2963,2026-09-26 15:16:21.306484,PAYPAL,7018.32,FAILED,5d428a45-7f0f-45c1-9982-af3b998992f8
2964,2964,2026-08-03 18:04:33.547694,PAYPAL,1425.57,PENDING,d0502584-5b1f-4387-b375-c7a28af0dd8d
2965,2965,2026-02-03 12:58:57.047660,BANK_TRANSFER,1146.86,FAILED,bbd1414b-119e-43e6-a07c-723969d1ae79
2966,2966,2026-03-18 06:07:47.305856,PAYPAL,1784.16,PENDING,eebe508e-d67e-4e34-97a2-4d7781afc5fe
2967,2967,2026-07-14 22:08:02.415793,PAYPAL,797.16,FAILED,b5e6e989-f2b2-49fc-8dbe-742b6749de8d
2968,2968,2026-10-14 08:02:44.011989,CARD,4813.43,PENDING,1d9832e1-217e-42e6-a1f5-6571cf1a7d16
2969,2969,2025-12-19 11:34:55.932873,PAYPAL,3228.58,PENDING,9b64a4b5-7fc7-4581-a748-433e973c45bb
2970,2970,2025-10-29 19:12:56.112917,PAYPAL,8709.65,SUCCESS,eb1679f4-fa46-4054-afe6-1bfa74d2feb6
2971,2971,2025-11-04 01:22:54.748608,PAYPAL,828.78,PENDING,49d8e8e0-e72c-4890-bdb5-12b320a801b8
2972,2972,2026-06-01 15:06:09.539515,PAYPAL,174.36,FAILED,35ed8ef2-eb79-47b1-b3dc-284b0b877e53
2973,2973,2025-07-21 23:59:01.102695,PAYPAL,7929.78,SUCCESS,3aa711b5-2fab-4638-aad9-5bc429016ef3
2974,2974,2026-07-23 17:57:43.257529,PAYPAL,10820.26,FAILED,0a7c2c59-8e87-4678-8398-09a1524d5da7
2975,2975,2026-09-23 18:08:45.449038,BANK_TRANSFER,6918.26,SUCCESS,7351eee7-4a32-4e25-8387-174370607689
2976,2976,2026-05-14 06:04:26.080740,PAYPAL,10171.71,FAILED,bb5997d6-4fec-40b0-bb06-02721e1eece0
2977,2977,2026-09-28 16:07:01.072467,BANK_TRANSFER,7090.5,FAILED,867e053b-e733-4031-a0bd-6240bce0c907
2978,2978,2025-11-12 17:23:24.156787,BANK_TRANSFER,642.53,PENDING,4f457b51-769c-417f-8e3a-33006576b940
2979,2979,2026-02-25 07:52:16.915925,BANK_TRANSFER,3786.18,FAILED,417e9ecb-7f12-42f2-9bc6-d4a9b91a44cd
2980,2980,2025-05-19 03:26:38.465001,PAYPAL,3981.02,PENDING,628f17ea-6716-45cf-b89f-41c4049b91b0
2981,2981,2026-08-24 19:59:25.362143,CARD,6616.86,PENDING,5a6ebd21-c327-4a76-bb65-558fff7e0cbe
2982,2982,2026-08-08 09:52:40.116608,BANK_TRANSFER,373.59,FAILED,7304109b-f78b-41c1-ac15-f7e300f491a5
2983,2983,2026-07-03 14:58:25.965212,BANK_TRANSFER,11253.43,SUCCESS,dad4a6f3-297c-42fa-a3a5-dff7b7907fb4
2984,2984,2026-10-11 11:49:12.411734,PAYPAL,8201.98,PENDING,dd8e877b-1ec1-46f0-a797-7a27da3d6f2a
2985,2985,2026-10-01 13:24:11.484513,BANK_TRANSFER,1192.11,SUCCESS,89ec92dc-a51f-4440-affc-140cc995e892
2986,2986,2026-07-20 14:47:29.361161,BANK_TRANSFER,5449.89,FAILED,3668257d-ed8c-47b7-9438-ebbe94be482c
2987,2987,2026-09-06 06:21:41.654014,BANK_TRANSFER,11229.65,PENDING,f558d6ea-dd7e-4333-aa53-990d80e1caa2
2988,2988,2026-07-07 11:26:47.550680,PAYPAL,6340.36,PENDING,42f7814f-ca46-4dac-8e3b-9ad77b132d39
2989,2989,2026-06-04 10:17:20.384810,CARD,5167.42,FAILED,b5542048-42ec-421c-ad39-b3262237c214
2990,2990,2026-08-04 22:02:38.582581,PAYPAL,4571.44,SUCCESS,d9b98cfa-3293-41a6-b4bb-caa0994430b6
2991,2991,2025-11-16 13:26:24.756200,PAYPAL,5260.77,FAILED,5c32ffcc-c77c-45e9-b8cf-ea4e4ca32449
2992,2992,2026-05-07 00:13:55.121635,PAYPAL,4720.11,PENDING,91e64a90-6e4e-484f-96a9-b899ff9096f4
2993,2993,2025-11-21 23:03:13.160569,PAYPAL,5788.88,SUCCESS,66fce431-e66f-4dbc-8964-1f53c2af7bab
2994,2994,2025-09-23 18:51:51.245298,CARD,11833.94,SUCCESS,e32f8cf9-084f-464a-a5a7-dc37f7748fd7
2995,2995,2026-09-20 13:02:55.576489,BANK_TRANSFER,7445.33,FAILED,18313337-3b4a-4edf-bd10-c3f35a314851
2996,2996,2025-11-28 14:04:00.810431,PAYPAL,2194.32,FAILED,43be644f-ea05-4652-a747-4ee9409b9de5
2997,2997,2026-06-29 21:49:13.632594,BANK_TRANSFER,6308.76,FAILED,ba1cf2b3-cfb6-4b2a-8563-9b3f570da126
2998,2998,2026-07-23 02:37:46.420131,CARD,3188.42,PENDING,1771490a-8ffa-4d2b-bfea-1eeae0d70d92
2999,2999,2025-09-06 13:52:02.224145,BANK_TRANSFER,12243.09,FAILED,fb401b2d-4f2d-4d1e-a867-24808556bc95
3000,3000,2026-08-22 03:30:51.943290,CARD,9414.44,SUCCESS,276ddecf-191b-43ae-99fa-ddad6ed8e449
